6F6510,6F6510.jpg
6F6527,6F6527.jpg
6F6530,6F6530.jpg
6F6538,6F6538.jpg
6PT1280,6PT1280.jpg
6PT1281,6PT1281.jpg
6T1922,6T1922.jpg
6T1923,6T1923.jpg
6T1924,6T1924.jpg
6T1925,6T1925.jpg
6W2964,6W2964.jpg
6WH864,6WH864.jpg
7D5009,7D5009.jpg
7D5010,7D5010.jpg
7D5014,7D5014.jpg
7D5015,7D5015.jpg
7D5021,7D5021.jpg
7D5026,7D5026.jpg
7D5027,7D5027.jpg
7D5028,7D5028.jpg
7D5029,7D5029.jpg
7D5054,7D5054.jpg
7D5055,7D5055.jpg
7D5068,7D5068.jpg
7D5069,7D5069.jpg
7D5070,7D5070.jpg
7D5071,7D5071.jpg
7D5091,7D5091.jpg
7D5092,7D5092.jpg
7D5100,7D5100.jpg
7D5101,7D5101.jpg
7F6456,7F6456.jpg
7F6458,7F6458.jpg
7F6469,7F6469.jpg
7F6470,7F6470.jpg
7F6472,7F6472.jpg
7F6475,7F6475.jpg
7F6489,7F6489.jpg
7F6491,7F6491.jpg
7F6495,7F6495.jpg
7F6496,7F6496.jpg
7F6501,7F6501.jpg
7F6503,7F6503.jpg
7F6507,7F6507.jpg
7F6508,7F6508.jpg
7F6555,7F6555.jpg
7RS888,7RS888.jpg
7RS889,7RS889.jpg
7RS890,7RS890.jpg
7T1876,7T1876.jpg
7T1877,7T1877.jpg
7T1878,7T1878.jpg
7T1937,7T1937.jpg
7W3022,7W3022.jpg
7W3046,7W3046.jpg
7w3011,7w3011.jpg
7w3012,7w3012.jpg
7w3013,7w3013.jpg
7w3019,7w3019.jpg
8D5073,8D5073.jpg
8D5074,8D5074.jpg
8D5075,8D5075.jpg
8D5076,8D5076.jpg
8D5077,8D5077.jpg
8D5078,8D5078.jpg
8D5080,8D5080.jpg
8F6542,8F6542.jpg
8G0295,8G0295.jpg
8G0296,8G0296.jpg
8G0298,8G0298.jpg
8G0299,8G0299.jpg
8ML0402,8ML0402.jpg
8P5911,8P5911.jpg
8P5912,8P5912.jpg
8P5913,8P5913.jpg
8P5914,8P5914.jpg
8PT1248,8PT1248.jpg
8PT1256,8PT1256.jpg
8PT1257,8PT1257.jpg
8PT1258,8PT1258.jpg
8PT1259,8PT1259.jpg
8PT1260,8PT1260.jpg
8PT1261,8PT1261.jpg
8PT1262,8PT1262.jpg
8PT1268,8PT1268.jpg
8PT1269,8PT1269.jpg
8PT1271,8PT1271.jpg
8PT1274,8PT1274.jpg
8PT1275,8PT1275.jpg
8PT1276,8PT1276.jpg
8PT1289,8PT1289.jpg
8PT1290,8PT1290.jpg
8PT1291,8PT1291.jpg
8T1740,8T1740.jpg
8T1743,8T1743.jpg
8T1768,8T1768.jpg
8T1769,8T1769.jpg
8T1770,8T1770.jpg
8T1771,8T1771.jpg
8T1785,8T1785.jpg
8T1786,8T1786.jpg
8T1792,8T1792.jpg
8T1793,8T1793.jpg
8T1794,8T1794.jpg
8T1797,8T1797.jpg
8T1798,8T1798.jpg
8T1799,8T1799.jpg
8T1802,8T1802.jpg
8T1803,8T1803.jpg
8T1806,8T1806.jpg
8T1808,8T1808.jpg
8T1809,8T1809.jpg
8T1810,8T1810.jpg
8T1823,8T1823.jpg
8T1824,8T1824.jpg
8T1879,8T1879.jpg
8T1880,8T1880.jpg
8T1888,8T1888.jpg
8T1889,8T1889.jpg
8T1890,8T1890.jpg
8T1905,8T1905.jpg
8T1906,8T1906.jpg
8g0294,8g0294.jpg
8rs854,8rs854.jpg
8rs855,8rs855.jpg
8w2849,8w2849.jpg
8w2898,8w2898.jpg
8w2899,8w2899.jpg
8w2905,8w2905.jpg
8w2906,8w2906.jpg
8w2907,8w2907.jpg
8w2908,8w2908.jpg
8w2909,8w2909.jpg
8w2910,8w2910.jpg
8w2921,8w2921.jpg
8w2922,8w2922.jpg
8w2929,8w2929.jpg
8w2930,8w2930.jpg
8w2931,8w2931.jpg
8w2932,8w2932.jpg
8w2937,8w2937.jpg
8w2938,8w2938.jpg
8w2939,8w2939.jpg
8w2940,8w2940.jpg
8w2943,8w2943.jpg
8w2944,8w2944.jpg
8w2945,8w2945.jpg
8w2946,8w2946.jpg
8w2999,8w2999.jpg
8w3000,8w3000.jpg
8w3001,8w3001.jpg
8w3031,8w3031.jpg
8w3032,8w3032.jpg
8w3033,8w3033.jpg
