Marriage Teaches You ..... 4x4x2 Block Shelf Sitter,Marriage Teaches You ..... 4x4x2 Block Shelf Sitter,,"Funny, humorous block shelf sitter.   #BL  1002

Marriage teaches you a lot about yourself.
For instance I've learned I don't need to use so
many paper towels and they're expensive.

Made in the USA
Made of MDF Wood.
Measures 4x4x2",,,,,,,1,$8.95 ,,,,,1,badbunny400,badbunny160,"https://img1.wsimg.com/isteam/ip/d60a8e97-8bec-436a-acdb-1f4df800ed0b/1002.jpg/:/rs=w:1064,h:1064","rs=w:1064,h:1064",,,badbunny800,"rs=w:1064,h:1064"
,,,,,,,,,,,,,,,,,,,,,,,,
Bee Watercolor Cork Back Drink Coasters ~ Set of 4 ~ 4 x 4in. ~,Bee Watercolor Cork Back Drink Coasters ~ Set of 4 ~ 4 x 4in. ~,,"Bee Watercolor Cork Back Drink Coasters ~ Set of ~ 4in. x 4in.

Our coasters are a cute way to display your personal style while protecting your furniture. They are a complement to any table or surface. Perfect for hot or cold drinks.
Measures 4'x4'
High gloss finish and a non-skid cork backing. Wipe clean.",,,,,,,1,$7.95 ,,,,,1,badbunny400,badbunny160,"https://img1.wsimg.com/isteam/ip/d60a8e97-8bec-436a-acdb-1f4df800ed0b/ols/1072.jpg/:/rs=w:1064,h:1064","rs=w:1064,h:1064",,,badbunny800,"rs=w:1064,h:1064"
,,,,,,,,,,,,,,,,,,,,,,,,
Adulting Is... Cork Back Drink Coasters ~ Set of 4 ~ 4 x 4in. ~,Adulting Is... Cork Back Drink Coasters ~ Set of 4 ~ 4 x 4in. ~,,"Adulting Is... Cork Back Drink Coasters ~ Set of ~ 4in. x 4in.

Our coasters are a cute way to display your personal style while protecting your furniture. They are a complement to any table or surface. Perfect for hot or cold drinks.
Measures 4'x4'
High gloss finish and a non-skid cork backing. Wipe clean.",,,,,,,1,$7.95 ,,,,,1,badbunny400,badbunny160,"https://img1.wsimg.com/isteam/ip/d60a8e97-8bec-436a-acdb-1f4df800ed0b/ols/1102.jpg/:/rs=w:1064,h:1064","rs=w:1064,h:1064",,,badbunny800,"rs=w:1064,h:1064"
,,,,,,,,,,,,,,,,,,,,,,,,
Scary Black Cat Head And Pumpkin Metal Sign ~ 12x8 ~ Set of 3,Scary Black Cat Head And Pumpkin Metal Sign ~ 12x8 ~ Set of 3,,"Scary Black Cat Head And Pumpkin Metal Sign ~ 12x8 ~ Set of 3

Heavy Gauge Sublimated Aluminum
Measures 12in x 8in
Holes in all four corners for ease of wall placement. Can also be displayed on a tabletop with an easel. 
*Easel not included
**Sale is for Metal Sign ONLY

Made in U.S.A.

Please ask any and all questions before purchase.

Thank you,
Bad Bunny Designs",,,,,,,1,$20.85 ,,,,,1,badbunny400,badbunny160,"https://img1.wsimg.com/isteam/ip/d60a8e97-8bec-436a-acdb-1f4df800ed0b/ols/TS2245%20Scary%20Black%20Cat%20Head%20With%20Pumpkin.JPG/:/rs=w:1064,h:1064","rs=w:1064,h:1064",,,badbunny800,"rs=w:1064,h:1064"
,,,,,,,,,,,,,,,,,,,,,,,,
L O V E Valentine Garden Flag ~ Wholesale Package of 3 flags,L O V E Valentine Garden Flag ~ Wholesale Package of 3 flags,,"L O V E  Valentine's Day Flag


Wholesale package of three flags  $5.95 each
12 x 18  250g Dye-Sublimated Printing
Double Sided;  Image is readable on both sides.
Double stitched edges with rod pocket at the top for hanging
Our flags are heavy and flow nicely in the breeze but yet are still soft to the touch.
Moisture resistant.   Fade resistant.  But lasts longer in shade and if sprayed with UV protectant.
Badbunnydesigns",,,,,,,1,$17.85 ,,,,,1,badbunny400,badbunny160,"https://img1.wsimg.com/isteam/ip/d60a8e97-8bec-436a-acdb-1f4df800ed0b/ols/5005%20pole.jpg/:/rs=w:1064,h:1064","rs=w:1064,h:1064",,,badbunny800,"rs=w:1064,h:1064"
,,,,,,,,,,,,,,,,,,,,,,,,
Happy Father's Day Garden Flag = Wholesale Package of Three Flags,Happy Father's Day Garden Flag = Wholesale Package of Three Flags,,"Happy Father's Wholesale pack of three flags.   Price for each flag is $5.95
Suggested retail is $12.95 to $14.95 depending on your area.

Standard 8x12 Garden Flag
Double Sided with sun block sheet in between.
Fully readable on both sides.
Double stitched on three sides with standard rod pocket at the top.
250g Dye Sublimated Polyester.
Heavy but soft to the touch.
Weather Resistant.  Fade Resistant.**
**Flags will last longer if not in direct sunlight.   If needed spray with a UV Protectant each season.Grilling Garden Flag ",,,,,,,1,$17.85 ,,,,,1,badbunny400,badbunny160,"https://img1.wsimg.com/isteam/ip/d60a8e97-8bec-436a-acdb-1f4df800ed0b/ols/5013%20pole%20(2).jpg/:/rs=w:1064,h:1064","rs=w:1064,h:1064",,,badbunny800,"rs=w:1064,h:1064"
,,,,,,,,,,,,,,,,,,,,,,,,
Valentine Flower Market Metal Sign ~ 12x8 ~ Set of 3,Valentine Flower Market Metal Sign ~ 12x8 ~ Set of 3,,"Valentine Flower Market Metal Sign ~ 12x8 ~ Set of 3

Heavy Gauge Sublimated Aluminum
Measures 12in x 8in
Holes in all four corners for ease of wall placement. Can also be displayed on a tabletop with an easel. 
*Easel not included
**Sale is for Metal Sign ONLY

Made in U.S.A.

Please ask any and all questions before purchase.

Thank you,
Bad Bunny Designs",,,,,,,1,$20.85 ,,,,,1,badbunny400,badbunny160,"https://img1.wsimg.com/isteam/ip/d60a8e97-8bec-436a-acdb-1f4df800ed0b/ols/TS2106%20Valentine%20Flower%20Market.JPG/:/rs=w:1064,h:1064","rs=w:1064,h:1064",,,badbunny800,"rs=w:1064,h:1064"
,,,,,,,,,,,,,,,,,,,,,,,,
Welcome Sunflowers Metal Sign ~ 12x8 ~ Set of 3,Welcome Sunflowers Metal Sign ~ 12x8 ~ Set of 3,,"Welcome Sunflowers Metal Sign ~ 12x8 ~ Set of 3

Heavy Gauge Sublimated Aluminum
Measures 12in x 8in
Holes in all four corners for ease of wall placement. Can also be displayed on a tabletop with an easel. 
*Easel not included
**Sale is for Metal Sign ONLY

Made in U.S.A.

Please ask any and all questions before purchase.

Thank you,
Bad Bunny Designs",,,,,,,1,$20.85 ,,,,,1,badbunny400,badbunny160,"https://img1.wsimg.com/isteam/ip/d60a8e97-8bec-436a-acdb-1f4df800ed0b/ols/TS2208%20Welcome%20Sunflowers.JPG/:/rs=w:1064,h:1064","rs=w:1064,h:1064",,,badbunny800,"rs=w:1064,h:1064"
,,,,,,,,,,,,,,,,,,,,,,,,
Highland Cow with Sunflowers and Boots Cork Back Drink Coasters ~ Set of 4 ~ 4 x 4in. ~,Highland Cow with Sunflowers and Boots Cork Back Drink Coasters ~ Set of 4 ~ 4 x 4in. ~,,"Highland Cow with Sunflowers and Boots Cork Back Drink Coasters ~ Set of ~ 4in. x 4in.

Our coasters are a cute way to display your personal style while protecting your furniture. They are a complement to any table or surface. Perfect for hot or cold drinks.
Measures 4'x4'
High gloss finish and a non-skid cork backing. Wipe clean.",,,,,,,1,$7.95 ,,,,,1,badbunny400,badbunny160,"https://img1.wsimg.com/isteam/ip/d60a8e97-8bec-436a-acdb-1f4df800ed0b/ols/1167.jpg/:/rs=w:1064,h:1064","rs=w:1064,h:1064",,,badbunny800,"rs=w:1064,h:1064"
,,,,,,,,,,,,,,,,,,,,,,,,
Ball Jar With Holly And Joy Tag Metal Sign ~ 12x8 ~ Set of 3,Ball Jar With Holly And Joy Tag Metal Sign ~ 12x8 ~ Set of 3,,"Ball Jar With Holly And Joy Tag Metal Sign ~ 12x8 ~ Set of 3

Heavy Gauge Sublimated Aluminum
Measures 12in x 8in
Holes in all four corners for ease of wall placement. Can also be displayed on a tabletop with an easel. 
*Easel not included
**Sale is for Metal Sign ONLY

Made in U.S.A.

Please ask any and all questions before purchase.

Thank you,
Bad Bunny Designs",,,,,,,1,$20.85 ,,,,,1,badbunny400,badbunny160,"https://img1.wsimg.com/isteam/ip/d60a8e97-8bec-436a-acdb-1f4df800ed0b/ols/TS2261%20Ball%20Jar%20With%20Holly%20And%20Joy%20Tag.JPG/:/rs=w:1064,h:1064","rs=w:1064,h:1064",,,badbunny800,"rs=w:1064,h:1064"
,,,,,,,,,,,,,,,,,,,,,,,,
Cute Ghost With Pumpkin Metal Sign ~ 12x8 ~ Set of 3,Cute Ghost With Pumpkin Metal Sign ~ 12x8 ~ Set of 3,,"Cute Ghost With Pumpkin Metal Sign ~ 12x8 ~ Set of 3

Heavy Gauge Sublimated Aluminum
Measures 12in x 8in
Holes in all four corners for ease of wall placement. Can also be displayed on a tabletop with an easel. 
*Easel not included
**Sale is for Metal Sign ONLY

Made in U.S.A.

Please ask any and all questions before purchase.

Thank you,
Bad Bunny Designs",,,,,,,1,$20.85 ,,,,,1,badbunny400,badbunny160,"https://img1.wsimg.com/isteam/ip/d60a8e97-8bec-436a-acdb-1f4df800ed0b/ols/TS2281%20Cute%20Ghost%20With%20Pumpkin.JPG/:/rs=w:1064,h:1064","rs=w:1064,h:1064",,,badbunny800,"rs=w:1064,h:1064"
,,,,,,,,,,,,,,,,,,,,,,,,
Bigfoot USA Metal Sign ~ 12x8 ~ Set of 3,Bigfoot USA Metal Sign ~ 12x8 ~ Set of 3,,"Bigfoot USA Metal Sign ~ 12x8 ~ Set of 3

Heavy Gauge Sublimated Aluminum
Measures 12in x 8in
Holes in all four corners for ease of wall placement. Can also be displayed on a tabletop with an easel. 
*Easel not included
**Sale is for Metal Sign ONLY

Made in U.S.A.

Please ask any and all questions before purchase.

Thank you,
Bad Bunny Designs",,,,,,,1,$20.85 ,,,,,1,badbunny400,badbunny160,"https://img1.wsimg.com/isteam/ip/d60a8e97-8bec-436a-acdb-1f4df800ed0b/ols/TS2206%20Big%20Foot%20USA.JPG/:/rs=w:1064,h:1064","rs=w:1064,h:1064",,,badbunny800,"rs=w:1064,h:1064"
,,,,,,,,,,,,,,,,,,,,,,,,
Halloween Cat Full Orange Moon Metal Sign ~ 12x8 ~ Set of 3,Halloween Cat Full Orange Moon Metal Sign ~ 12x8 ~ Set of 3,,"Halloween Cat Full Orange Moon Metal Sign ~ 12x8 ~ Set of 3

Heavy Gauge Sublimated Aluminum
Measures 12in x 8in
Holes in all four corners for ease of wall placement. Can also be displayed on a tabletop with an easel. 
*Easel not included
**Sale is for Metal Sign ONLY

Made in U.S.A.

Please ask any and all questions before purchase.

Thank you,
Bad Bunny Designs",,,,,,,1,$20.85 ,,,,,1,badbunny400,badbunny160,"https://img1.wsimg.com/isteam/ip/d60a8e97-8bec-436a-acdb-1f4df800ed0b/ols/TS2316%20Halloween%20Cat%20Full%20Orange%20Moon.JPG/:/rs=w:1064,h:1064","rs=w:1064,h:1064",,,badbunny800,"rs=w:1064,h:1064"
,,,,,,,,,,,,,,,,,,,,,,,,
Welcome Red & White Flowers Jar on Black Metal Sign ~ 12x8 ~ Set of 3,Welcome Red & White Flowers Jar on Black Metal Sign ~ 12x8 ~ Set of 3,,"Welcome Red & White Flowers Jar on Black Metal Sign ~ 12x8 ~ Set of 3

Heavy Gauge Sublimated Aluminum
Measures 12in x 8in
Holes in all four corners for ease of wall placement. Can also be displayed on a tabletop with an easel. 
*Easel not included
**Sale is for Metal Sign ONLY

Made in U.S.A.

Please ask any and all questions before purchase.

Thank you,
Bad Bunny Designs",,,,,,,1,$20.85 ,,,,,1,badbunny400,badbunny160,"https://img1.wsimg.com/isteam/ip/d60a8e97-8bec-436a-acdb-1f4df800ed0b/ols/TS2195%20Welcome%20Red%20And%20White%20Flowers%20Jar%20On%20Bl.JPG/:/rs=w:1064,h:1064","rs=w:1064,h:1064",,,badbunny800,"rs=w:1064,h:1064"
,,,,,,,,,,,,,,,,,,,,,,,,
Sweet Freedom Patriotic Angel Metal Sign ~ 12x8 ~ Set of 3,Sweet Freedom Patriotic Angel Metal Sign ~ 12x8 ~ Set of 3,,"Sweet Freedom Patriotic Angel Metal Sign ~ 12x8 ~ Set of 3

Heavy Gauge Sublimated Aluminum
Measures 12in x 8in
Holes in all four corners for ease of wall placement. Can also be displayed on a tabletop with an easel. 
*Easel not included
**Sale is for Metal Sign ONLY

Made in U.S.A.

Please ask any and all questions before purchase.

Thank you,
Bad Bunny Designs",,,,,,,1,$20.85 ,,,,,1,badbunny400,badbunny160,"https://img1.wsimg.com/isteam/ip/d60a8e97-8bec-436a-acdb-1f4df800ed0b/ols/TS2257%20Sweet%20Freedom%20Patriotic%20Angel.JPG/:/rs=w:1064,h:1064","rs=w:1064,h:1064",,,badbunny800,"rs=w:1064,h:1064"
,,,,,,,,,,,,,,,,,,,,,,,,
Today I Choose Joy Ball Jars Metal Sign ~ 12x8 ~ Set of 3,Today I Choose Joy Ball Jars Metal Sign ~ 12x8 ~ Set of 3,,"Today I Choose Joy Ball Jars Metal Sign ~ 12x8 ~ Set of 3

Heavy Gauge Sublimated Aluminum
Measures 12in x 8in
Holes in all four corners for ease of wall placement. Can also be displayed on a tabletop with an easel. 
*Easel not included
**Sale is for Metal Sign ONLY

Made in U.S.A.

Please ask any and all questions before purchase.

Thank you,
Bad Bunny Designs",,,,,,,1,$20.85 ,,,,,1,badbunny400,badbunny160,"https://img1.wsimg.com/isteam/ip/d60a8e97-8bec-436a-acdb-1f4df800ed0b/ols/TS2178%20Today%20I%20Choose%20Joy%20Ball%20Jars.JPG/:/rs=w:1064,h:1064","rs=w:1064,h:1064",,,badbunny800,"rs=w:1064,h:1064"
,,,,,,,,,,,,,,,,,,,,,,,,
Country Market Metal Sign ~ 12x8 ~ Set of 3,Country Market Metal Sign ~ 12x8 ~ Set of 3,,"Country Market Metal Sign ~ 12x8 ~ Set of 3

Heavy Gauge Sublimated Aluminum
Measures 12in x 8in
Holes in all four corners for ease of wall placement. Can also be displayed on a tabletop with an easel. 
*Easel not included
**Sale is for Metal Sign ONLY

Made in U.S.A.

Please ask any and all questions before purchase.

Thank you,
Bad Bunny Designs",,,,,,,1,$20.85 ,,,,,1,badbunny400,badbunny160,"https://img1.wsimg.com/isteam/ip/d60a8e97-8bec-436a-acdb-1f4df800ed0b/ols/2115c.jpg/:/rs=w:1064,h:1064","rs=w:1064,h:1064",,,badbunny800,"rs=w:1064,h:1064"
,,,,,,,,,,,,,,,,,,,,,,,,
Distressed Bee on Yellow Republique Francaise Metal Sign ~ 12x8 ~ Set of 3,Distressed Bee on Yellow Republique Francaise Metal Sign ~ 12x8 ~ Set of 3,,"Distressed Bee on Yellow Republique Francaise Metal Sign ~ 12x8 ~ Set of 3

Heavy Gauge Sublimated Aluminum
Measures 12in x 8in
Holes in all four corners for ease of wall placement. Can also be displayed on a tabletop with an easel. 
*Easel not included
**Sale is for Metal Sign ONLY

Made in U.S.A.

Please ask any and all questions before purchase.

Thank you,
Bad Bunny Designs",,,,,,,1,$20.85 ,,,,,1,badbunny400,badbunny160,"https://img1.wsimg.com/isteam/ip/d60a8e97-8bec-436a-acdb-1f4df800ed0b/ols/TS2177%20Distressed.JPG/:/rs=w:1064,h:1064","rs=w:1064,h:1064",,,badbunny800,"rs=w:1064,h:1064"
,,,,,,,,,,,,,,,,,,,,,,,,
Love & Peace St. Patrick Metal Sign ~ 12x8 ~ Set of 3,Love & Peace St. Patrick Metal Sign ~ 12x8 ~ Set of 3,,"Love & Peace St Patrick Metal Sign ~ 12x8 ~ Set of 3

Heavy Gauge Sublimated Aluminum
Measures 12in x 8in
Holes in all four corners for ease of wall placement. Can also be displayed on a tabletop with an easel. 
*Easel not included
**Sale is for Metal Sign ONLY

Made in U.S.A.

Please ask any and all questions before purchase.

Thank you,
Bad Bunny Designs",,,,,,,1,$20.85 ,,,,,1,badbunny400,badbunny160,"https://img1.wsimg.com/isteam/ip/d60a8e97-8bec-436a-acdb-1f4df800ed0b/ols/TS2124%20Love%20%2B%20Peace%20St.%20Patricks.JPG/:/rs=w:1064,h:1064","rs=w:1064,h:1064",,,badbunny800,"rs=w:1064,h:1064"
,,,,,,,,,,,,,,,,,,,,,,,,
Halloween Rules Metal Sign ~ 12x8 ~ Set of 3,Halloween Rules Metal Sign ~ 12x8 ~ Set of 3,,"Halloween Rules Metal Sign ~ 12x8 ~ Set of 3

Heavy Gauge Sublimated Aluminum
Measures 12in x 8in
Holes in all four corners for ease of wall placement. Can also be displayed on a tabletop with an easel. 
*Easel not included
**Sale is for Metal Sign ONLY

Made in U.S.A.

Please ask any and all questions before purchase.

Thank you,
Bad Bunny Designs",,,,,,,1,$20.85 ,,,,,1,badbunny400,badbunny160,"https://img1.wsimg.com/isteam/ip/d60a8e97-8bec-436a-acdb-1f4df800ed0b/ols/TS2250%20Halloween%20Rules.JPG/:/rs=w:1064,h:1064","rs=w:1064,h:1064",,,badbunny800,"rs=w:1064,h:1064"
,,,,,,,,,,,,,,,,,,,,,,,,
The Bad News Is Time Flies Cork Back Drink Coasters ~ Set of 4 ~ 4 x 4in. ~,The Bad News Is Time Flies Cork Back Drink Coasters ~ Set of 4 ~ 4 x 4in. ~,,"The Bad News Is Time Flies Cork Back Drink Coasters ~ Set of ~ 4in. x 4in.

Our coasters are a cute way to display your personal style while protecting your furniture. They are a complement to any table or surface. Perfect for hot or cold drinks.
Measures 4'x4'
High gloss finish and a non-skid cork backing. Wipe clean.",,,,,,,1,$7.95 ,,,,,1,badbunny400,badbunny160,"https://img1.wsimg.com/isteam/ip/d60a8e97-8bec-436a-acdb-1f4df800ed0b/ols/1030.jpg/:/rs=w:1064,h:1064","rs=w:1064,h:1064",,,badbunny800,"rs=w:1064,h:1064"
,,,,,,,,,,,,,,,,,,,,,,,,
Farm Fresh Milk Metal Sign ~ 12x8 ~ Set of 3,Farm Fresh Milk Metal Sign ~ 12x8 ~ Set of 3,,"Farm Fresh Milk Metal Sign ~ 12x8 ~ Set of 3

Heavy Gauge Sublimated Aluminum
Measures 12in x 8in
Holes in all four corners for ease of wall placement. Can also be displayed on a tabletop with an easel. 
*Easel not included
**Sale is for Metal Sign ONLY

Made in U.S.A.

Please ask any and all questions before purchase.

Thank you,
Bad Bunny Designs",,,,,,,1,$20.85 ,,,,,1,badbunny400,badbunny160,"https://img1.wsimg.com/isteam/ip/d60a8e97-8bec-436a-acdb-1f4df800ed0b/ols/TS2224%20Farm%20Fresh%20Milk.JPG/:/rs=w:1064,h:1064","rs=w:1064,h:1064",,,badbunny800,"rs=w:1064,h:1064"
,,,,,,,,,,,,,,,,,,,,,,,,
Old Tyme Valentine Post Card Image Garden Flag Wholesale Pkg of 3,Old Tyme Valentine Post Card Image Garden Flag Wholesale Pkg of 3,,"Old Fashioned Valentine Postcard Image Garden Flag


Wholesale pack of three flags.   
Price for each flag is $5.95 Suggested retail is $12.95 to $14.95 depending on your area.

Standard 8x12 Garden Flag
Double Sided with sun block sheet in between.
Fully readable on both sides.
Double stitched on three sides with standard rod pocket at the top.
250g Dye Sublimated Polyester.
Heavy but soft to the touch.
Weather Resistant.  Fade Resistant. **
**Flags will last longer if not in direct sunlight.   If needed spray with a UV Protectant each season",,,,,,,1,$17.95 ,,,,,1,badbunny400,badbunny160,"https://img1.wsimg.com/isteam/ip/d60a8e97-8bec-436a-acdb-1f4df800ed0b/ols/5020%20pole%203%20fixed.jpg/:/rs=w:1064,h:1064","rs=w:1064,h:1064",,,badbunny800,"rs=w:1064,h:1064"
,,,,,,,,,,,,,,,,,,,,,,,,
Bigfoot Big Orange Moon Metal Sign ~ 12x8 ~ Set of 3,Bigfoot Big Orange Moon Metal Sign ~ 12x8 ~ Set of 3,,"Bigfoot Big Orange Moon Metal Sign ~ 12x8 ~ Set of 3

Heavy Gauge Sublimated Aluminum
Measures 12in x 8in
Holes in all four corners for ease of wall placement. Can also be displayed on a tabletop with an easel. 
*Easel not included
**Sale is for Metal Sign ONLY

Made in U.S.A.

Please ask any and all questions before purchase.

Thank you,
Bad Bunny Designs",,,,,,,1,$20.85 ,,,,,1,badbunny400,badbunny160,"https://img1.wsimg.com/isteam/ip/d60a8e97-8bec-436a-acdb-1f4df800ed0b/ols/TS2205%20Big%20Foot%20Big%20Orange%20Moon.JPG/:/rs=w:1064,h:1064","rs=w:1064,h:1064",,,badbunny800,"rs=w:1064,h:1064"
,,,,,,,,,,,,,,,,,,,,,,,,
Welcome To Our Home Blue Truck Metal Sign ~ 12x8 ~ Set of 3,Welcome To Our Home Blue Truck Metal Sign ~ 12x8 ~ Set of 3,,"Welcome To Our Home Blue Truck Metal Sign ~ 12x8 ~ Set of 3

Heavy Gauge Sublimated Aluminum
Measures 12in x 8in
Holes in all four corners for ease of wall placement. Can also be displayed on a tabletop with an easel. 
*Easel not included
**Sale is for Metal Sign ONLY

Made in U.S.A.

Please ask any and all questions before purchase.

Thank you,
Bad Bunny Designs",,,,,,,1,$20.85 ,,,,,1,badbunny400,badbunny160,"https://img1.wsimg.com/isteam/ip/d60a8e97-8bec-436a-acdb-1f4df800ed0b/ols/TS2118%20Welcome%20To%20Our%20Home%20Blue%20Truck.JPG/:/rs=w:1064,h:1064","rs=w:1064,h:1064",,,badbunny800,"rs=w:1064,h:1064"
,,,,,,,,,,,,,,,,,,,,,,,,
Be Gentle with Yourself Cork Back Drink Coasters ~ Set of 4 ~ 4 x 4in. ~,Be Gentle with Yourself Cork Back Drink Coasters ~ Set of 4 ~ 4 x 4in. ~,,"Be Gentle with Yourself Cork Back Drink Coasters ~ Set of ~ 4in. x 4in.

Our coasters are a cute way to display your personal style while protecting your furniture. They are a complement to any table or surface. Perfect for hot or cold drinks.
Measures 4'x4'
High gloss finish and a non-skid cork backing. Wipe clean.",,,,,,,1,$7.95 ,,,,,1,badbunny400,badbunny160,"https://img1.wsimg.com/isteam/ip/d60a8e97-8bec-436a-acdb-1f4df800ed0b/ols/1033.jpg/:/rs=w:1064,h:1064","rs=w:1064,h:1064",,,badbunny800,"rs=w:1064,h:1064"
,,,,,,,,,,,,,,,,,,,,,,,,
A True Love Story Never Ends Metal Sign ~ 12x8 ~ Set of 3,A True Love Story Never Ends Metal Sign ~ 12x8 ~ Set of 3,,"A True Love Story Never Ends Metal Sign ~ 12x8 ~ Set of 3

Heavy Gauge Sublimated Aluminum
Measures 12in x 8in
Holes in all four corners for ease of wall placement. Can also be displayed on a tabletop with an easel. 
*Easel not included
**Sale is for Metal Sign ONLY

Made in U.S.A.

Please ask any and all questions before purchase.

Thank you,
Bad Bunny Designs",,,,,,,1,$20.85 ,,,,,1,badbunny400,badbunny160,"https://img1.wsimg.com/isteam/ip/d60a8e97-8bec-436a-acdb-1f4df800ed0b/ols/2114d.jpg/:/rs=w:1064,h:1064","rs=w:1064,h:1064",,,badbunny800,"rs=w:1064,h:1064"
,,,,,,,,,,,,,,,,,,,,,,,,
St. Patrick's & Co Shamrock Farm Metal Sign ~ 12x8 ~ Set of 3,St. Patrick's & Co Shamrock Farm Metal Sign ~ 12x8 ~ Set of 3,,"St. Patrick's & Co Shamrock Farm Metal Sign ~ 12x8 ~ Set of 3

Heavy Gauge Sublimated Aluminum
Measures 12in x 8in
Holes in all four corners for ease of wall placement. Can also be displayed on a tabletop with an easel. 
*Easel not included
**Sale is for Metal Sign ONLY

Made in U.S.A.

Please ask any and all questions before purchase.

Thank you,
Bad Bunny Designs",,,,,,,1,$20.85 ,,,,,1,badbunny400,badbunny160,"https://img1.wsimg.com/isteam/ip/d60a8e97-8bec-436a-acdb-1f4df800ed0b/ols/TS2104%20St%20Patricks%20And%20Co%20Shamrock%20Farm.JPG/:/rs=w:1064,h:1064","rs=w:1064,h:1064",,,badbunny800,"rs=w:1064,h:1064"
,,,,,,,,,,,,,,,,,,,,,,,,
Witch's Kitchen Metal Sign ~ 12x8 ~ Set of 3,Witch's Kitchen Metal Sign ~ 12x8 ~ Set of 3,,"Witch's Kitchen Metal Sign ~ 12x8 ~ Set of 3

Heavy Gauge Sublimated Aluminum
Measures 12in x 8in
Holes in all four corners for ease of wall placement. Can also be displayed on a tabletop with an easel. 
*Easel not included
**Sale is for Metal Sign ONLY

Made in U.S.A.

Please ask any and all questions before purchase.

Thank you,
Bad Bunny Designs",,,,,,,1,$20.85 ,,,,,1,badbunny400,badbunny160,"https://img1.wsimg.com/isteam/ip/d60a8e97-8bec-436a-acdb-1f4df800ed0b/ols/TS2313%20Witch's%20Kitchen.JPG/:/rs=w:1064,h:1064","rs=w:1064,h:1064",,,badbunny800,"rs=w:1064,h:1064"
,,,,,,,,,,,,,,,,,,,,,,,,
Love Is Kinda Crazy With A Spooky Little Girl Like You Metal Sign ~ 12x8 ~ Set of 3,Love Is Kinda Crazy With A Spooky Little Girl Like You Metal Sign ~ 12x8 ~ Set of 3,,"Love Is Kinda Crazy With A Spooky Little Girl Like You Metal Sign ~ 12x8 ~ Set of 3

Heavy Gauge Sublimated Aluminum
Measures 12in x 8in
Holes in all four corners for ease of wall placement. Can also be displayed on a tabletop with an easel. 
*Easel not included
**Sale is for Metal Sign ONLY

Made in U.S.A.

Please ask any and all questions before purchase.

Thank you,
Bad Bunny Designs",,,,,,,1,$20.85 ,,,,,1,badbunny400,badbunny160,"https://img1.wsimg.com/isteam/ip/d60a8e97-8bec-436a-acdb-1f4df800ed0b/ols/TS2243%20Love%20Is%20Kinda%20Spooky%20Girl.JPG/:/rs=w:1064,h:1064","rs=w:1064,h:1064",,,badbunny800,"rs=w:1064,h:1064"
,,,,,,,,,,,,,,,,,,,,,,,,
Day Drink and Work In My Garden Cork Back Drink Coasters ~ Set of 4 ~ 4 x 4in. ~,Day Drink and Work In My Garden Cork Back Drink Coasters ~ Set of 4 ~ 4 x 4in. ~,,"Day Drink and Work In My Garden Cork Back Drink Coasters ~ Set of ~ 4in. x 4in.

Our coasters are a cute way to display your personal style while protecting your furniture. They are a complement to any table or surface. Perfect for hot or cold drinks.
Measures 4'x4'
High gloss finish and a non-skid cork backing. Wipe clean.",,,,,,,1,$7.95 ,,,,,1,badbunny400,badbunny160,"https://img1.wsimg.com/isteam/ip/d60a8e97-8bec-436a-acdb-1f4df800ed0b/ols/1002-256bf0e.jpg/:/rs=w:1064,h:1064","rs=w:1064,h:1064",,,badbunny800,"rs=w:1064,h:1064"
,,,,,,,,,,,,,,,,,,,,,,,,
Home Sweet Hive Cork Back Drink Coasters ~ Set of 4 ~ 4 x 4in. ~,Home Sweet Hive Cork Back Drink Coasters ~ Set of 4 ~ 4 x 4in. ~,,"Home Sweet Hive Cork Back Drink Coasters ~ Set of ~ 4in. x 4in.

Our coasters are a cute way to display your personal style while protecting your furniture. They are a complement to any table or surface. Perfect for hot or cold drinks.
Measures 4'x4'
High gloss finish and a non-skid cork backing. Wipe clean.",,,,,,,1,$7.95 ,,,,,1,badbunny400,badbunny160,"https://img1.wsimg.com/isteam/ip/d60a8e97-8bec-436a-acdb-1f4df800ed0b/ols/1052.jpg/:/rs=w:1064,h:1064","rs=w:1064,h:1064",,,badbunny800,"rs=w:1064,h:1064"
,,,,,,,,,,,,,,,,,,,,,,,,
Garden Farm Catalogue Metal Sign ~ 12x8 ~ Set of 3,Garden Farm Catalogue Metal Sign ~ 12x8 ~ Set of 3,,"Garden Farm Catalogue Metal Sign ~ 12x8 ~ Set of 3

Heavy Gauge Sublimated Aluminum
Measures 12in x 8in
Holes in all four corners for ease of wall placement. Can also be displayed on a tabletop with an easel. 
*Easel not included
**Sale is for Metal Sign ONLY

Made in U.S.A.

Please ask any and all questions before purchase.

Thank you,
Bad Bunny Designs",,,,,,,1,$20.85 ,,,,,1,badbunny400,badbunny160,"https://img1.wsimg.com/isteam/ip/d60a8e97-8bec-436a-acdb-1f4df800ed0b/ols/TS2185%20Garden%20Farm%20Catalog.JPG/:/rs=w:1064,h:1064","rs=w:1064,h:1064",,,badbunny800,"rs=w:1064,h:1064"
,,,,,,,,,,,,,,,,,,,,,,,,
Watering Can With Star Metal Sign ~ 12x8 ~ Set of 3,Watering Can With Star Metal Sign ~ 12x8 ~ Set of 3,,"Watering Can With Star Metal Sign ~ 12x8 ~ Set of 3

Heavy Gauge Sublimated Aluminum
Measures 12in x 8in
Holes in all four corners for ease of wall placement. Can also be displayed on a tabletop with an easel. 
*Easel not included
**Sale is for Metal Sign ONLY

Made in U.S.A.

Please ask any and all questions before purchase.

Thank you,
Bad Bunny Designs",,,,,,,1,$20.85 ,,,,,1,badbunny400,badbunny160,"https://img1.wsimg.com/isteam/ip/d60a8e97-8bec-436a-acdb-1f4df800ed0b/ols/TS2305%20Watering%20Can%20With%20Stars.JPG/:/rs=w:1064,h:1064","rs=w:1064,h:1064",,,badbunny800,"rs=w:1064,h:1064"
,,,,,,,,,,,,,,,,,,,,,,,,
Bee Hive #2 Cork Back Drink Coasters ~ Set of 4 ~ 4 x 4in. ~,Bee Hive #2 Cork Back Drink Coasters ~ Set of 4 ~ 4 x 4in. ~,,"Bee Hive #2 Cork Back Drink Coasters ~ Set of ~ 4in. x 4in.

Our coasters are a cute way to display your personal style while protecting your furniture. They are a complement to any table or surface. Perfect for hot or cold drinks.
Measures 4'x4'
High gloss finish and a non-skid cork backing. Wipe clean.",,,,,,,1,$7.95 ,,,,,1,badbunny400,badbunny160,"https://img1.wsimg.com/isteam/ip/d60a8e97-8bec-436a-acdb-1f4df800ed0b/ols/1068.jpg/:/rs=w:1064,h:1064","rs=w:1064,h:1064",,,badbunny800,"rs=w:1064,h:1064"
,,,,,,,,,,,,,,,,,,,,,,,,
Quack Shack Metal Sign ~ 12x8 ~ Set of 3,Quack Shack Metal Sign ~ 12x8 ~ Set of 3,,"Quack Shack Metal Sign ~ 12x8 ~ Set of 3

Heavy Gauge Sublimated Aluminum
Measures 12in x 8in
Holes in all four corners for ease of wall placement. Can also be displayed on a tabletop with an easel. 
*Easel not included
**Sale is for Metal Sign ONLY

Made in U.S.A.

Please ask any and all questions before purchase.

Thank you,
Bad Bunny Designs",,,,,,,1,$20.85 ,,,,,1,badbunny400,badbunny160,"https://img1.wsimg.com/isteam/ip/d60a8e97-8bec-436a-acdb-1f4df800ed0b/ols/TS2216%20Quack%20Shack.JPG/:/rs=w:1064,h:1064","rs=w:1064,h:1064",,,badbunny800,"rs=w:1064,h:1064"
,,,,,,,,,,,,,,,,,,,,,,,,
Sweet Land of Liberty Girl Metal Sign ~ 12x8 ~ Set of 3,Sweet Land of Liberty Girl Metal Sign ~ 12x8 ~ Set of 3,,"Sweet Land of Liberty Girl Metal Sign ~ 12x8 ~ Set of 3

Heavy Gauge Sublimated Aluminum
Measures 12in x 8in
Holes in all four corners for ease of wall placement. Can also be displayed on a tabletop with an easel. 
*Easel not included
**Sale is for Metal Sign ONLY

Made in U.S.A.

Please ask any and all questions before purchase.

Thank you,
Bad Bunny Designs",,,,,,,1,$20.85 ,,,,,1,badbunny400,badbunny160,"https://img1.wsimg.com/isteam/ip/d60a8e97-8bec-436a-acdb-1f4df800ed0b/ols/TS2226%20Sweet%20Land%20Of%20Liberty%20Girl.JPG/:/rs=w:1064,h:1064","rs=w:1064,h:1064",,,badbunny800,"rs=w:1064,h:1064"
,,,,,,,,,,,,,,,,,,,,,,,,
Sanderson Broom Company Metal Sign ~ 12x8 ~ Set of 3,Sanderson Broom Company Metal Sign ~ 12x8 ~ Set of 3,,"Sanderson Broom Company Metal Sign ~ 12x8 ~ Set of 3

Heavy Gauge Sublimated Aluminum
Measures 12in x 8in
Holes in all four corners for ease of wall placement. Can also be displayed on a tabletop with an easel. 
*Easel not included
**Sale is for Metal Sign ONLY

Made in U.S.A.

Please ask any and all questions before purchase.

Thank you,
Bad Bunny Designs",,,,,,,1,$20.85 ,,,,,1,badbunny400,badbunny160,"https://img1.wsimg.com/isteam/ip/d60a8e97-8bec-436a-acdb-1f4df800ed0b/ols/TS2287%20Sanderson%20Broom%20Co.JPG/:/rs=w:1064,h:1064","rs=w:1064,h:1064",,,badbunny800,"rs=w:1064,h:1064"
,,,,,,,,,,,,,,,,,,,,,,,,
Kissing Booth Metal Sign ~ 12x8 ~ Set of 3,Kissing Booth Metal Sign ~ 12x8 ~ Set of 3,,"Kissing Booth Metal Sign ~ 12x8 ~ Set of 3

Heavy Gauge Sublimated Aluminum
Measures 12in x 8in
Holes in all four corners for ease of wall placement. Can also be displayed on a tabletop with an easel. 
*Easel not included
**Sale is for Metal Sign ONLY

Made in U.S.A.

Please ask any and all questions before purchase.

Thank you,
Bad Bunny Designs",,,,,,,1,$20.85 ,,,,,1,badbunny400,badbunny160,"https://img1.wsimg.com/isteam/ip/d60a8e97-8bec-436a-acdb-1f4df800ed0b/ols/TS2103%20Kissing%20Booth.JPG/:/rs=w:1064,h:1064","rs=w:1064,h:1064",,,badbunny800,"rs=w:1064,h:1064"
,,,,,,,,,,,,,,,,,,,,,,,,
I'll Buy My Own Sh*t Cork Back Drink Coasters ~ Set of 4 ~ 4 x 4in. ~,I'll Buy My Own Sh*t Cork Back Drink Coasters ~ Set of 4 ~ 4 x 4in. ~,,"I'll Buy My Own Sh*t Cork Back Drink Coasters ~ Set of ~ 4in. x 4in.

Our coasters are a cute way to display your personal style while protecting your furniture. They are a complement to any table or surface. Perfect for hot or cold drinks.
Measures 4'x4'
High gloss finish and a non-skid cork backing. Wipe clean.",,,,,,,1,$7.95 ,,,,,1,badbunny400,badbunny160,"https://img1.wsimg.com/isteam/ip/d60a8e97-8bec-436a-acdb-1f4df800ed0b/ols/1089.jpg/:/rs=w:1064,h:1064","rs=w:1064,h:1064",,,badbunny800,"rs=w:1064,h:1064"
,,,,,,,,,,,,,,,,,,,,,,,,
Welcome with Three Hearts Valentine's Day Garden Flag ~ Wholesale Package of 3 Flags,Welcome with Three Hearts Valentine's Day Garden Flag ~ Wholesale Package of 3 Flags,,"Welcome Three Hearts Valentine's Day Garden Flag


Wholesale package of three flags  $5.95 each
12 x 18  250g Dye-Sublimated Printing
Double Sided;  Image is readable on both sides.
Double stitched edges with rod pocket at the top for hanging
Our flags are heavy and flow nicely in the breeze but yet are still soft to the touch.
Moisture resistant.   Fade resistant.  But lasts longer in shade and if sprayed with UV protectant.
Badbunnydesigns",,,,,,,1,$17.85 ,,,,,1,badbunny400,badbunny160,"https://img1.wsimg.com/isteam/ip/d60a8e97-8bec-436a-acdb-1f4df800ed0b/ols/5006%20pole.jpg/:/rs=w:1064,h:1064","rs=w:1064,h:1064",,,badbunny800,"rs=w:1064,h:1064"
,,,,,,,,,,,,,,,,,,,,,,,,
Trick or Treat Cork Back Drink Coasters ~ Set of 4 ~ 4 x 4in. ~,Trick or Treat Cork Back Drink Coasters ~ Set of 4 ~ 4 x 4in. ~,,"Trick or Treat Cork Back Drink Coasters ~ Set of ~ 4in. x 4in.

Our coasters are a cute way to display your personal style while protecting your furniture. They are a complement to any table or surface. Perfect for hot or cold drinks.
Measures 4'x4'
High gloss finish and a non-skid cork backing. Wipe clean.",,,,,,,1,$7.95 ,,,,,1,badbunny400,badbunny160,"https://img1.wsimg.com/isteam/ip/d60a8e97-8bec-436a-acdb-1f4df800ed0b/ols/1013.jpg/:/rs=w:1064,h:1064","rs=w:1064,h:1064",,,badbunny800,"rs=w:1064,h:1064"
,,,,,,,,,,,,,,,,,,,,,,,,
Welcome St. Patrick's Day Gnome Garden Flag = Wholesale Pack of 3 flags,Welcome St. Patrick's Day Gnome Garden Flag = Wholesale Pack of 3 flags,,"Welcome St. Patrick's Day Gnome FlagWholesale pack of three flags.   Price for each flag is $5.95
Suggested retail is $12.95 to $14.95 depending on your area.

Standard 8x12 Garden Flag
Double Sided with sun block sheet in between.
Fully readable on both sides.
Double stitched on three sides with standard rod pocket at the top.
250g Dye Sublimated Polyester.
Heavy but soft to the touch.
Weather Resistant.  Fade Resistant.**
**Flags will last longer if not in direct sunlight.   If needed spray with a UV Protectant each season.",,,,,,,1,$17.85 ,,,,,1,badbunny400,badbunny160,"https://img1.wsimg.com/isteam/ip/d60a8e97-8bec-436a-acdb-1f4df800ed0b/ols/5032%20Pole.jpg/:/rs=w:1064,h:1064","rs=w:1064,h:1064",,,badbunny800,"rs=w:1064,h:1064"
,,,,,,,,,,,,,,,,,,,,,,,,
Fire Rescue Metal Sign ~ 12x8 ~ Set of 3,Fire Rescue Metal Sign ~ 12x8 ~ Set of 3,,"Fire Rescue Metal Sign ~ 12x8 ~ Set of 3

Heavy Gauge Sublimated Aluminum
Measures 12in x 8in
Holes in all four corners for ease of wall placement. Can also be displayed on a tabletop with an easel. 
*Easel not included
**Sale is for Metal Sign ONLY

Made in U.S.A.

Please ask any and all questions before purchase.

Thank you,
Bad Bunny Designs",,,,,,,1,$20.85 ,,,,,1,badbunny400,badbunny160,"https://img1.wsimg.com/isteam/ip/d60a8e97-8bec-436a-acdb-1f4df800ed0b/ols/TS2207%20Fire%20Rescue.JPG/:/rs=w:1064,h:1064","rs=w:1064,h:1064",,,badbunny800,"rs=w:1064,h:1064"
,,,,,,,,,,,,,,,,,,,,,,,,
Every Day Start Again Metal Sign ~ 12x8 ~ Set of 3,Every Day Start Again Metal Sign ~ 12x8 ~ Set of 3,,"Every Day Start Again Metal Sign ~ 12x8 ~ Set of 3

Heavy Gauge Sublimated Aluminum
Measures 12in x 8in
Holes in all four corners for ease of wall placement. Can also be displayed on a tabletop with an easel. 
*Easel not included
**Sale is for Metal Sign ONLY

Made in U.S.A.

Please ask any and all questions before purchase.

Thank you,
Bad Bunny Designs",,,,,,,1,$20.85 ,,,,,1,badbunny400,badbunny160,"https://img1.wsimg.com/isteam/ip/d60a8e97-8bec-436a-acdb-1f4df800ed0b/ols/TS2176%20Every%20Day%20Start%20Again.JPG/:/rs=w:1064,h:1064","rs=w:1064,h:1064",,,badbunny800,"rs=w:1064,h:1064"
,,,,,,,,,,,,,,,,,,,,,,,,
St Patrick's Day Green Truck Garden Flag = wholesale pack of three flags,St Patrick's Day Green Truck Garden Flag = wholesale pack of three flags,,"St. Patrick's Day Green Truck Garden Flag
Wholesale pack of three flags.   Price for each flag is $5.95
Suggested retail is $12.95 to $14.95 depending on your area.

Standard 8x12 Garden Flag
Double Sided with sun block sheet in between.
Fully readable on both sides.
Double stitched on three sides with standard rod pocket at the top.
250g Dye Sublimated Polyester.
Heavy but soft to the touch.
Weather Resistant.  Fade Resistant.**
**Flags will last longer if not in direct sunlight.   If needed spray with a UV Protectant each season.",,,,,,,1,$17.85 ,,,,,1,badbunny400,badbunny160,"https://img1.wsimg.com/isteam/ip/d60a8e97-8bec-436a-acdb-1f4df800ed0b/ols/5011%20POLE.jpg/:/rs=w:1064,h:1064","rs=w:1064,h:1064",,,badbunny800,"rs=w:1064,h:1064"
,,,,,,,,,,,,,,,,,,,,,,,,
Bigfoot Camping Cork Back Drink Coasters ~ Set of 4 ~ 4 x 4in. ~,Bigfoot Camping Cork Back Drink Coasters ~ Set of 4 ~ 4 x 4in. ~,,"Bigfoot Camping Cork Back Drink Coasters ~ Set of ~ 4in. x 4in.

Our coasters are a cute way to display your personal style while protecting your furniture. They are a complement to any table or surface. Perfect for hot or cold drinks.
Measures 4'x4'
High gloss finish and a non-skid cork backing. Wipe clean.",,,,,,,1,$7.95 ,,,,,1,badbunny400,badbunny160,"https://img1.wsimg.com/isteam/ip/d60a8e97-8bec-436a-acdb-1f4df800ed0b/ols/1185.jpg/:/rs=w:1064,h:1064","rs=w:1064,h:1064",,,badbunny800,"rs=w:1064,h:1064"
,,,,,,,,,,,,,,,,,,,,,,,,
Halloween Girl With Umbrella Metal Sign ~ 12x8 ~ Set of 3,Halloween Girl With Umbrella Metal Sign ~ 12x8 ~ Set of 3,,"Halloween Girl With Umbrella Metal Sign ~ 12x8 ~ Set of 3

Heavy Gauge Sublimated Aluminum
Measures 12in x 8in
Holes in all four corners for ease of wall placement. Can also be displayed on a tabletop with an easel. 
*Easel not included
**Sale is for Metal Sign ONLY

Made in U.S.A.

Please ask any and all questions before purchase.

Thank you,
Bad Bunny Designs",,,,,,,1,$20.85 ,,,,,1,badbunny400,badbunny160,"https://img1.wsimg.com/isteam/ip/d60a8e97-8bec-436a-acdb-1f4df800ed0b/ols/TS2323%20Halloween%20Girl%20With%20Umbrella%20Mini%20Skele.JPG/:/rs=w:1064,h:1064","rs=w:1064,h:1064",,,badbunny800,"rs=w:1064,h:1064"
,,,,,,,,,,,,,,,,,,,,,,,,
Bee Skep #1 Cork Back Drink Coasters ~ Set of 4 ~ 4 x 4in. ~,Bee Skep #1 Cork Back Drink Coasters ~ Set of 4 ~ 4 x 4in. ~,,"Bee Skep #1 Cork Back Drink Coasters ~ Set of ~ 4in. x 4in.

Our coasters are a cute way to display your personal style while protecting your furniture. They are a complement to any table or surface. Perfect for hot or cold drinks.
Measures 4'x4'
High gloss finish and a non-skid cork backing. Wipe clean.",,,,,,,1,$7.95 ,,,,,1,badbunny400,badbunny160,"https://img1.wsimg.com/isteam/ip/d60a8e97-8bec-436a-acdb-1f4df800ed0b/ols/1077.jpg/:/rs=w:1064,h:1064","rs=w:1064,h:1064",,,badbunny800,"rs=w:1064,h:1064"
,,,,,,,,,,,,,,,,,,,,,,,,
Christmas Trees For Sale Metal Sign ~ 12x8 ~ Set of 3,Christmas Trees For Sale Metal Sign ~ 12x8 ~ Set of 3,,"Christmas Trees For Sale Metal Sign ~ 12x8 ~ Set of 3

Heavy Gauge Sublimated Aluminum
Measures 12in x 8in
Holes in all four corners for ease of wall placement. Can also be displayed on a tabletop with an easel. 
*Easel not included
**Sale is for Metal Sign ONLY

Made in U.S.A.

Please ask any and all questions before purchase.

Thank you,
Bad Bunny Designs",,,,,,,1,$20.85 ,,,,,1,badbunny400,badbunny160,"https://img1.wsimg.com/isteam/ip/d60a8e97-8bec-436a-acdb-1f4df800ed0b/ols/TS2263%20Christmas%20Trees%20For%20Sale.JPG/:/rs=w:1064,h:1064","rs=w:1064,h:1064",,,badbunny800,"rs=w:1064,h:1064"
,,,,,,,,,,,,,,,,,,,,,,,,
Scarecrow National Park Metal Sign ~ 12x8 ~ Set of 3,Scarecrow National Park Metal Sign ~ 12x8 ~ Set of 3,,"Scarecrow National Park Metal Sign ~ 12x8 ~ Set of 3

Heavy Gauge Sublimated Aluminum
Measures 12in x 8in
Holes in all four corners for ease of wall placement. Can also be displayed on a tabletop with an easel. 
*Easel not included
**Sale is for Metal Sign ONLY

Made in U.S.A.

Please ask any and all questions before purchase.

Thank you,
Bad Bunny Designs",,,,,,,1,$20.85 ,,,,,1,badbunny400,badbunny160,"https://img1.wsimg.com/isteam/ip/d60a8e97-8bec-436a-acdb-1f4df800ed0b/ols/TS2324%20Scarecrow%20At%20Fence%20With%20Little%20Girl.JPG/:/rs=w:1064,h:1064","rs=w:1064,h:1064",,,badbunny800,"rs=w:1064,h:1064"
,,,,,,,,,,,,,,,,,,,,,,,,
Frosty's Snowflake Cafe Metal Sign ~ 12x8 ~ Set of 3,Frosty's Snowflake Cafe Metal Sign ~ 12x8 ~ Set of 3,,"Frosty's Snowflake Cafe Metal Sign ~ 12x8 ~ Set of 3

Heavy Gauge Sublimated Aluminum
Measures 12in x 8in
Holes in all four corners for ease of wall placement. Can also be displayed on a tabletop with an easel. 
*Easel not included
**Sale is for Metal Sign ONLY

Made in U.S.A.

Please ask any and all questions before purchase.

Thank you,
Bad Bunny Designs",,,,,,,1,$20.85 ,,,,,1,badbunny400,badbunny160,"https://img1.wsimg.com/isteam/ip/d60a8e97-8bec-436a-acdb-1f4df800ed0b/ols/TS2267%20Frosty's%20Snowflake%20Cafe.JPG/:/rs=w:1064,h:1064","rs=w:1064,h:1064",,,badbunny800,"rs=w:1064,h:1064"
,,,,,,,,,,,,,,,,,,,,,,,,
Welcome Snowman on Green Metal Sign ~ 12x8 ~ Set of 3,Welcome Snowman on Green Metal Sign ~ 12x8 ~ Set of 3,,"Welcome Snowman on Green Metal Sign ~ 12x8 ~ Set of 3

Heavy Gauge Sublimated Aluminum
Measures 12in x 8in
Holes in all four corners for ease of wall placement. Can also be displayed on a tabletop with an easel. 
*Easel not included
**Sale is for Metal Sign ONLY

Made in U.S.A.

Please ask any and all questions before purchase.

Thank you,
Bad Bunny Designs",,,,,,,1,$20.85 ,,,,,1,badbunny400,badbunny160,"https://img1.wsimg.com/isteam/ip/d60a8e97-8bec-436a-acdb-1f4df800ed0b/ols/TS2220%20Snowman%20On%20Green%20Scarf%20And%20Hat.JPG/:/rs=w:1064,h:1064","rs=w:1064,h:1064",,,badbunny800,"rs=w:1064,h:1064"
,,,,,,,,,,,,,,,,,,,,,,,,
Heifer Please Metal Sign ~ 12x8 ~ Set of 3,Heifer Please Metal Sign ~ 12x8 ~ Set of 3,,"Heifer Please Metal Sign ~ 12x8 ~ Set of 3

Heavy Gauge Sublimated Aluminum
Measures 12in x 8in
Holes in all four corners for ease of wall placement. Can also be displayed on a tabletop with an easel. 
*Easel not included
**Sale is for Metal Sign ONLY

Made in U.S.A.

Please ask any and all questions before purchase.

Thank you,
Bad Bunny Designs",,,,,,,1,$20.85 ,,,,,1,badbunny400,badbunny160,"https://img1.wsimg.com/isteam/ip/d60a8e97-8bec-436a-acdb-1f4df800ed0b/ols/TS2183%20Heifer%20Please%20Cow.JPG/:/rs=w:1064,h:1064","rs=w:1064,h:1064",,,badbunny800,"rs=w:1064,h:1064"
,,,,,,,,,,,,,,,,,,,,,,,,
Bee Skep Hive with Flowers Metal Sign ~ 12x8 ~ Set of 3,Bee Skep Hive with Flowers Metal Sign ~ 12x8 ~ Set of 3,,"Bee Skep Hive with Flowers Metal Sign ~ 12x8 ~ Set of 3

Heavy Gauge Sublimated Aluminum
Measures 12in x 8in
Holes in all four corners for ease of wall placement. Can also be displayed on a tabletop with an easel. 
*Easel not included
**Sale is for Metal Sign ONLY

Made in U.S.A.

Please ask any and all questions before purchase.

Thank you,
Bad Bunny Designs",,,,,,,1,$20.85 ,,,,,1,badbunny400,badbunny160,"https://img1.wsimg.com/isteam/ip/d60a8e97-8bec-436a-acdb-1f4df800ed0b/ols/TS2136%20Bee%20Skep%20Hive%20With%20Flowers.JPG/:/rs=w:1064,h:1064","rs=w:1064,h:1064",,,badbunny800,"rs=w:1064,h:1064"
,,,,,,,,,,,,,,,,,,,,,,,,
Red Pick up Truck with Sunflowers Cork Back Drink Coasters ~ Set of 4 ~ 4 x 4in. ~,Red Pick up Truck with Sunflowers Cork Back Drink Coasters ~ Set of 4 ~ 4 x 4in. ~,,"Red Pick up Truck with Sunflowers Cork Back Drink Coasters ~ Set of ~ 4in. x 4in.

Our coasters are a cute way to display your personal style while protecting your furniture. They are a complement to any table or surface. Perfect for hot or cold drinks.
Measures 4'x4'
High gloss finish and a non-skid cork backing. Wipe clean.",,,,,,,1,$7.95 ,,,,,1,badbunny400,badbunny160,"https://img1.wsimg.com/isteam/ip/d60a8e97-8bec-436a-acdb-1f4df800ed0b/ols/1066.jpg/:/rs=w:1064,h:1064","rs=w:1064,h:1064",,,badbunny800,"rs=w:1064,h:1064"
,,,,,,,,,,,,,,,,,,,,,,,,
Santa Hugging Deer Metal Sign ~ 12x8 ~ Set of 3,Santa Hugging Deer Metal Sign ~ 12x8 ~ Set of 3,,"Santa Hugging Deer Metal Sign ~ 12x8 ~ Set of 3

Heavy Gauge Sublimated Aluminum
Measures 12in x 8in
Holes in all four corners for ease of wall placement. Can also be displayed on a tabletop with an easel. 
*Easel not included
**Sale is for Metal Sign ONLY

Made in U.S.A.

Please ask any and all questions before purchase.

Thank you,
Bad Bunny Designs",,,,,,,1,$20.85 ,,,,,1,badbunny400,badbunny160,"https://img1.wsimg.com/isteam/ip/d60a8e97-8bec-436a-acdb-1f4df800ed0b/ols/TS2259%20Santa%20Hugging%20Deer.JPG/:/rs=w:1064,h:1064","rs=w:1064,h:1064",,,badbunny800,"rs=w:1064,h:1064"
,,,,,,,,,,,,,,,,,,,,,,,,
Johnson Cakes Crackers and Biscuits Metal Sign ~ 12x8 ~ Set of 3,Johnson Cakes Crackers and Biscuits Metal Sign ~ 12x8 ~ Set of 3,,"Johnson Cakes Crackers and Biscuits Metal Sign ~ 12x8 ~ Set of 3

Heavy Gauge Sublimated Aluminum
Measures 12in x 8in
Holes in all four corners for ease of wall placement. Can also be displayed on a tabletop with an easel. 
*Easel not included
**Sale is for Metal Sign ONLY

Made in U.S.A.

Please ask any and all questions before purchase.

Thank you,
Bad Bunny Designs",,,,,,,1,$20.85 ,,,,,1,badbunny400,badbunny160,"https://img1.wsimg.com/isteam/ip/d60a8e97-8bec-436a-acdb-1f4df800ed0b/ols/2179.jpg/:/rs=w:1064,h:1064","rs=w:1064,h:1064",,,badbunny800,"rs=w:1064,h:1064"
,,,,,,,,,,,,,,,,,,,,,,,,
Happy St. Pat's Metal Sign ~ 12x8 ~ Set of 3,Happy St. Pat's Metal Sign ~ 12x8 ~ Set of 3,,"Happy St. Pat's Metal Sign ~ 12x8 ~ Set of 3

Heavy Gauge Sublimated Aluminum
Measures 12in x 8in
Holes in all four corners for ease of wall placement. Can also be displayed on a tabletop with an easel. 
*Easel not included
**Sale is for Metal Sign ONLY

Made in U.S.A.

Please ask any and all questions before purchase.

Thank you,
Bad Bunny Designs",,,,,,,1,$20.85 ,,,,,1,badbunny400,badbunny160,"https://img1.wsimg.com/isteam/ip/d60a8e97-8bec-436a-acdb-1f4df800ed0b/ols/TS2126%20Happy%20St.%20Patricks.JPG/:/rs=w:1064,h:1064","rs=w:1064,h:1064",,,badbunny800,"rs=w:1064,h:1064"
,,,,,,,,,,,,,,,,,,,,,,,,
Christmas Red Truck And Snowman Metal Sign ~ 12x8 ~ Set of 3,Christmas Red Truck And Snowman Metal Sign ~ 12x8 ~ Set of 3,,"Christmas Red Truck And Snowman Metal Sign ~ 12x8 ~ Set of 3

Heavy Gauge Sublimated Aluminum
Measures 12in x 8in
Holes in all four corners for ease of wall placement. Can also be displayed on a tabletop with an easel. 
*Easel not included
**Sale is for Metal Sign ONLY

Made in U.S.A.

Please ask any and all questions before purchase.

Thank you,
Bad Bunny Designs",,,,,,,1,$20.85 ,,,,,1,badbunny400,badbunny160,"https://img1.wsimg.com/isteam/ip/d60a8e97-8bec-436a-acdb-1f4df800ed0b/ols/TS2262%20Christmas%20Red%20Truck%20And%20Snowman.JPG/:/rs=w:1064,h:1064","rs=w:1064,h:1064",,,badbunny800,"rs=w:1064,h:1064"
,,,,,,,,,,,,,,,,,,,,,,,,
White Jack-O-Lantern Metal Sign ~ 12x8 ~ Set of 3,White Jack-O-Lantern Metal Sign ~ 12x8 ~ Set of 3,,"White Jack-O-Lantern Metal Sign ~ 12x8 ~ Set of 3

Heavy Gauge Sublimated Aluminum
Measures 12in x 8in
Holes in all four corners for ease of wall placement. Can also be displayed on a tabletop with an easel. 
*Easel not included
**Sale is for Metal Sign ONLY

Made in U.S.A.

Please ask any and all questions before purchase.

Thank you,
Bad Bunny Designs",,,,,,,1,$20.85 ,,,,,1,badbunny400,badbunny160,"https://img1.wsimg.com/isteam/ip/d60a8e97-8bec-436a-acdb-1f4df800ed0b/ols/TS2326%20White%20Pumpkin.JPG/:/rs=w:1064,h:1064","rs=w:1064,h:1064",,,badbunny800,"rs=w:1064,h:1064"
,,,,,,,,,,,,,,,,,,,,,,,,
Our Flag Does Not Fly Metal Sign ~ 12x8 ~ Set of 3,Our Flag Does Not Fly Metal Sign ~ 12x8 ~ Set of 3,,"Our Flag Does Not Fly Metal Sign ~ 12x8 ~ Set of 3

Heavy Gauge Sublimated Aluminum
Measures 12in x 8in
Holes in all four corners for ease of wall placement. Can also be displayed on a tabletop with an easel. 
*Easel not included
**Sale is for Metal Sign ONLY

Made in U.S.A.

Please ask any and all questions before purchase.

Thank you,
Bad Bunny Designs",,,,,,,1,$20.85 ,,,,,1,badbunny400,badbunny160,"https://img1.wsimg.com/isteam/ip/d60a8e97-8bec-436a-acdb-1f4df800ed0b/ols/TS2251%20Our%20Flag.JPG/:/rs=w:1064,h:1064","rs=w:1064,h:1064",,,badbunny800,"rs=w:1064,h:1064"
,,,,,,,,,,,,,,,,,,,,,,,,
Witch With Pumpkin Bucket and Spiderweb Metal Sign ~ 12x8 ~ Set of 3,Witch With Pumpkin Bucket and Spiderweb Metal Sign ~ 12x8 ~ Set of 3,,"Witch With Pumpkin Bucket and Spiderweb Metal Sign ~ 12x8 ~ Set of 3

Heavy Gauge Sublimated Aluminum
Measures 12in x 8in
Holes in all four corners for ease of wall placement. Can also be displayed on a tabletop with an easel. 
*Easel not included
**Sale is for Metal Sign ONLY

Made in U.S.A.

Please ask any and all questions before purchase.

Thank you,
Bad Bunny Designs",,,,,,,1,$20.85 ,,,,,1,badbunny400,badbunny160,"https://img1.wsimg.com/isteam/ip/d60a8e97-8bec-436a-acdb-1f4df800ed0b/ols/TS2336%20Witch%20Walking%20Toward%20Full%20Moon.JPG/:/rs=w:1064,h:1064","rs=w:1064,h:1064",,,badbunny800,"rs=w:1064,h:1064"
,,,,,,,,,,,,,,,,,,,,,,,,
Ghost In Woods With Black Cat Metal Sign ~ 12x8 ~ Set of 3,Ghost In Woods With Black Cat Metal Sign ~ 12x8 ~ Set of 3,,"Ghost In Woods With Black Cat Metal Sign ~ 12x8 ~ Set of 3

Wholesale package of three signs   $6.95 each     Sug Retail:   $12.95 to $14.95

Heavy Gauge Sublimated Aluminum
Measures 12in x 8in
Holes in all four corners for ease of wall placement. Can also be displayed on a tabletop with an easel. 
*Easel not included
**Sale is for Metal Sign ONLY

Made in U.S.A.

Please ask any and all questions before purchase.

Thank you,
Bad Bunny Designs",,,,,,,1,$20.85 ,,,,,1,badbunny400,badbunny160,"https://img1.wsimg.com/isteam/ip/d60a8e97-8bec-436a-acdb-1f4df800ed0b/ols/2340-ab8e2c3.jpg/:/rs=w:1064,h:1064","rs=w:1064,h:1064",,,badbunny800,"rs=w:1064,h:1064"
,,,,,,,,,,,,,,,,,,,,,,,,
Red Truck with Red Flowers Cork Back Drink Coasters ~ Set of 4 ~ 4 x 4in. ~,Red Truck with Red Flowers Cork Back Drink Coasters ~ Set of 4 ~ 4 x 4in. ~,,"Red Truck with Red Flowers Cork Back Drink Coasters ~ Set of ~ 4in. x 4in.

Our coasters are a cute way to display your personal style while protecting your furniture. They are a complement to any table or surface. Perfect for hot or cold drinks.
Measures 4'x4'
High gloss finish and a non-skid cork backing. Wipe clean.",,,,,,,1,$7.95 ,,,,,1,badbunny400,badbunny160,"https://img1.wsimg.com/isteam/ip/d60a8e97-8bec-436a-acdb-1f4df800ed0b/ols/1090.jpg/:/rs=w:1064,h:1064","rs=w:1064,h:1064",,,badbunny800,"rs=w:1064,h:1064"
,,,,,,,,,,,,,,,,,,,,,,,,
Peter Cottontail Chocolate Bunny Metal Sign ~ 12x8 ~ Set of 3,Peter Cottontail Chocolate Bunny Metal Sign ~ 12x8 ~ Set of 3,,"Peter Cottontail Chocolate Bunny Metal Sign ~ 12x8 ~ Set of 3

Heavy Gauge Sublimated Aluminum
Measures 12in x 8in
Holes in all four corners for ease of wall placement. Can also be displayed on a tabletop with an easel. 
*Easel not included
**Sale is for Metal Sign ONLY

Made in U.S.A.

Please ask any and all questions before purchase.

Thank you,
Bad Bunny Designs",,,,,,,1,$20.85 ,,,,,1,badbunny400,badbunny160,"https://img1.wsimg.com/isteam/ip/d60a8e97-8bec-436a-acdb-1f4df800ed0b/ols/TS2113%20Peter%20Cottontail%20Chocolate%20Bunny.JPG/:/rs=w:1064,h:1064","rs=w:1064,h:1064",,,badbunny800,"rs=w:1064,h:1064"
,,,,,,,,,,,,,,,,,,,,,,,,
Ohio State Shape on Black Garden Flag ~ Wholesale Pack of 3 Flags,Ohio State Shape on Black Garden Flag ~ Wholesale Pack of 3 Flags,,"OHIO State Shape on Black Garden Flag

Wholesale pack of three flags.   
Price for each flag is $5.95 Suggested retail is $12.95 to $14.95 depending on your area.

Standard 8x12 Garden Flag
Double Sided with sun block sheet in between.
Fully readable on both sides.
Double stitched on three sides with standard rod pocket at the top.
250g Dye Sublimated Polyester.
Heavy but soft to the touch.
Weather Resistant.  Fade Resistant. **
**Flags will last longer if not in direct sunlight.   If needed spray with a UV Protectant each season",,,,,,,1,$17.85 ,,,,,1,badbunny400,badbunny160,"https://img1.wsimg.com/isteam/ip/d60a8e97-8bec-436a-acdb-1f4df800ed0b/ols/5048%20pole%202.jpg/:/rs=w:392,h:400","rs=w:392,h:400",,,badbunny800,"rs=w:392,h:400"
,,,,,,,,,,,,,,,,,,,,,,,,
Geo Washington With Betsy Ross Metal Sign ~ 12x8 ~ Set of 3,Geo Washington With Betsy Ross Metal Sign ~ 12x8 ~ Set of 3,,"Geo Washington With Betsy Ross Metal Sign ~ 12x8 ~ Set of 3

Heavy Gauge Sublimated Aluminum
Measures 12in x 8in
Holes in all four corners for ease of wall placement. Can also be displayed on a tabletop with an easel. 
*Easel not included
**Sale is for Metal Sign ONLY

Made in U.S.A.

Please ask any and all questions before purchase.

Thank you,
Bad Bunny Designs",,,,,,,1,$20.85 ,,,,,1,badbunny400,badbunny160,"https://img1.wsimg.com/isteam/ip/d60a8e97-8bec-436a-acdb-1f4df800ed0b/ols/TS2255%20George%20Washington%20With%20Betsy%20Ross.JPG/:/rs=w:1064,h:1064","rs=w:1064,h:1064",,,badbunny800,"rs=w:1064,h:1064"
,,,,,,,,,,,,,,,,,,,,,,,,
Three Colorful Birds Metal Sign ~ 12x8 ~ Set of 3,Three Colorful Birds Metal Sign ~ 12x8 ~ Set of 3,,"Three Colorful Birds Metal Sign ~ 12x8 ~ Set of 3

Heavy Gauge Sublimated Aluminum
Measures 12in x 8in
Holes in all four corners for ease of wall placement. Can also be displayed on a tabletop with an easel. 
*Easel not included
**Sale is for Metal Sign ONLY

Made in U.S.A.

Please ask any and all questions before purchase.

Thank you,
Bad Bunny Designs",,,,,,,1,$20.85 ,,,,,1,badbunny400,badbunny160,"https://img1.wsimg.com/isteam/ip/d60a8e97-8bec-436a-acdb-1f4df800ed0b/ols/TS2280%20Three%20Colorful%20Birds.JPG/:/rs=w:1064,h:1064","rs=w:1064,h:1064",,,badbunny800,"rs=w:1064,h:1064"
,,,,,,,,,,,,,,,,,,,,,,,,
Black Cat On Jack-O-Lantern Metal Sign ~ 12x8 ~ Set of 3,Black Cat On Jack-O-Lantern Metal Sign ~ 12x8 ~ Set of 3,,"Black Cat On Jack-O-Lantern Metal Sign ~ 12x8 ~ Set of 3

Heavy Gauge Sublimated Aluminum
Measures 12in x 8in
Holes in all four corners for ease of wall placement. Can also be displayed on a tabletop with an easel. 
*Easel not included
**Sale is for Metal Sign ONLY

Made in U.S.A.

Please ask any and all questions before purchase.

Thank you,
Bad Bunny Designs",,,,,,,1,$20.85 ,,,,,1,badbunny400,badbunny160,"https://img1.wsimg.com/isteam/ip/d60a8e97-8bec-436a-acdb-1f4df800ed0b/ols/TS2329%20Black%20Cat%20Sitting%20On%20Jack%20O%20Lantern%20On%20.JPG/:/rs=w:1064,h:1064","rs=w:1064,h:1064",,,badbunny800,"rs=w:1064,h:1064"
,,,,,,,,,,,,,,,,,,,,,,,,
Hamster On Fence Full Moon Metal Sign ~ 12x8 ~ Set of 3,Hamster On Fence Full Moon Metal Sign ~ 12x8 ~ Set of 3,,"Hamster On Fence Full Moon Metal Sign ~ 12x8 ~ Set of 3

Heavy Gauge Sublimated Aluminum
Measures 12in x 8in
Holes in all four corners for ease of wall placement. Can also be displayed on a tabletop with an easel. 
*Easel not included
**Sale is for Metal Sign ONLY

Made in U.S.A.

Please ask any and all questions before purchase.

Thank you,
Bad Bunny Designs",,,,,,,1,$20.85 ,,,,,1,badbunny400,badbunny160,"https://img1.wsimg.com/isteam/ip/d60a8e97-8bec-436a-acdb-1f4df800ed0b/ols/TS2337%20Bats%20Full%20Moon%20Pumpkins.JPG/:/rs=w:1064,h:1064","rs=w:1064,h:1064",,,badbunny800,"rs=w:1064,h:1064"
,,,,,,,,,,,,,,,,,,,,,,,,
Lady in Garden Cork Back Drink Coasters ~ Set of 4 ~ 4 x 4in. ~,Lady in Garden Cork Back Drink Coasters ~ Set of 4 ~ 4 x 4in. ~,,"Lady in Garden Cork Back Drink Coasters ~ Set of ~ 4in. x 4in.

Our coasters are a cute way to display your personal style while protecting your furniture. They are a complement to any table or surface. Perfect for hot or cold drinks.
Measures 4'x4'
High gloss finish and a non-skid cork backing. Wipe clean.",,,,,,,1,$7.95 ,,,,,1,badbunny400,badbunny160,"https://img1.wsimg.com/isteam/ip/d60a8e97-8bec-436a-acdb-1f4df800ed0b/ols/1086.jpg/:/rs=w:1064,h:1064","rs=w:1064,h:1064",,,badbunny800,"rs=w:1064,h:1064"
,,,,,,,,,,,,,,,,,,,,,,,,
National Register of Historical Places Metal Sign ~ 12x8 ~ Set of 3,National Register of Historical Places Metal Sign ~ 12x8 ~ Set of 3,,"National Register of Historical Places Metal Sign ~ 12x8 ~ Set of 3

Heavy Gauge Sublimated Aluminum
Measures 12in x 8in
Holes in all four corners for ease of wall placement. Can also be displayed on a tabletop with an easel. 
*Easel not included
**Sale is for Metal Sign ONLY

Made in U.S.A.

Please ask any and all questions before purchase.

Thank you,
Bad Bunny Designs",,,,,,,1,$20.85 ,,,,,1,badbunny400,badbunny160,"https://img1.wsimg.com/isteam/ip/d60a8e97-8bec-436a-acdb-1f4df800ed0b/ols/TS2222%20National%20Register%20Of%20Historical%20Places.JPG/:/rs=w:1064,h:1064","rs=w:1064,h:1064",,,badbunny800,"rs=w:1064,h:1064"
,,,,,,,,,,,,,,,,,,,,,,,,
Sea To Shining Sea Metal Sign ~ 12x8 ~ Set of 3,Sea To Shining Sea Metal Sign ~ 12x8 ~ Set of 3,,"Sea To Shining Sea Metal Sign ~ 12x8 ~ Set of 3

Heavy Gauge Sublimated Aluminum
Measures 12in x 8in
Holes in all four corners for ease of wall placement. Can also be displayed on a tabletop with an easel. 
*Easel not included
**Sale is for Metal Sign ONLY

Made in U.S.A.

Please ask any and all questions before purchase.

Thank you,
Bad Bunny Designs",,,,,,,1,$20.85 ,,,,,1,badbunny400,badbunny160,"https://img1.wsimg.com/isteam/ip/d60a8e97-8bec-436a-acdb-1f4df800ed0b/ols/TS2237%20Sea%20To%20Shining%20Sea.JPG/:/rs=w:1064,h:1064","rs=w:1064,h:1064",,,badbunny800,"rs=w:1064,h:1064"
,,,,,,,,,,,,,,,,,,,,,,,,
Mine Are For Kicking A** Cork Back Drink Coasters ~ Set of 4 ~ 4 x 4in. ~,Mine Are For Kicking A** Cork Back Drink Coasters ~ Set of 4 ~ 4 x 4in. ~,,"Mine Are For Kicking A** Cork Back Drink Coasters ~ Set of ~ 4in. x 4in.

Our coasters are a cute way to display your personal style while protecting your furniture. They are a complement to any table or surface. Perfect for hot or cold drinks.
Measures 4'x4'
High gloss finish and a non-skid cork backing. Wipe clean.",,,,,,,1,$7.95 ,,,,,1,badbunny400,badbunny160,"https://img1.wsimg.com/isteam/ip/d60a8e97-8bec-436a-acdb-1f4df800ed0b/ols/1007.jpg/:/rs=w:1064,h:1064","rs=w:1064,h:1064",,,badbunny800,"rs=w:1064,h:1064"
,,,,,,,,,,,,,,,,,,,,,,,,
Olde Autumn Market Metal Sign ~ 12x8 ~ Set of 3,Olde Autumn Market Metal Sign ~ 12x8 ~ Set of 3,,"Olde Autumn Market Metal Sign ~ 12x8 ~ Set of 3

Heavy Gauge Sublimated Aluminum
Measures 12in x 8in
Holes in all four corners for ease of wall placement. Can also be displayed on a tabletop with an easel. 
*Easel not included
**Sale is for Metal Sign ONLY

Made in U.S.A.

Please ask any and all questions before purchase.

Thank you,
Bad Bunny Designs",,,,,,,1,$20.85 ,,,,,1,badbunny400,badbunny160,"https://img1.wsimg.com/isteam/ip/d60a8e97-8bec-436a-acdb-1f4df800ed0b/ols/TS2278%20Olde%20Autumn%20Market.JPG/:/rs=w:1064,h:1064","rs=w:1064,h:1064",,,badbunny800,"rs=w:1064,h:1064"
,,,,,,,,,,,,,,,,,,,,,,,,
She Works Hard For The Honey Cork Back Drink Coasters ~ Set of 4 ~ 4 x 4in. ~,She Works Hard For The Honey Cork Back Drink Coasters ~ Set of 4 ~ 4 x 4in. ~,,"She Works Hard For The Honey Cork Back Drink Coasters ~ Set of ~ 4in. x 4in.

Our coasters are a cute way to display your personal style while protecting your furniture. They are a complement to any table or surface. Perfect for hot or cold drinks.
Measures 4'x4'
High gloss finish and a non-skid cork backing. Wipe clean.",,,,,,,1,$7.95 ,,,,,1,badbunny400,badbunny160,"https://img1.wsimg.com/isteam/ip/d60a8e97-8bec-436a-acdb-1f4df800ed0b/ols/1071.jpg/:/rs=w:1064,h:1064","rs=w:1064,h:1064",,,badbunny800,"rs=w:1064,h:1064"
,,,,,,,,,,,,,,,,,,,,,,,,
Cancel My Subscription Cork Back Drink Coasters ~ Set of 4 ~ 4 x 4in. ~,Cancel My Subscription Cork Back Drink Coasters ~ Set of 4 ~ 4 x 4in. ~,,"Cancel My Subscription Cork Back Drink Coasters ~ Set of ~ 4in. x 4in.

Our coasters are a cute way to display your personal style while protecting your furniture. They are a complement to any table or surface. Perfect for hot or cold drinks.
Measures 4'x4'
High gloss finish and a non-skid cork backing. Wipe clean.",,,,,,,1,$7.95 ,,,,,1,badbunny400,badbunny160,"https://img1.wsimg.com/isteam/ip/d60a8e97-8bec-436a-acdb-1f4df800ed0b/ols/1016.jpg/:/rs=w:1064,h:1064","rs=w:1064,h:1064",,,badbunny800,"rs=w:1064,h:1064"
,,,,,,,,,,,,,,,,,,,,,,,,
Happy Halloween Witch And Crescent Moon Metal Sign ~ 12x8 ~ Set of 3,Happy Halloween Witch And Crescent Moon Metal Sign ~ 12x8 ~ Set of 3,,"Happy Halloween Witch And Crescent Moon Metal Sign ~ 12x8 ~ Set of 3

Heavy Gauge Sublimated Aluminum
Measures 12in x 8in
Holes in all four corners for ease of wall placement. Can also be displayed on a tabletop with an easel. 
*Easel not included
**Sale is for Metal Sign ONLY

Made in U.S.A.

Please ask any and all questions before purchase.

Thank you,
Bad Bunny Designs",,,,,,,1,$20.85 ,,,,,1,badbunny400,badbunny160,"https://img1.wsimg.com/isteam/ip/d60a8e97-8bec-436a-acdb-1f4df800ed0b/ols/TS2276%20Halloween%20Witch%20On%20Moon.JPG/:/rs=w:1064,h:1064","rs=w:1064,h:1064",,,badbunny800,"rs=w:1064,h:1064"
,,,,,,,,,,,,,,,,,,,,,,,,
Bunny with Glasses and Flowers Cork Back Drink Coasters ~ Set of 4 ~ 4 x 4in. ~,Bunny with Glasses and Flowers Cork Back Drink Coasters ~ Set of 4 ~ 4 x 4in. ~,,"Bunny with Glasses and Flowers Cork Back Drink Coasters ~ Set of ~ 4in. x 4in.

Our coasters are a cute way to display your personal style while protecting your furniture. They are a complement to any table or surface. Perfect for hot or cold drinks.
Measures 4'x4'
High gloss finish and a non-skid cork backing. Wipe clean.",,,,,,,1,$7.95 ,,,,,1,badbunny400,badbunny160,"https://img1.wsimg.com/isteam/ip/d60a8e97-8bec-436a-acdb-1f4df800ed0b/ols/1123.jpg/:/rs=w:1064,h:1064","rs=w:1064,h:1064",,,badbunny800,"rs=w:1064,h:1064"
,,,,,,,,,,,,,,,,,,,,,,,,
Lucky Charm Market Metal Sign ~ 12x8 ~ Set of 3,Lucky Charm Market Metal Sign ~ 12x8 ~ Set of 3,,"Lucky Charm Market Metal Sign ~ 12x8 ~ Set of 3

Heavy Gauge Sublimated Aluminum
Measures 12in x 8in
Holes in all four corners for ease of wall placement. Can also be displayed on a tabletop with an easel. 
*Easel not included
**Sale is for Metal Sign ONLY

Made in U.S.A.

Please ask any and all questions before purchase.

Thank you,
Bad Bunny Designs",,,,,,,1,$20.85 ,,,,,1,badbunny400,badbunny160,"https://img1.wsimg.com/isteam/ip/d60a8e97-8bec-436a-acdb-1f4df800ed0b/ols/TS2125%20Lucky%20Charm.JPG/:/rs=w:1064,h:1064","rs=w:1064,h:1064",,,badbunny800,"rs=w:1064,h:1064"
,,,,,,,,,,,,,,,,,,,,,,,,
Western .45 Colt Cork Back Drink Coasters ~ Set of 4 ~ 4 x 4in. ~,Western .45 Colt Cork Back Drink Coasters ~ Set of 4 ~ 4 x 4in. ~,,"Western .45 Colt Cork Back Drink Coasters ~ Set of ~ 4in. x 4in.

Our coasters are a cute way to display your personal style while protecting your furniture. They are a complement to any table or surface. Perfect for hot or cold drinks.
Measures 4'x4'
High gloss finish and a non-skid cork backing. Wipe clean.",,,,,,,1,$7.95 ,,,,,1,badbunny400,badbunny160,"https://img1.wsimg.com/isteam/ip/d60a8e97-8bec-436a-acdb-1f4df800ed0b/ols/1024.jpg/:/rs=w:1064,h:1064","rs=w:1064,h:1064",,,badbunny800,"rs=w:1064,h:1064"
,,,,,,,,,,,,,,,,,,,,,,,,
Sunflowers Ball Jar Metal Sign ~ 12x8 ~ Set of 3,Sunflowers Ball Jar Metal Sign ~ 12x8 ~ Set of 3,,"Sunflowers Ball Jar Metal Sign ~ 12x8 ~ Set of 3

Heavy Gauge Sublimated Aluminum
Measures 12in x 8in
Holes in all four corners for ease of wall placement. Can also be displayed on a tabletop with an easel. 
*Easel not included
**Sale is for Metal Sign ONLY

Made in U.S.A.

Please ask any and all questions before purchase.

Thank you,
Bad Bunny Designs",,,,,,,1,$20.85 ,,,,,1,badbunny400,badbunny160,"https://img1.wsimg.com/isteam/ip/d60a8e97-8bec-436a-acdb-1f4df800ed0b/ols/TS2121%20Sunflowers%20Ball%20Jar.JPG/:/rs=w:1064,h:1064","rs=w:1064,h:1064",,,badbunny800,"rs=w:1064,h:1064"
,,,,,,,,,,,,,,,,,,,,,,,,
Ivory Soap Metal Sign ~ 12x8 ~ Set of 3,Ivory Soap Metal Sign ~ 12x8 ~ Set of 3,,"Ivory Soap Metal Sign ~ 12x8 ~ Set of 3

Heavy Gauge Sublimated Aluminum
Measures 12in x 8in
Holes in all four corners for ease of wall placement. Can also be displayed on a tabletop with an easel. 
*Easel not included
**Sale is for Metal Sign ONLY

Made in U.S.A.

Please ask any and all questions before purchase.

Thank you,
Bad Bunny Designs",,,,,,,1,$20.85 ,,,,,1,badbunny400,badbunny160,"https://img1.wsimg.com/isteam/ip/d60a8e97-8bec-436a-acdb-1f4df800ed0b/ols/TS2214%20Ivory%20Soap.JPG/:/rs=w:1064,h:1064","rs=w:1064,h:1064",,,badbunny800,"rs=w:1064,h:1064"
,,,,,,,,,,,,,,,,,,,,,,,,
Happy Halloween Witch Flying Metal Sign ~ 12x8 ~ Set of 3,Happy Halloween Witch Flying Metal Sign ~ 12x8 ~ Set of 3,,"Happy Halloween Witch Flying Metal Sign ~ 12x8 ~ Set of 3

Heavy Gauge Sublimated Aluminum
Measures 12in x 8in
Holes in all four corners for ease of wall placement. Can also be displayed on a tabletop with an easel. 
*Easel not included
**Sale is for Metal Sign ONLY

Made in U.S.A.

Please ask any and all questions before purchase.

Thank you,
Bad Bunny Designs",,,,,,,1,$20.85 ,,,,,1,badbunny400,badbunny160,"https://img1.wsimg.com/isteam/ip/d60a8e97-8bec-436a-acdb-1f4df800ed0b/ols/TS2274%20Happy%20Halloween%20Witch%20Flying.JPG/:/rs=w:1064,h:1064","rs=w:1064,h:1064",,,badbunny800,"rs=w:1064,h:1064"
,,,,,,,,,,,,,,,,,,,,,,,,
Flowery Rooster #1 Cork Back Drink Coasters ~ Set of 4 ~ 4 x 4in. ~,Flowery Rooster #1 Cork Back Drink Coasters ~ Set of 4 ~ 4 x 4in. ~,,"Flowery Rooster #1 Cork Back Drink Coasters ~ Set of ~ 4in. x 4in.

Our coasters are a cute way to display your personal style while protecting your furniture. They are a complement to any table or surface. Perfect for hot or cold drinks.
Measures 4'x4'
High gloss finish and a non-skid cork backing. Wipe clean.",,,,,,,1,$7.95 ,,,,,1,badbunny400,badbunny160,"https://img1.wsimg.com/isteam/ip/d60a8e97-8bec-436a-acdb-1f4df800ed0b/ols/1057.jpg/:/rs=w:1064,h:1064","rs=w:1064,h:1064",,,badbunny800,"rs=w:1064,h:1064"
,,,,,,,,,,,,,,,,,,,,,,,,
Black Cat Advertising 5 Cents Metal Sign ~ 12x8 ~ Set of 3,Black Cat Advertising 5 Cents Metal Sign ~ 12x8 ~ Set of 3,,"Black Cat Advertising 5 Cents Moon Metal Sign ~ 12x8 ~ Set of 3

Heavy Gauge Sublimated Aluminum
Measures 12in x 8in
Holes in all four corners for ease of wall placement. Can also be displayed on a tabletop with an easel. 
*Easel not included
**Sale is for Metal Sign ONLY

Made in U.S.A.

Please ask any and all questions before purchase.

Thank you,
Bad Bunny Designs",,,,,,,1,$20.85 ,,,,,1,badbunny400,badbunny160,"https://img1.wsimg.com/isteam/ip/d60a8e97-8bec-436a-acdb-1f4df800ed0b/ols/TS2334%20Black%20Cat%20Advertising%20Cents%20Rabbit.JPG/:/rs=w:1064,h:1064","rs=w:1064,h:1064",,,badbunny800,"rs=w:1064,h:1064"
,,,,,,,,,,,,,,,,,,,,,,,,
Flag with Curved Corners Cork Back Drink Coasters ~ Set of 4 ~ 4 x 4in. ~,Flag with Curved Corners Cork Back Drink Coasters ~ Set of 4 ~ 4 x 4in. ~,,"Flag with Curved Corners Cork Back Drink Coasters ~ Set of ~ 4in. x 4in.

Our coasters are a cute way to display your personal style while protecting your furniture. They are a complement to any table or surface. Perfect for hot or cold drinks.
Measures 4'x4'
High gloss finish and a non-skid cork backing. Wipe clean.",,,,,,,1,$7.95 ,,,,,1,badbunny400,badbunny160,"https://img1.wsimg.com/isteam/ip/d60a8e97-8bec-436a-acdb-1f4df800ed0b/ols/1023.jpg/:/rs=w:1064,h:1064","rs=w:1064,h:1064",,,badbunny800,"rs=w:1064,h:1064"
,,,,,,,,,,,,,,,,,,,,,,,,
Bee Kind Cork Back Drink Coasters ~ Set of 4 ~ 4 x 4in. ~,Bee Kind Cork Back Drink Coasters ~ Set of 4 ~ 4 x 4in. ~,,"Bee Kind Cork Back Drink Coasters ~ Set of ~ 4in. x 4in.

Our coasters are a cute way to display your personal style while protecting your furniture. They are a complement to any table or surface. Perfect for hot or cold drinks.
Measures 4'x4'
High gloss finish and a non-skid cork backing. Wipe clean.",,,,,,,1,$7.95 ,,,,,1,badbunny400,badbunny160,"https://img1.wsimg.com/isteam/ip/d60a8e97-8bec-436a-acdb-1f4df800ed0b/ols/1050.jpg/:/rs=w:1064,h:1064","rs=w:1064,h:1064",,,badbunny800,"rs=w:1064,h:1064"
,,,,,,,,,,,,,,,,,,,,,,,,
I'm A Trophy Wife Cork Back Drink Coasters ~ Set of 4 ~ 4 x 4in. ~,I'm A Trophy Wife Cork Back Drink Coasters ~ Set of 4 ~ 4 x 4in. ~,,"I'm A Trophy Wife Cork Back Drink Coasters ~ Set of ~ 4in. x 4in.

Our coasters are a cute way to display your personal style while protecting your furniture. They are a complement to any table or surface. Perfect for hot or cold drinks.
Measures 4'x4'
High gloss finish and a non-skid cork backing. Wipe clean.",,,,,,,1,$7.95 ,,,,,1,badbunny400,badbunny160,"https://img1.wsimg.com/isteam/ip/d60a8e97-8bec-436a-acdb-1f4df800ed0b/ols/1080.jpg/:/rs=w:1064,h:1064","rs=w:1064,h:1064",,,badbunny800,"rs=w:1064,h:1064"
,,,,,,,,,,,,,,,,,,,,,,,,
Live Like Someone Left The Gate Open Cows Metal Sign ~ 12x8 ~ Set of 3,Live Like Someone Left The Gate Open Cows Metal Sign ~ 12x8 ~ Set of 3,,"Live Like Someone Left The Gate Open Cows Metal Sign ~ 12x8 ~ Set of 3

Heavy Gauge Sublimated Aluminum
Measures 12in x 8in
Holes in all four corners for ease of wall placement. Can also be displayed on a tabletop with an easel. 
*Easel not included
**Sale is for Metal Sign ONLY

Made in U.S.A.

Please ask any and all questions before purchase.

Thank you,
Bad Bunny Designs",,,,,,,1,$20.85 ,,,,,1,badbunny400,badbunny160,"https://img1.wsimg.com/isteam/ip/d60a8e97-8bec-436a-acdb-1f4df800ed0b/ols/TS2231%20Live%20Like%20Someone%20Left%20The%20Gate%20Open.JPG/:/rs=w:1064,h:1064","rs=w:1064,h:1064",,,badbunny800,"rs=w:1064,h:1064"
,,,,,,,,,,,,,,,,,,,,,,,,
Santa with Holly Frame Cork Back Drink Coasters ~ Set of 4 ~ 4 x 4in. ~,Santa with Holly Frame Cork Back Drink Coasters ~ Set of 4 ~ 4 x 4in. ~,,"Santa with Holly Frame Cork Back Drink Coasters ~ Set of ~ 4in. x 4in.

Our coasters are a cute way to display your personal style while protecting your furniture. They are a complement to any table or surface. Perfect for hot or cold drinks.
Measures 4'x4'
High gloss finish and a non-skid cork backing. Wipe clean.",,,,,,,1,$7.95 ,,,,,1,badbunny400,badbunny160,"https://img1.wsimg.com/isteam/ip/d60a8e97-8bec-436a-acdb-1f4df800ed0b/ols/1094.jpg/:/rs=w:1064,h:1064","rs=w:1064,h:1064",,,badbunny800,"rs=w:1064,h:1064"
,,,,,,,,,,,,,,,,,,,,,,,,
Highland Cow In Bathtub Metal Sign ~ 12x8 ~ Set of 3,Highland Cow In Bathtub Metal Sign ~ 12x8 ~ Set of 3,,"Highland Cow In Bathtub Metal Sign ~ 12x8 ~ Set of 3

Heavy Gauge Sublimated Aluminum
Measures 12in x 8in
Holes in all four corners for ease of wall placement. Can also be displayed on a tabletop with an easel. 
*Easel not included
**Sale is for Metal Sign ONLY

Made in U.S.A.

Please ask any and all questions before purchase.

Thank you,
Bad Bunny Designs",,,,,,,1,$20.85 ,,,,,1,badbunny400,badbunny160,"https://img1.wsimg.com/isteam/ip/d60a8e97-8bec-436a-acdb-1f4df800ed0b/ols/TS2229%20Highland%20Cow%20In%20Bathtub.JPG/:/rs=w:1064,h:1064","rs=w:1064,h:1064",,,badbunny800,"rs=w:1064,h:1064"
,,,,,,,,,,,,,,,,,,,,,,,,
Some Moms Cuss Cork Back Drink Coasters ~ Set of 4 ~ 4 x 4in. ~,Some Moms Cuss Cork Back Drink Coasters ~ Set of 4 ~ 4 x 4in. ~,,"Some Moms Cuss Cork Back Drink Coasters ~ Set of ~ 4in. x 4in.

Our coasters are a cute way to display your personal style while protecting your furniture. They are a complement to any table or surface. Perfect for hot or cold drinks.
Measures 4'x4'
High gloss finish and a non-skid cork backing. Wipe clean.",,,,,,,1,$7.95 ,,,,,1,badbunny400,badbunny160,"https://img1.wsimg.com/isteam/ip/d60a8e97-8bec-436a-acdb-1f4df800ed0b/ols/1103.jpg/:/rs=w:1064,h:1064","rs=w:1064,h:1064",,,badbunny800,"rs=w:1064,h:1064"
,,,,,,,,,,,,,,,,,,,,,,,,
George Washington Cut Plug Metal Sign ~ 12x8 ~ Set of 3,George Washington Cut Plug Metal Sign ~ 12x8 ~ Set of 3,,"George Washington Cut Plug Metal Sign ~ 12x8 ~ Set of 3

Heavy Gauge Sublimated Aluminum
Measures 12in x 8in
Holes in all four corners for ease of wall placement. Can also be displayed on a tabletop with an easel. 
*Easel not included
**Sale is for Metal Sign ONLY

Made in U.S.A.

Please ask any and all questions before purchase.

Thank you,
Bad Bunny Designs",,,,,,,1,$20.85 ,,,,,1,badbunny400,badbunny160,"https://img1.wsimg.com/isteam/ip/d60a8e97-8bec-436a-acdb-1f4df800ed0b/ols/TS2238%20George%20Washington%20Cut%20Plug.JPG/:/rs=w:1064,h:1064","rs=w:1064,h:1064",,,badbunny800,"rs=w:1064,h:1064"
,,,,,,,,,,,,,,,,,,,,,,,,
Home Of The Free Betsy Ross Sewing Flag Metal Sign ~ 12x8 ~ Set of 3,Home Of The Free Betsy Ross Sewing Flag Metal Sign ~ 12x8 ~ Set of 3,,"Home Of The Free Betsy Ross Sewing Flag ~ 12x8 ~ Set of 3

Heavy Gauge Sublimated Aluminum
Measures 12in x 8in
Holes in all four corners for ease of wall placement. Can also be displayed on a tabletop with an easel. 
*Easel not included
**Sale is for Metal Sign ONLY

Made in U.S.A.

Please ask any and all questions before purchase.

Thank you,
Bad Bunny Designs",,,,,,,1,$20.85 ,,,,,1,badbunny400,badbunny160,"https://img1.wsimg.com/isteam/ip/d60a8e97-8bec-436a-acdb-1f4df800ed0b/ols/TS2236%20Home%20Of%20The%20Free%20Betsy%20Ross%20Sewing%20Flag.JPG/:/rs=w:1064,h:1064","rs=w:1064,h:1064",,,badbunny800,"rs=w:1064,h:1064"
,,,,,,,,,,,,,,,,,,,,,,,,
Prairie Bonnet Tissues Metal Sign ~ 12x8 ~ Set of 3,Prairie Bonnet Tissues Metal Sign ~ 12x8 ~ Set of 3,,"Prairie Bonnet Tissues Metal Sign ~ 12x8 ~ Set of 3

Heavy Gauge Sublimated Aluminum
Measures 12in x 8in
Holes in all four corners for ease of wall placement. Can also be displayed on a tabletop with an easel. 
*Easel not included
**Sale is for Metal Sign ONLY

Made in U.S.A.

Please ask any and all questions before purchase.

Thank you,
Bad Bunny Designs",,,,,,,1,$20.85 ,,,,,1,badbunny400,badbunny160,"https://img1.wsimg.com/isteam/ip/d60a8e97-8bec-436a-acdb-1f4df800ed0b/ols/TS2211%20Prairie%20Bonnet%20Tissues.JPG/:/rs=w:1064,h:1064","rs=w:1064,h:1064",,,badbunny800,"rs=w:1064,h:1064"
,,,,,,,,,,,,,,,,,,,,,,,,
Flowery Rooster #2 Cork Back Drink Coasters ~ Set of 4 ~ 4 x 4in. ~,Flowery Rooster #2 Cork Back Drink Coasters ~ Set of 4 ~ 4 x 4in. ~,,"Flowery Rooster #2 Cork Back Drink Coasters ~ Set of ~ 4in. x 4in.

Our coasters are a cute way to display your personal style while protecting your furniture. They are a complement to any table or surface. Perfect for hot or cold drinks.
Measures 4'x4'
High gloss finish and a non-skid cork backing. Wipe clean.",,,,,,,1,$7.95 ,,,,,1,badbunny400,badbunny160,"https://img1.wsimg.com/isteam/ip/d60a8e97-8bec-436a-acdb-1f4df800ed0b/ols/1058.jpg/:/rs=w:1064,h:1064","rs=w:1064,h:1064",,,badbunny800,"rs=w:1064,h:1064"
,,,,,,,,,,,,,,,,,,,,,,,,
Ohio Buckey Leaf Nylon Embroidered Garden Flag Wholesale Pkg of 3 Flags,Ohio Buckey Leaf Nylon Embroidered Garden Flag Wholesale Pkg of 3 Flags,,"Buckeye Leaf Garden Flag

Wholesale pack of three flags.   
Price for each flag is $7.95 Suggested retail is $14.95 to $18.95 depending on your area.

This flag is made of top quality nylon.   The ""stars"" are embroidered Buckeye Leaves.
Each 'stripe' is individually stitched.

Standard 8x12 Garden Flag
Double Sided
Fully readable on both sides.
Double stitched on three sides with standard rod pocket at the top.
Heavy but soft to the touch.
Weather Resistant.  Fade Resistant. **
**Flags will last longer if not in direct sunlight.   If needed spray with a UV Protectant each season",,,,,,,1,$23.85 ,,,,,1,badbunny400,badbunny160,"https://img1.wsimg.com/isteam/ip/d60a8e97-8bec-436a-acdb-1f4df800ed0b/ols/5043.jpg/:/rs=w:1064,h:1064","rs=w:1064,h:1064",,,badbunny800,"rs=w:1064,h:1064"
,,,,,,,,,,,,,,,,,,,,,,,,
Witch Cat With Cauldron Metal Sign ~ 12x8 ~ Set of 3,Witch Cat With Cauldron Metal Sign ~ 12x8 ~ Set of 3,,"Witch Cat With Cauldron Metal Sign ~ 12x8 ~ Set of 3

Heavy Gauge Sublimated Aluminum
Measures 12in x 8in
Holes in all four corners for ease of wall placement. Can also be displayed on a tabletop with an easel. 
*Easel not included
**Sale is for Metal Sign ONLY

Made in U.S.A.

Please ask any and all questions before purchase.

Thank you,
Bad Bunny Designs",,,,,,,1,$20.85 ,,,,,1,badbunny400,badbunny160,"https://img1.wsimg.com/isteam/ip/d60a8e97-8bec-436a-acdb-1f4df800ed0b/ols/TS2273%20Witch%20Cat%20With%20Cauldron.JPG/:/rs=w:1064,h:1064","rs=w:1064,h:1064",,,badbunny800,"rs=w:1064,h:1064"
,,,,,,,,,,,,,,,,,,,,,,,,
Vintage Truck In Sunflower Field Metal Sign ~ 12x8 ~ Set of 3,Vintage Truck In Sunflower Field Metal Sign ~ 12x8 ~ Set of 3,,"Vintage Truck In Sunflower Field Metal Sign ~ 12x8 ~ Set of 3

Heavy Gauge Sublimated Aluminum
Measures 12in x 8in
Holes in all four corners for ease of wall placement. Can also be displayed on a tabletop with an easel. 
*Easel not included
**Sale is for Metal Sign ONLY

Made in U.S.A.

Please ask any and all questions before purchase.

Thank you,
Bad Bunny Designs",,,,,,,1,$20.85 ,,,,,1,badbunny400,badbunny160,"https://img1.wsimg.com/isteam/ip/d60a8e97-8bec-436a-acdb-1f4df800ed0b/ols/TS2306%20Vintage%20Truck%20In%20Sunflower%20Field.JPG/:/rs=w:1064,h:1064","rs=w:1064,h:1064",,,badbunny800,"rs=w:1064,h:1064"
,,,,,,,,,,,,,,,,,,,,,,,,
Black Cat With Witches Laundry Metal Sign ~ 12x8 ~ Set of 3,Black Cat With Witches Laundry Metal Sign ~ 12x8 ~ Set of 3,,"Black Cat With Witches Laundry Metal Sign ~ 12x8 ~ Set of 3

Heavy Gauge Sublimated Aluminum
Measures 12in x 8in
Holes in all four corners for ease of wall placement. Can also be displayed on a tabletop with an easel. 
*Easel not included
**Sale is for Metal Sign ONLY

Made in U.S.A.

Please ask any and all questions before purchase.

Thank you,
Bad Bunny Designs",,,,,,,1,$20.85 ,,,,,1,badbunny400,badbunny160,"https://img1.wsimg.com/isteam/ip/d60a8e97-8bec-436a-acdb-1f4df800ed0b/ols/TS2240%20Black%20Cat%20With%20Witches%20Laundry.JPG/:/rs=w:1064,h:1064","rs=w:1064,h:1064",,,badbunny800,"rs=w:1064,h:1064"
,,,,,,,,,,,,,,,,,,,,,,,,
Sleepy Hallow Farm Metal Sign ~ 12x8 ~ Set of 3,Sleepy Hallow Farm Metal Sign ~ 12x8 ~ Set of 3,,"Sleepy Hallow Farm Metal Sign ~ 12x8 ~ Set of 3

Heavy Gauge Sublimated Aluminum
Measures 12in x 8in
Holes in all four corners for ease of wall placement. Can also be displayed on a tabletop with an easel. 
*Easel not included
**Sale is for Metal Sign ONLY

Made in U.S.A.

Please ask any and all questions before purchase.

Thank you,
Bad Bunny Designs",,,,,,,1,$20.85 ,,,,,1,badbunny400,badbunny160,"https://img1.wsimg.com/isteam/ip/d60a8e97-8bec-436a-acdb-1f4df800ed0b/ols/TS2275%20Sleepy%20Hollow%20Farm.JPG/:/rs=w:1064,h:1064","rs=w:1064,h:1064",,,badbunny800,"rs=w:1064,h:1064"
,,,,,,,,,,,,,,,,,,,,,,,,
Bee Skep #2 Cork Back Drink Coasters ~ Set of 4 ~ 4 x 4in. ~,Bee Skep #2 Cork Back Drink Coasters ~ Set of 4 ~ 4 x 4in. ~,,"Bee Skep #2 Cork Back Drink Coasters ~ Set of ~ 4in. x 4in.

Our coasters are a cute way to display your personal style while protecting your furniture. They are a complement to any table or surface. Perfect for hot or cold drinks.
Measures 4'x4'
High gloss finish and a non-skid cork backing. Wipe clean.",,,,,,,1,$7.95 ,,,,,1,badbunny400,badbunny160,"https://img1.wsimg.com/isteam/ip/d60a8e97-8bec-436a-acdb-1f4df800ed0b/ols/1078.jpg/:/rs=w:1064,h:1064","rs=w:1064,h:1064",,,badbunny800,"rs=w:1064,h:1064"
,,,,,,,,,,,,,,,,,,,,,,,,
Welcome St Patrick's Day Three Hearts and Clover Garden Flag ~ Wholesale Pack of 3 Flags,Welcome St Patrick's Day Three Hearts and Clover Garden Flag ~ Wholesale Pack of 3 Flags,,"Welcome St Patrick's Day Three Hearts and Clover Garden Flag

Wholesale pack of three flags.   Price for each flag is $5.95
Suggested retail is $12.95 to $14.95 depending on your area.

Standard 8x12 Garden Flag
Double Sided with sun block sheet in between.
Fully readable on both sides.
Double stitched on three sides with standard rod pocket at the top.
250g Dye Sublimated Polyester.
Heavy but soft to the touch.
Weather Resistant.  Fade Resistant.**
**Flags will last longer if not in direct sunlight.   If needed spray with a UV Protectant each season.",,,,,,,1,$17.85 ,,,,,1,badbunny400,badbunny160,"https://img1.wsimg.com/isteam/ip/d60a8e97-8bec-436a-acdb-1f4df800ed0b/ols/5009%20ple.jpg/:/rs=w:1064,h:1064","rs=w:1064,h:1064",,,badbunny800,"rs=w:1064,h:1064"
,,,,,,,,,,,,,,,,,,,,,,,,
Girl Witch Red Stripe Cork Back Drink Coasters ~ Set of 4 ~ 4 x 4in. ~,Girl Witch Red Stripe Cork Back Drink Coasters ~ Set of 4 ~ 4 x 4in. ~,,"Girl Witch Red Stripe Cork Back Drink Coasters ~ Set of ~ 4in. x 4in.

Our coasters are a cute way to display your personal style while protecting your furniture. They are a complement to any table or surface. Perfect for hot or cold drinks.
Measures 4'x4'
High gloss finish and a non-skid cork backing. Wipe clean.",,,,,,,1,$7.95 ,,,,,1,badbunny400,badbunny160,"https://img1.wsimg.com/isteam/ip/d60a8e97-8bec-436a-acdb-1f4df800ed0b/ols/1034.jpg/:/rs=w:1064,h:1064","rs=w:1064,h:1064",,,badbunny800,"rs=w:1064,h:1064"
,,,,,,,,,,,,,,,,,,,,,,,,
Pesticide Free Habitat Metal Sign ~ 12x8 ~ Set of 3,Pesticide Free Habitat Metal Sign ~ 12x8 ~ Set of 3,,"Pesticide Free Habitat Metal Sign ~ 12x8 ~ Set of 3

Heavy Gauge Sublimated Aluminum
Measures 12in x 8in
Holes in all four corners for ease of wall placement. Can also be displayed on a tabletop with an easel. 
*Easel not included
**Sale is for Metal Sign ONLY

Made in U.S.A.

Please ask any and all questions before purchase.

Thank you,
Bad Bunny Designs",,,,,,,1,$20.85 ,,,,,1,badbunny400,badbunny160,"https://img1.wsimg.com/isteam/ip/d60a8e97-8bec-436a-acdb-1f4df800ed0b/ols/TS2184%20Pesticide%20Free%20Habitat.JPG/:/rs=w:1064,h:1064","rs=w:1064,h:1064",,,badbunny800,"rs=w:1064,h:1064"
,,,,,,,,,,,,,,,,,,,,,,,,
Welcome To The Beach Metal Sign ~ 12x8 ~ Set of 3,Welcome To The Beach Metal Sign ~ 12x8 ~ Set of 3,,"Welcome To The Beach Metal Sign ~ 12x8 ~ Set of 3

Heavy Gauge Sublimated Aluminum
Measures 12in x 8in
Holes in all four corners for ease of wall placement. Can also be displayed on a tabletop with an easel. 
*Easel not included
**Sale is for Metal Sign ONLY

Made in U.S.A.

Please ask any and all questions before purchase.

Thank you,
Bad Bunny Designs",,,,,,,1,$20.85 ,,,,,1,badbunny400,badbunny160,"https://img1.wsimg.com/isteam/ip/d60a8e97-8bec-436a-acdb-1f4df800ed0b/ols/TS2182%20Welcome%20To%20The%20Beach.JPG/:/rs=w:1064,h:1064","rs=w:1064,h:1064",,,badbunny800,"rs=w:1064,h:1064"
