12 PC. PLUSH CHRISTMAS SNOWMEN ORNAMENT CRATE,ADC5693,,,,,,,,,1,99,,,,,1,brightideas400,brightideas160,https://www.brightideasllc.com/products/adc5693.jpg,adc5693.jpg,,,brightideas800,adc5693.jpg,
"12 PC. SANTA, SNOWMAN, AND REINDEER ORNAMENT CRATE",ADC5722,,,,,,,,,1,99,,,,,1,brightideas400,brightideas160,https://www.brightideasllc.com/products/adc5722.jpg,adc5722.jpg,,,brightideas800,adc5722.jpg,
12 PC.TEAL REINDEER ORNAMENT W/ CRATE,ADC5712,,,,,,,,,1,99,,,,,1,brightideas400,brightideas160,https://www.brightideasllc.com/products/adc5712.jpg,adc5712.jpg,,,brightideas800,adc5712.jpg,
12 PC. PLUSH PLAID AND CHEVRON SNOWMEN W/ CRATE 2 ASSTD,ADC5710,,,,,,,,,1,99,,,,,1,brightideas400,brightideas160,https://www.brightideasllc.com/products/adc5710.jpg,adc5710.jpg,,,brightideas800,adc5710.jpg,
16/SET PUMPKINS AND PINECONES IN MESH BAG,RJA5606,,,,,,,,,1,99,,,,,1,brightideas400,brightideas160,https://www.brightideasllc.com/products/rja5606.jpg,rja5606.jpg,,,brightideas800,rja5606.jpg,
2/SET GREEN WOODEN MUSHROOMS,MAU5529,,,,,,,,,1,99,,,,,1,brightideas400,brightideas160,https://www.brightideasllc.com/products/m5529.jpg,m5529.jpg,,,brightideas800,m5529.jpg,
2/SET PINK WOODEN MUSHROOMS,MAU5528,,,,,,,,,1,99,,,,,1,brightideas400,brightideas160,https://www.brightideasllc.com/products/m5528.jpg,m5528.jpg,,,brightideas800,m5528.jpg,
2/SET YELLOW WOODEN MUSHROOMS,MAU5527,,,,,,,,,1,99,,,,,1,brightideas400,brightideas160,https://www.brightideasllc.com/products/m5527.jpg,m5527.jpg,,,brightideas800,m5527.jpg,
30/SET DECORATIVE FOAM MUSHROOMS IN MESH BAG,RJA5629,,,,,,,,,1,99,,,,,1,brightideas400,brightideas160,https://www.brightideasllc.com/products/rja5629.jpg,rja5629.jpg,,,brightideas800,rja5629.jpg,
9/SET VELVET PUMPKINS,RJA5607,,,,,,,,,1,99,,,,,1,brightideas400,brightideas160,https://www.brightideasllc.com/products/rja5607.jpg,rja5607.jpg,,,brightideas800,rja5607.jpg,
ANGEL MOUSE W/STAR FELTED ORNAMENT,HBY5596,,,,,,,,,1,99,,,,,1,brightideas400,brightideas160,https://www.brightideasllc.com/products/hby5596.jpg,hby5596.jpg,,,brightideas800,hby5596.jpg,
ANGEL SNOWMAN W/ SANTA HAT,ADC5688,,,,,,,,,1,99,,,,,1,brightideas400,brightideas160,https://www.brightideasllc.com/products/adc5688.jpg,adc5688.jpg,,,brightideas800,adc5688.jpg,
BEACH PIG FELTED ORNAMENT,HBY5585,,,,,,,,,1,99,,,,,1,brightideas400,brightideas160,https://www.brightideasllc.com/products/hby5585.jpg,hby5585.jpg,,,brightideas800,hby5585.jpg,
BILLY GOAT WITH SCARF FELTED ORNAMENT,HBY5587,,,,,,,,,1,99,,,,,1,brightideas400,brightideas160,https://www.brightideasllc.com/products/hby5587.jpg,hby5587.jpg,,,brightideas800,hby5587.jpg,
BLACK FLUFFY BOBBING HIGHLAND COW,ZOE5537,,,,,,,,,1,99,,,,,1,brightideas400,brightideas160,https://www.brightideasllc.com/products/zoe5537.jpg,zoe5537.jpg,,,brightideas800,zoe5537.jpg,
BOW TIE BUNNY WITH CARROT,ZOE5532,,,,,,,,,1,99,,,,,1,brightideas400,brightideas160,https://www.brightideasllc.com/products/zoe5532.jpg,zoe5532.jpg,,,brightideas800,zoe5532.jpg,
BROWN DANGLE LEGS FLUFFY CHICKEN,ZOE5514,,,,,,,,,1,99,,,,,1,brightideas400,brightideas160,https://www.brightideasllc.com/products/zoe5514.jpg,zoe5514.jpg,,,brightideas800,zoe5514.jpg,
BROWN FLUFFY BOBBING HIGHLAND COW,ZOE5535,,,,,,,,,1,99,,,,,1,brightideas400,brightideas160,https://www.brightideasllc.com/products/zoe5535.jpg,zoe5535.jpg,,,brightideas800,zoe5535.jpg,
BROWN FLUFFY CHICKEN,ZOE5512,,,,,,,,,1,99,,,,,1,brightideas400,brightideas160,https://www.brightideasllc.com/products/zoe5512.jpg,zoe5512.jpg,,,brightideas800,zoe5512.jpg,
BURGUNDY ANGEL DOLL ORNAMENT,SHN5566,,,,,,,,,1,99,,,,,1,brightideas400,brightideas160,https://www.brightideasllc.com/products/shn5566.jpg,shn5566.jpg,,,brightideas800,shn5566.jpg,
BURNT ORANGE POLKA DOT MUSHROOM SITTER,ADC5707,,,,,,,,,1,99,,,,,1,brightideas400,brightideas160,https://www.brightideasllc.com/products/adc5707.jpg,adc5707.jpg,,,brightideas800,adc5707.jpg,
BURNT WOOD FRAME STAR W/LED LIGHTS,SHN5570,,,,,,,,,1,99,,,,,1,brightideas400,brightideas160,https://www.brightideasllc.com/products/shn5570.jpg,shn5570.jpg,,,brightideas800,shn5570.jpg,
CANDY CORN WITCH HAT GHOST,ADC5711,,,,,,,,,1,99,,,,,1,brightideas400,brightideas160,https://www.brightideasllc.com/products/adc5711.jpg,adc5711.jpg,,,brightideas800,adc5711.jpg,
"CARDINAL HEART SITTER W/LED LIGHTS, 2 ASSTD.",SUN5546,,,,,,,,,1,99,,,,,1,brightideas400,brightideas160,https://www.brightideasllc.com/products/sun5546.jpg,sun5546.jpg,,,brightideas800,sun5546.jpg,
CHEF MOUSE WITH BAGUETTE FELTED ORNAMENT,QHT5515,,,,,,,,,1,99,,,,,1,brightideas400,brightideas160,https://www.brightideasllc.com/products/qht5515.jpg,qht5515.jpg,,,brightideas800,qht5515.jpg,
CHEF MOUSE WITH CHEESE FELTED ORNAMENT,QHT5516,,,,,,,,,1,99,,,,,1,brightideas400,brightideas160,https://www.brightideasllc.com/products/qht5516.jpg,qht5516.jpg,,,brightideas800,qht5516.jpg,
CHRISTMAS BIKINI MOUSE FELTED ORNAMENT,HBY5584,,,,,,,,,1,99,,,,,1,brightideas400,brightideas160,https://www.brightideasllc.com/products/hby5584.jpg,hby5584.jpg,,,brightideas800,hby5584.jpg,
CHRISTMAS CARDINAL WOOD ORNAMENT,RJA5614,,,,,,,,,1,99,,,,,1,brightideas400,brightideas160,https://www.brightideasllc.com/products/rja5614.jpg,rja5614.jpg,,,brightideas800,rja5614.jpg,
CHRISTMAS DANGLE LEG LLAMA W/ CONVERSE,ADC5706,,,,,,,,,1,99,,,,,1,brightideas400,brightideas160,https://www.brightideasllc.com/products/adc5706.jpg,adc5706.jpg,,,brightideas800,adc5706.jpg,
CHRISTMAS HIGHLAND COW FELTED ORNAMENT,HBY5582,,,,,,,,,1,99,,,,,1,brightideas400,brightideas160,https://www.brightideasllc.com/products/hby5582.jpg,hby5582.jpg,,,brightideas800,hby5582.jpg,
CHRISTMAS SISAL OWL AND MUSHROOM SITTER,RJA5628,,,,,,,,,1,99,,,,,1,brightideas400,brightideas160,https://www.brightideasllc.com/products/rja5628.jpg,rja5628.jpg,,,brightideas800,rja5628.jpg,
CHRISTMAS SNOWMAN FAMILY,ADC5637,,,,,,,,,1,99,,,,,1,brightideas400,brightideas160,https://www.brightideasllc.com/products/adc5637.jpg,adc5637.jpg,,,brightideas800,adc5637.jpg,
CHRISTMAS SNOWMAN STACK - SPECIAL BUY! ORIGINAL PRICE $34.00,ADC5635,,,,,,,,,1,99,,,,,1,brightideas400,brightideas160,https://www.brightideasllc.com/products/adc5635.jpg,adc5635.jpg,,,brightideas800,adc5635.jpg,
CHRISTMAS STANDING SNOWMAN,ADC5636,,,,,,,,,1,99,,,,,1,brightideas400,brightideas160,https://www.brightideasllc.com/products/adc5636.jpg,adc5636.jpg,,,brightideas800,adc5636.jpg,
COLORFUL DANGLE LEG DOG W/ GLASSES,ADC5694,,,,,,,,,1,99,,,,,1,brightideas400,brightideas160,https://www.brightideasllc.com/products/adc5694.jpg,adc5694.jpg,,,brightideas800,adc5694.jpg,
COOL CHICK,ADC5496,,,,,,,,,1,99,,,,,1,brightideas400,brightideas160,https://www.brightideasllc.com/products/adc5496.jpg,adc5496.jpg,,,brightideas800,adc5496.jpg,
COW WITH BELLS FELTED ORNAMENT,QHT5564,,,,,,,,,1,99,,,,,1,brightideas400,brightideas160,https://www.brightideasllc.com/products/qht5564.jpg,qht5564.jpg,,,brightideas800,qht5564.jpg,
"COZY CREAM REINDEER, 2 ASSTD.",ADC5638,,,,,,,,,1,99,,,,,1,brightideas400,brightideas160,https://www.brightideasllc.com/products/adc5638.jpg,adc5638.jpg,,,brightideas800,adc5638.jpg,
CREAM DRESS REINDEER ORNAMENT,SHN5572,,,,,,,,,1,99,,,,,1,brightideas400,brightideas160,https://www.brightideasllc.com/products/shn5572.jpg,shn5572.jpg,,,brightideas800,shn5572.jpg,
CREAM PLUSH POLKA DOT PUMPKIN,ADC5674,,,,,,,,,1,99,,,,,1,brightideas400,brightideas160,https://www.brightideasllc.com/products/adc5674.jpg,adc5674.jpg,,,brightideas800,adc5674.jpg,
CREAM POLKA DOT MUSHROOM SITTER,ADC5708,,,,,,,,,1,99,,,,,1,brightideas400,brightideas160,https://www.brightideasllc.com/products/adc5708.jpg,adc5708.jpg,,,brightideas800,adc5708.jpg,
"CRIMSON SPARKLE PARTY SPRAY - 24""H",ART5669,,,,,,,,,1,99,,,,,1,brightideas400,brightideas160,https://www.brightideasllc.com/products/art5669.jpg,art5669.jpg,,,brightideas800,art5669.jpg,
DANGLE LEG CONVERSE SANTA,ADC5701,,,,,,,,,1,99,,,,,1,brightideas400,brightideas160,https://www.brightideasllc.com/products/adc5701.jpg,adc5701.jpg,,,brightideas800,adc5701.jpg,
DANGLE LEG SANTA W/ TREE,ADC5682,,,,,,,,,1,99,,,,,1,brightideas400,brightideas160,https://www.brightideasllc.com/products/adc5682.jpg,adc5682.jpg,,,brightideas800,adc5682.jpg,
"DANGLE LEG SANTA, SNOWMAN, AND REINDEER, 3 ASSTD.",ADC5695,,,,,,,,,1,99,,,,,1,brightideas400,brightideas160,https://www.brightideasllc.com/products/adc5695.jpg,adc5695.jpg,,,brightideas800,adc5695.jpg,
DEER WITH SCARF FELTED ORNAMENT,HBY5586,,,,,,,,,1,99,,,,,1,brightideas400,brightideas160,https://www.brightideasllc.com/products/hby5586.jpg,hby5586.jpg,,,brightideas800,hby5586.jpg,
DOG WITH TREE FELTED ORNAMENT,QHT5562,,,,,,,,,1,99,,,,,1,brightideas400,brightideas160,https://www.brightideasllc.com/products/qht5562.jpg,qht5562.jpg,,,brightideas800,qht5562.jpg,
FABRIC BIRD WITH BURGUNDY HAT AND SCARF,SHN5567,,,,,,,,,1,99,,,,,1,brightideas400,brightideas160,https://www.brightideasllc.com/products/shn5567.jpg,shn5567.jpg,,,brightideas800,shn5567.jpg,
FABRIC BUNNY BOWL - 2 ASSTD.,ZOE5531,,,,,,,,,1,99,,,,,1,brightideas400,brightideas160,https://www.brightideasllc.com/products/zoe5531.jpg,zoe5531.jpg,,,brightideas800,zoe5531.jpg,
FALL DEER,ADC5715,,,,,,,,,1,99,,,,,1,brightideas400,brightideas160,https://www.brightideasllc.com/products/adc5715.jpg,adc5715.jpg,,,brightideas800,adc5715.jpg,
FALL LEAVES FELTED GARLAND,SUN5538,,,,,,,,,1,99,,,,,1,brightideas400,brightideas160,https://www.brightideasllc.com/products/sun5538.jpg,sun5538.jpg,,,brightideas800,sun5538.jpg,
"FALL WOODLAND ANIMAL SITTER, 3 ASSTD.",SYA5603,,,,,,,,,1,99,,,,,1,brightideas400,brightideas160,https://www.brightideasllc.com/products/sya5603.jpg,sya5603.jpg,,,brightideas800,sya5603.jpg,
FELTED BEACH CHAIR SANTA,HBY5599,,,,,,,,,1,99,,,,,1,brightideas400,brightideas160,https://www.brightideasllc.com/products/hby5599.jpg,hby5599.jpg,,,brightideas800,hby5599.jpg,
FELTED CARDINAL ON BRANCH ORNAMENT,SHN5574,,,,,,,,,1,99,,,,,1,brightideas400,brightideas160,https://www.brightideasllc.com/products/shn5574.jpg,shn5574.jpg,,,brightideas800,shn5574.jpg,
FELTED CHICKADEE ON BRANCH ORNAMENT,SHN5569,,,,,,,,,1,99,,,,,1,brightideas400,brightideas160,https://www.brightideasllc.com/products/shn5569.jpg,shn5569.jpg,,,brightideas800,shn5569.jpg,
FELTED MOUSE IN TAN COAT ORNAMENT,HBY5580,,,,,,,,,1,99,,,,,1,brightideas400,brightideas160,https://www.brightideasllc.com/products/hby5580.jpg,hby5580.jpg,,,brightideas800,hby5580.jpg,
FELTED MOUSE ON LOG,SHN5568,,,,,,,,,1,99,,,,,1,brightideas400,brightideas160,https://www.brightideasllc.com/products/shn5568.jpg,shn5568.jpg,,,brightideas800,shn5568.jpg,
3/SET FELTED MUSHROOM PICKS,HBY5506,,,,,,,,,1,99,,,,,1,brightideas400,brightideas160,https://www.brightideasllc.com/products/hby5506.jpg,hby5506.jpg,,,brightideas800,hby5506.jpg,
FELTED POLAR BEAR MAMA AND CUB,HBY5598,,,,,,,,,1,99,,,,,1,brightideas400,brightideas160,https://www.brightideasllc.com/products/hby5598.jpg,hby5598.jpg,,,brightideas800,hby5598.jpg,
FELTED WITCH GHOST W/LED LIGHT,HBY5591,,,,,,,,,1,99,,,,,1,brightideas400,brightideas160,https://www.brightideasllc.com/products/hby5591.jpg,hby5591.jpg,,,brightideas800,hby5591.jpg,
FIREMAN MOUSE FELTED ORNAMENT,HBY5590,,,,,,,,,1,99,,,,,1,brightideas400,brightideas160,https://www.brightideasllc.com/products/hby5590.jpg,hby5590.jpg,,,brightideas800,hby5590.jpg,
FISHING FROG,ZOE5510,,,,,,,,,1,99,,,,,1,brightideas400,brightideas160,https://www.brightideasllc.com/products/zoe5510.jpg,zoe5510.jpg,,,brightideas800,zoe5510.jpg,
FLORAL BUNNY WITH DAISY,ZOE5533,,,,,,,,,1,99,,,,,1,brightideas400,brightideas160,https://www.brightideasllc.com/products/zoe5533.jpg,zoe5533.jpg,,,brightideas800,zoe5533.jpg,
FLOWER DRESS DANGLE LEGS BUNNY - 2 ASSTD.,ZOE5530,,,,,,,,,1,99,,,,,1,brightideas400,brightideas160,https://www.brightideasllc.com/products/zoe5530.jpg,zoe5530.jpg,,,brightideas800,zoe5530.jpg,
"FLUFFY SHEEP WITH FLOWER, 2 ASSTD.",ZOE5508,,,,,,,,,1,99,,,,,1,brightideas400,brightideas160,https://www.brightideasllc.com/products/zoe5508.jpg,zoe5508.jpg,,,brightideas800,zoe5508.jpg,
FOX IN HOODIE FELTED ORNAMENT,HBY5594,,,,,,,,,1,99,,,,,1,brightideas400,brightideas160,https://www.brightideasllc.com/products/hby5594.jpg,hby5594.jpg,,,brightideas800,hby5594.jpg,
FUR COAT FOX,ADC5720,,,,,,,,,1,99,,,,,1,brightideas400,brightideas160,https://www.brightideasllc.com/products/adc5720.jpg,adc5720.jpg,,,brightideas800,adc5720.jpg,
FUR COAT REINDEER,ADC5634,,,,,,,,,1,99,,,,,1,brightideas400,brightideas160,https://www.brightideasllc.com/products/adc5634.jpg,adc5634.jpg,,,brightideas800,adc5634.jpg,
FURRY BUNNY DANGLE LEGS,ADC5491,,,,,,,,,1,99,,,,,1,brightideas400,brightideas160,https://www.brightideasllc.com/products/adc5491.jpg,adc5491.jpg,,,brightideas800,adc5491.jpg,
FURRY BUNNY SITTER,ADC5490,,,,,,,,,1,99,,,,,1,brightideas400,brightideas160,https://www.brightideasllc.com/products/adc5490.jpg,adc5490.jpg,,,brightideas800,adc5490.jpg,
FUZZY BEAR W/ CHEVRON SWEATER,ADC5692,,,,,,,,,1,99,,,,,1,brightideas400,brightideas160,https://www.brightideasllc.com/products/adc5692.jpg,adc5692.jpg,,,brightideas800,adc5692.jpg,
FUZZY BROWN SITTING SLOTH W/ STRIPED SCARF,ADC5680,,,,,,,,,1,99,,,,,1,brightideas400,brightideas160,https://www.brightideasllc.com/products/adc5680.jpg,adc5680.jpg,,,brightideas800,adc5680.jpg,
"FUZZY GLITTERED SNOWMAN W/SCARF HANGER - 8.75""H",ART5648,,,,,,,,,1,99,,,,,1,brightideas400,brightideas160,https://www.brightideasllc.com/products/art5648.jpg,art5648.jpg,,,brightideas800,art5648.jpg,
FUZZY SLOTH W/ TRAPPER HAT,ADC5691,,,,,,,,,1,99,,,,,1,brightideas400,brightideas160,https://www.brightideasllc.com/products/adc5691.jpg,adc5691.jpg,,,brightideas800,adc5691.jpg,
FUZZY STANDING SHEEP W/ HOLLY,ADC5684,,,,,,,,,1,99,,,,,1,brightideas400,brightideas160,https://www.brightideasllc.com/products/adc5684.jpg,adc5684.jpg,,,brightideas800,adc5684.jpg,
GHOST DOG,ADC5633,,,,,,,,,1,99,,,,,1,brightideas400,brightideas160,https://www.brightideasllc.com/products/adc5633.jpg,adc5633.jpg,,,brightideas800,adc5633.jpg,
"GINGERBREAD ORNAMENT, 3 ASSTD.",ADC5705,,,,,,,,,1,99,,,,,1,brightideas400,brightideas160,https://www.brightideasllc.com/products/adc5705.jpg,adc5705.jpg,,,brightideas800,adc5705.jpg,
"GLITTERED LONG NEEDLE CONE TREE - 17""H",ART5662,,,,,,,,,1,99,,,,,1,brightideas400,brightideas160,https://www.brightideasllc.com/products/art5662.jpg,art5662.jpg,,,brightideas800,art5662.jpg,
GOLD GLITTER SNOWFLAKE ORNAMENT,RJA5617,,,,,,,,,1,99,,,,,1,brightideas400,brightideas160,https://www.brightideasllc.com/products/rja5617.jpg,rja5617.jpg,,,brightideas800,rja5617.jpg,
GREEN BRAIDED MUSHROOM,SYA5524,,,,,,,,,1,99,,,,,1,brightideas400,brightideas160,https://www.brightideasllc.com/products/sya5524.jpg,sya5524.jpg,,,brightideas800,sya5524.jpg,
HALLOWEEN MOUSE FELTED ORNAMENT W/LED LIGHT,HBY5595,,,,,,,,,1,99,,,,,1,brightideas400,brightideas160,https://www.brightideasllc.com/products/hby5595.jpg,hby5595.jpg,,,brightideas800,hby5595.jpg,
HAPPY FROG FELTED ORNAMENT,ADC5518,,,,,,,,,1,99,,,,,1,brightideas400,brightideas160,https://www.brightideasllc.com/products/adc5518.jpg,adc5518.jpg,,,brightideas800,adc5518.jpg,
HEART MOUSE WITH TUTU FELTED ORNAMENT,QHT5517,,,,,,,,,1,99,,,,,1,brightideas400,brightideas160,https://www.brightideasllc.com/products/qht5517.jpg,qht5517.jpg,,,brightideas800,qht5517.jpg,
HEART SWEATER SITTING MOUSE,SHN5573,,,,,,,,,1,99,,,,,1,brightideas400,brightideas160,https://www.brightideasllc.com/products/shn5573.jpg,shn5573.jpg,,,brightideas800,shn5573.jpg,
HEDGEHOG WITH LIGHTS AND TREE FELTED ORNAMENT,QHT5552,,,,,,,,,1,99,,,,,1,brightideas400,brightideas160,https://www.brightideasllc.com/products/qht5552.jpg,qht5552.jpg,,,brightideas800,qht5552.jpg,
HIGHLAND COW WITH FLOWERS FELTED ORNAMENT,HBY5499,,,,,,,,,1,99,,,,,1,brightideas400,brightideas160,https://www.brightideasllc.com/products/hby5499.jpg,hby5499.jpg,,,brightideas800,hby5499.jpg,
HO HO HO PLUSH SNOWMAN SITTER,ADC5696,,,,,,,,,1,99,,,,,1,brightideas400,brightideas160,https://www.brightideasllc.com/products/adc5696.jpg,adc5696.jpg,,,brightideas800,adc5696.jpg,
HO HO HO SHEEP PILLOW - SPECIAL BUY! ORIGINAL PRICE $28.00,ADC5686,,,,,,,,,1,99,,,,,1,brightideas400,brightideas160,https://www.brightideasllc.com/products/adc5686.jpg,adc5686.jpg,,,brightideas800,adc5686.jpg,
HO HO HO SNOWMAN PILLOW,ADC5697,,,,,,,,,1,99,,,,,1,brightideas400,brightideas160,https://www.brightideasllc.com/products/adc5697.jpg,adc5697.jpg,,,brightideas800,adc5697.jpg,
ICE CREAM CONE GNOME,ZOE5451,,,,,,,,,1,99,,,,,1,brightideas400,brightideas160,https://www.brightideasllc.com/products/zoe5451.jpg,zoe5451.jpg,,,brightideas800,zoe5451.jpg,
JACK O LANTERN WITCH DANGLE LEG DOLL,ADC5677,,,,,,,,,1,99,,,,,1,brightideas400,brightideas160,https://www.brightideasllc.com/products/adc5677.jpg,adc5677.jpg,,,brightideas800,adc5677.jpg,
JOY NATIVITY SCENE SITTER,SUN5541,,,,,,,,,1,99,,,,,1,brightideas400,brightideas160,https://www.brightideasllc.com/products/sun5541.jpg,sun5541.jpg,,,brightideas800,sun5541.jpg,
KNIT FABRIC CHICKEN,ADC5497,,,,,,,,,1,99,,,,,1,brightideas400,brightideas160,https://www.brightideasllc.com/products/adc5497.jpg,adc5497.jpg,,,brightideas800,adc5497.jpg,
"LED CARDINAL WINDOW SITTER, 2 ASSTD.",SUN5547,,,,,,,,,1,99,,,,,1,brightideas400,brightideas160,https://www.brightideasllc.com/products/sun5547.jpg,sun5547.jpg,,,brightideas800,sun5547.jpg,
LILY FROG,ADC5494,,,,,,,,,1,99,,,,,1,brightideas400,brightideas160,https://www.brightideasllc.com/products/adc5494.jpg,adc5494.jpg,,,brightideas800,adc5494.jpg,
LUMBERJACK MOUSE FELTED ORNAMENT,HBY5583,,,,,,,,,1,99,,,,,1,brightideas400,brightideas160,https://www.brightideasllc.com/products/hby5583.jpg,hby5583.jpg,,,brightideas800,hby5583.jpg,
METAL FLOWERPOT BOBBING GNOME,FHH5526,,,,,,,,,1,99,,,,,1,brightideas400,brightideas160,https://www.brightideasllc.com/products/fhh5526.jpg,fhh5526.jpg,,,brightideas800,fhh5526.jpg,
MOUSE IN RAINCOAT FELTED ORNAMENT,HBY5501,,,,,,,,,1,99,,,,,1,brightideas400,brightideas160,https://www.brightideasllc.com/products/hby5501.jpg,hby5501.jpg,,,brightideas800,hby5501.jpg,
MOUSE IN TREE FELTED ORNAMENT,QHT5558,,,,,,,,,1,99,,,,,1,brightideas400,brightideas160,https://www.brightideasllc.com/products/qht5558.jpg,qht5558.jpg,,,brightideas800,qht5558.jpg,
MOUSE WITH GINGERBREAD MAN FELTED ORNAMENT,QHT5554,,,,,,,,,1,99,,,,,1,brightideas400,brightideas160,https://www.brightideasllc.com/products/qht5554.jpg,qht5554.jpg,,,brightideas800,qht5554.jpg,
"MR. AND MRS. GINGERBREAD SITTER, 2 ASSTD.",ADC5726,,,,,,,,,1,99,,,,,1,brightideas400,brightideas160,https://www.brightideasllc.com/products/adc5726.jpg,adc5726.jpg,,,brightideas800,adc5726.jpg,
"MR. AND MRS. GINGERBREAD, 2 ASSTD.",ADC5721,,,,,,,,,1,99,,,,,1,brightideas400,brightideas160,https://www.brightideasllc.com/products/adc5721.jpg,adc5721.jpg,,,brightideas800,adc5721.jpg,
"MUSHROOM GNOME, 2 ASSTD.",ADC5493,,,,,,,,,1,99,,,,,1,brightideas400,brightideas160,https://www.brightideasllc.com/products/adc5493.jpg,adc5493.jpg,,,brightideas800,adc5493.jpg,
NATIVITY SCENE SITTER W/LED LIGHTS,SUN5549,,,,,,,,,1,99,,,,,1,brightideas400,brightideas160,https://www.brightideasllc.com/products/sun5549.jpg,sun5549.jpg,,,brightideas800,sun5549.jpg,
"NATIVITY SILHOUETTE ORNAMENT, 2 ASSTD.",SUN5542,,,,,,,,,1,99,,,,,1,brightideas400,brightideas160,https://www.brightideasllc.com/products/sun5542.jpg,sun5542.jpg,,,brightideas800,sun5542.jpg,
NATIVITY SILHOUETTE PLAQUE W/LED LIGHTS,SUN5543,,,,,,,,,1,99,,,,,1,brightideas400,brightideas160,https://www.brightideasllc.com/products/sun5543.jpg,sun5543.jpg,,,brightideas800,sun5543.jpg,
NORDIC DANGLE LEG FLUFFY CHICKEN,ZOE5730,,,,,,,,,1,99,,,,,1,brightideas400,brightideas160,https://www.brightideasllc.com/products/zoe5730-path.jpg,zoe5730-path.jpg,,,brightideas800,zoe5730-path.jpg,
NORDIC STANDING FLUFFY CHICKEN,ZOE5731,,,,,,,,,1,99,,,,,1,brightideas400,brightideas160,https://www.brightideasllc.com/products/zoe5731-path.jpg,zoe5731-path.jpg,,,brightideas800,zoe5731-path.jpg,
NORDIC TEAL TRAPPER HAT REINDEER,ADC5699,,,,,,,,,1,99,,,,,1,brightideas400,brightideas160,https://www.brightideasllc.com/products/adc5699.jpg,adc5699.jpg,,,brightideas800,adc5699.jpg,
"OPALESCENT TINSEL BALL ORNAMENT - 5""",ART5655,,,,,,,,,1,99,,,,,1,brightideas400,brightideas160,https://www.brightideasllc.com/products/art5655.jpg,art5655.jpg,,,brightideas800,art5655.jpg,
OPALESCENT TINSEL BALL ORNAMENT - 4.5,ART5656,,,,,,,,,1,99,,,,,1,brightideas400,brightideas160,https://www.brightideasllc.com/products/art5656.jpg,art5656.jpg,,,brightideas800,art5656.jpg,
"OPALESCENT TINSEL BALLS SPRAY - 27""",ART5657,,,,,,,,,1,99,,,,,1,brightideas400,brightideas160,https://www.brightideasllc.com/products/art5657.jpg,art5657.jpg,,,brightideas800,art5657.jpg,
"OPALESCENT TINSEL MINI BALLS SPRAY - 30""",ART5659,,,,,,,,,1,99,,,,,1,brightideas400,brightideas160,https://www.brightideasllc.com/products/art5659.jpg,art5659.jpg,,,brightideas800,art5659.jpg,
"OPALESCENT TINSEL TREE - 19""H",ART5658,,,,,,,,,1,99,,,,,1,brightideas400,brightideas160,https://www.brightideasllc.com/products/art5658.jpg,art5658.jpg,,,brightideas800,art5658.jpg,
ORANGE PLUSH POLKA DOT PUMPKIN,ADC5673,,,,,,,,,1,99,,,,,1,brightideas400,brightideas160,https://www.brightideasllc.com/products/adc5673.jpg,adc5673.jpg,,,brightideas800,adc5673.jpg,
ORANGE POLKA DOT MUSHROOM SITTER,ADC5709,,,,,,,,,1,99,,,,,1,brightideas400,brightideas160,https://www.brightideasllc.com/products/adc5709.jpg,adc5709.jpg,,,brightideas800,adc5709.jpg,
"PASTEL VELVET GLITTERED MUSHROOM ORNAMENT, 3 ASSTD.",RJA5519,,,,,,,,,1,99,,,,,1,brightideas400,brightideas160,https://www.brightideasllc.com/products/rja5519.jpg,rja5519.jpg,,,brightideas800,rja5519.jpg,
PEPPERMINT CANDY STANDING SANTA GNOME,ADC5681,,,,,,,,,1,99,,,,,1,brightideas400,brightideas160,https://www.brightideasllc.com/products/adc5681.jpg,adc5681.jpg,,,brightideas800,adc5681.jpg,
PIG WITH COFFEE FELTED ORNAMENT,QHT5561,,,,,,,,,1,99,,,,,1,brightideas400,brightideas160,https://www.brightideasllc.com/products/qht5561.jpg,qht5561.jpg,,,brightideas800,qht5561.jpg,
PINK ANGEL DOLL ORNAMENT,SHN5565,,,,,,,,,1,99,,,,,1,brightideas400,brightideas160,https://www.brightideasllc.com/products/shn5565.jpg,shn5565.jpg,,,brightideas800,shn5565.jpg,
PINK BRAIDED MUSHROOM,SYA5525,,,,,,,,,1,99,,,,,1,brightideas400,brightideas160,https://www.brightideasllc.com/products/sya5525.jpg,sya5525.jpg,,,brightideas800,sya5525.jpg,
PINK DANGLE LEG ANGEL,ADC5639,,,,,,,,,1,99,,,,,1,brightideas400,brightideas160,https://www.brightideasllc.com/products/adc5639.jpg,adc5639.jpg,,,brightideas800,adc5639.jpg,
PINK DRESS MOUSE ORNAMENT,SHN5571,,,,,,,,,1,99,,,,,1,brightideas400,brightideas160,https://www.brightideasllc.com/products/shn5571.jpg,shn5571.jpg,,,brightideas800,shn5571.jpg,
"PLAID BEAR FOREST SCENE ORNAMENT, 3 ASSTD.",SUN5544,,,,,,,,,1,99,,,,,1,brightideas400,brightideas160,https://www.brightideasllc.com/products/sun5544.jpg,sun5544.jpg,,,brightideas800,sun5544.jpg,
PLAID OVERALLS STANDING SQUIRREL,ZOE5733,,,,,,,,,1,99,,,,,1,brightideas400,brightideas160,https://www.brightideasllc.com/products/zoe5733-rv.jpg,zoe5733-rv.jpg,,,brightideas800,zoe5733-rv.jpg,
PLAID SCARECROW,ADC5632,,,,,,,,,1,99,,,,,1,brightideas400,brightideas160,https://www.brightideasllc.com/products/adc5632.jpg,adc5632.jpg,,,brightideas800,adc5632.jpg,
PLAID TURKEY ON PUMPKIN,ADC5631,,,,,,,,,1,99,,,,,1,brightideas400,brightideas160,https://www.brightideasllc.com/products/adc5631.jpg,adc5631.jpg,,,brightideas800,adc5631.jpg,
PLAYFUL SISAL BUNNY IN BASKET,SHN5479,,,,,,,,,1,99,,,,,1,brightideas400,brightideas160,https://www.brightideasllc.com/products/shn5479.jpg,shn5479.jpg,,,brightideas800,shn5479.jpg,
PLUSH CAT PUMPKIN GHOST TRIO,ADC5671,,,,,,,,,1,99,,,,,1,brightideas400,brightideas160,https://www.brightideasllc.com/products/adc5671.jpg,adc5671.jpg,,,brightideas800,adc5671.jpg,
PLUSH CHEVRON MOUSE,ADC5717,,,,,,,,,1,99,,,,,1,brightideas400,brightideas160,https://www.brightideasllc.com/products/adc5717.jpg,adc5717.jpg,,,brightideas800,adc5717.jpg,
"PLUSH ORANGE PATTERNED PUMPKIN, 3 ASSTD.",ADC5723,,,,,,,,,1,99,,,,,1,brightideas400,brightideas160,https://www.brightideasllc.com/products/adc5723.jpg,adc5723.jpg,,,brightideas800,adc5723.jpg,
PLUSH PENGUIN W/ CANDY CANE,ADC5703,,,,,,,,,1,99,,,,,1,brightideas400,brightideas160,https://www.brightideasllc.com/products/adc5703.jpg,adc5703.jpg,,,brightideas800,adc5703.jpg,
PLUSH PLAID FOX SITTER,ADC5679,,,,,,,,,1,99,,,,,1,brightideas400,brightideas160,https://www.brightideasllc.com/products/adc5679.jpg,adc5679.jpg,,,brightideas800,adc5679.jpg,
PLUSH REINDEER CHRISTMAS COUNTDOWN,ADC5719,,,,,,,,,1,99,,,,,1,brightideas400,brightideas160,https://www.brightideasllc.com/products/adc5719.jpg,adc5719.jpg,,,brightideas800,adc5719.jpg,
"PLUSH WOODLAND ANIMAL ORNAMENT, 3 ASSTD.",ADC5678,,,,,,,,,1,99,,,,,1,brightideas400,brightideas160,https://www.brightideasllc.com/products/adc5678.jpg,adc5678.jpg,,,brightideas800,adc5678.jpg,
RAINCOAT DUCK,ADC5495,,,,,,,,,1,99,,,,,1,brightideas400,brightideas160,https://www.brightideasllc.com/products/adc5495.jpg,adc5495.jpg,,,brightideas800,adc5495.jpg,
RED ARGYLE SNOWMAN,ADC5687,,,,,,,,,1,99,,,,,1,brightideas400,brightideas160,https://www.brightideasllc.com/products/adc5687.jpg,adc5687.jpg,,,brightideas800,adc5687.jpg,
RED CHEVRON SANTA GNOME SITTER,ADC5641,,,,,,,,,1,99,,,,,1,brightideas400,brightideas160,https://www.brightideasllc.com/products/adc5641.jpg,adc5641.jpg,,,brightideas800,adc5641.jpg,
RED CHEVRON SANTA HAT BEAR,ADC5642,,,,,,,,,1,99,,,,,1,brightideas400,brightideas160,https://www.brightideasllc.com/products/adc5642.jpg,adc5642.jpg,,,brightideas800,adc5642.jpg,
"RED GLITTERED GIFT BOX SITTER - 5"" SQ.",ART5650,,,,,,,,,1,99,,,,,1,brightideas400,brightideas160,https://www.brightideasllc.com/products/art5650.jpg,art5650.jpg,,,brightideas800,art5650.jpg,
"RED GLITTERED GIFT BOX SITTER - 5"" SQ. X 11.5""H",ART5651,,,,,,,,,1,99,,,,,1,brightideas400,brightideas160,https://www.brightideasllc.com/products/art5651.jpg,art5651.jpg,,,brightideas800,art5651.jpg,
REINDEER GLASSES MOUSE FELTED ORNAMENT,QHT5560,,,,,,,,,1,99,,,,,1,brightideas400,brightideas160,https://www.brightideasllc.com/products/qht5560.jpg,qht5560.jpg,,,brightideas800,qht5560.jpg,
REINDEER PANTS MOUSE FELTED ORNAMENT,QHT5559,,,,,,,,,1,99,,,,,1,brightideas400,brightideas160,https://www.brightideasllc.com/products/qht5559.jpg,qht5559.jpg,,,brightideas800,qht5559.jpg,
REINDEER WITH NORDIC SCARF,ADC5644,,,,,,,,,1,99,,,,,1,brightideas400,brightideas160,https://www.brightideasllc.com/products/adc5644.jpg,adc5644.jpg,,,brightideas800,adc5644.jpg,
REINDEER WITH STRIPED SCARF,ADC5643,,,,,,,,,1,99,,,,,1,brightideas400,brightideas160,https://www.brightideasllc.com/products/adc5643.jpg,adc5643.jpg,,,brightideas800,adc5643.jpg,
SANDY SNOWMAN FELTED ORNAMENT,HBY5597,,,,,,,,,1,99,,,,,1,brightideas400,brightideas160,https://www.brightideasllc.com/products/hby5597.jpg,hby5597.jpg,,,brightideas800,hby5597.jpg,
SANTA I CAN EXPLAIN FELTED MOUSE ORNAMENT,QHT5551,,,,,,,,,1,99,,,,,1,brightideas400,brightideas160,https://www.brightideasllc.com/products/qht5551.jpg,qht5551.jpg,,,brightideas800,qht5551.jpg,
SHEEP W/ CHRISTMAS PRESENT - SPECIAL BUY! ORIGINAL PRICE $28.00,ADC5683,,,,,,,,,1,99,,,,,1,brightideas400,brightideas160,https://www.brightideasllc.com/products/adc5683.jpg,adc5683.jpg,,,brightideas800,adc5683.jpg,
SHEEP WITH SPRIG FELTED ORNAMENT,QHT5563,,,,,,,,,1,99,,,,,1,brightideas400,brightideas160,https://www.brightideasllc.com/products/qht5563.jpg,qht5563.jpg,,,brightideas800,qht5563.jpg,
SILVER TINSEL & HOLDAY BULBS GARLAND - 5 FT.,ART5653,,,,,,,,,1,99,,,,,1,brightideas400,brightideas160,https://www.brightideasllc.com/products/art5653.jpg,art5653.jpg,,,brightideas800,art5653.jpg,
"SILVER TINSEL & HOLIDAY BULBS SPRAY - 33""",ART5652,,,,,,,,,1,99,,,,,1,brightideas400,brightideas160,https://www.brightideasllc.com/products/art5652.jpg,art5652.jpg,,,brightideas800,art5652.jpg,
"SILVER TINSEL & HOLIDAY BULBS WREATH - 24""",ART5654,,,,,,,,,1,99,,,,,1,brightideas400,brightideas160,https://www.brightideasllc.com/products/art5654.jpg,art5654.jpg,,,brightideas800,art5654.jpg,
SISAL BIRD WITH SANTA HAT,RJA5623,,,,,,,,,1,99,,,,,1,brightideas400,brightideas160,https://www.brightideasllc.com/products/rja5623.jpg,rja5623.jpg,,,brightideas800,rja5623.jpg,
SISAL BOY BUNNY,SHN5477,,,,,,,,,1,99,,,,,1,brightideas400,brightideas160,https://www.brightideasllc.com/products/shn5477.jpg,shn5477.jpg,,,brightideas800,shn5477.jpg,
SISAL FALL SQUIRREL,SYA5575,,,,,,,,,1,99,,,,,1,brightideas400,brightideas160,https://www.brightideasllc.com/products/sya5575.jpg,sya5575.jpg,,,brightideas800,sya5575.jpg,
SISAL GIRL BUNNY,SHN5478,,,,,,,,,1,99,,,,,1,brightideas400,brightideas160,https://www.brightideasllc.com/products/shn5478.jpg,shn5478.jpg,,,brightideas800,shn5478.jpg,
SISAL MOOSE WITH CARDINAL,SYA5600,,,,,,,,,1,99,,,,,1,brightideas400,brightideas160,https://www.brightideasllc.com/products/sya5600.jpg,sya5600.jpg,,,brightideas800,sya5600.jpg,
SISAL OWL ON PINECONE ORNAMENT,SYA5601,,,,,,,,,1,99,,,,,1,brightideas400,brightideas160,https://www.brightideasllc.com/products/sya5601.jpg,sya5601.jpg,,,brightideas800,sya5601.jpg,
SITTING HIGHLAND COW W/ CANDY CANE,ADC5689,,,,,,,,,1,99,,,,,1,brightideas400,brightideas160,https://www.brightideasllc.com/products/adc5689.jpg,adc5689.jpg,,,brightideas800,adc5689.jpg,
SITTING SQUIRREL W/PINECONE,ZOE5732,,,,,,,,,1,99,,,,,1,brightideas400,brightideas160,https://www.brightideasllc.com/products/zoe5732.jpg,zoe5732.jpg,,,brightideas800,zoe5732.jpg,
SKELETON JACK O LANTERN,ADC5676,,,,,,,,,1,99,,,,,1,brightideas400,brightideas160,https://www.brightideasllc.com/products/adc5676.jpg,adc5676.jpg,,,brightideas800,adc5676.jpg,
SKI CHALET DOG FELTED ORNAMENT,HBY5589,,,,,,,,,1,99,,,,,1,brightideas400,brightideas160,https://www.brightideasllc.com/products/hby5589.jpg,hby5589.jpg,,,brightideas800,hby5589.jpg,
SKI CHALET MOUSE FELTED ORNAMENT,HBY5588,,,,,,,,,1,99,,,,,1,brightideas400,brightideas160,https://www.brightideasllc.com/products/hby5588.jpg,hby5588.jpg,,,brightideas800,hby5588.jpg,
SKI LIFT ABOMINABLE SNOWMAN FELTED ORNAMENT,QHT5556,,,,,,,,,1,99,,,,,1,brightideas400,brightideas160,https://www.brightideasllc.com/products/qht5556.jpg,qht5556.jpg,,,brightideas800,qht5556.jpg,
SKI LIFT POLAR BEAR FELTED ORNAMENT,QHT5555,,,,,,,,,1,99,,,,,1,brightideas400,brightideas160,https://www.brightideasllc.com/products/qht5555.jpg,qht5555.jpg,,,brightideas800,qht5555.jpg,
SKIING MOOSE FELTED ORNAMENT,QHT5553,,,,,,,,,1,99,,,,,1,brightideas400,brightideas160,https://www.brightideasllc.com/products/qht5553.jpg,qht5553.jpg,,,brightideas800,qht5553.jpg,
SKIING SQUIRREL,ZOE5734,,,,,,,,,1,99,,,,,1,brightideas400,brightideas160,https://www.brightideasllc.com/products/zoe5734-path.jpg,zoe5734-path.jpg,,,brightideas800,zoe5734-path.jpg,
SLOTH WITH COFFEE FELTED ORNAMENT,HBY5581,,,,,,,,,1,99,,,,,1,brightideas400,brightideas160,https://www.brightideasllc.com/products/hby5581.jpg,hby5581.jpg,,,brightideas800,hby5581.jpg,
SMILING AVOCADO FELTED ORNAMENT,HBY5507,,,,,,,,,1,99,,,,,1,brightideas400,brightideas160,https://www.brightideasllc.com/products/hby5507.jpg,hby5507.jpg,,,brightideas800,hby5507.jpg,
SMILING GARLIC FELTED ORNAMENT,HBY5505,,,,,,,,,1,99,,,,,1,brightideas400,brightideas160,https://www.brightideasllc.com/products/hby5505.jpg,hby5505.jpg,,,brightideas800,hby5505.jpg,
SMILING RADISH FELTED ORNAMENT,HBY5504,,,,,,,,,1,99,,,,,1,brightideas400,brightideas160,https://www.brightideasllc.com/products/hby5504.jpg,hby5504.jpg,,,brightideas800,hby5504.jpg,
"SNOWFLAKE GINGERBREAD ORNAMENT, 2 ASSTD.",ADC5704,,,,,,,,,1,99,,,,,1,brightideas400,brightideas160,https://www.brightideasllc.com/products/adc5704.jpg,adc5704.jpg,,,brightideas800,adc5704.jpg,
"SNOWMAN BOX SIGN W/LED LIGHTS, 3 ASSTD.",SUN5548,,,,,,,,,1,99,,,,,1,brightideas400,brightideas160,https://www.brightideasllc.com/products/sun5548.jpg,sun5548.jpg,,,brightideas800,sun5548.jpg,
SNOWMAN FELTED ORNAMENT,QHT5557,,,,,,,,,1,99,,,,,1,brightideas400,brightideas160,https://www.brightideasllc.com/products/qht5557.jpg,qht5557.jpg,,,brightideas800,qht5557.jpg,
"SNOWMAN HEAD ORNAMENT, 2 ASSTD.",ADC5718,,,,,,,,,1,99,,,,,1,brightideas400,brightideas160,https://www.brightideasllc.com/products/adc5718.jpg,adc5718.jpg,,,brightideas800,adc5718.jpg,
"SNOWMAN WOOD SLICE ORNAMENT W/LED LIGHTS, 3 ASSTD.",SUN5540,,,,,,,,,1,99,,,,,1,brightideas400,brightideas160,https://www.brightideasllc.com/products/sun5540.jpg,sun5540.jpg,,,brightideas800,sun5540.jpg,
"SNOWY SILVER BELLS CANDLE RING - 2""",ART5665,,,,,,,,,1,99,,,,,1,brightideas400,brightideas160,https://www.brightideasllc.com/products/art5665.jpg,art5665.jpg,,,brightideas800,art5665.jpg,
"SNOWY SILVER BELLS CANDLE RING - 3.5""",ART5666,,,,,,,,,1,99,,,,,1,brightideas400,brightideas160,https://www.brightideasllc.com/products/art5666.jpg,art5666.jpg,,,brightideas800,art5666.jpg,
"SNOWY SILVER BELLS PINE TREE IN BURLAP BASE - 12""H",ART5663,,,,,,,,,1,99,,,,,1,brightideas400,brightideas160,https://www.brightideasllc.com/products/art5663.jpg,art5663.jpg,,,brightideas800,art5663.jpg,
"SNOWY SILVER BELLS PINE TREE IN BURLAP BASE - 16""H",ART5664,,,,,,,,,1,99,,,,,1,brightideas400,brightideas160,https://www.brightideasllc.com/products/art5664.jpg,art5664.jpg,,,brightideas800,art5664.jpg,
"SOFT KNIT CANDY CANE PLANT POKE - 19""H",ART5667,,,,,,,,,1,99,,,,,1,brightideas400,brightideas160,https://www.brightideasllc.com/products/art5667.jpg,art5667.jpg,,,brightideas800,art5667.jpg,
"SOFT KNIT PEPPERMINT TWIST TRIO PLANT POKE - 29""H",ART5668,,,,,,,,,1,99,,,,,1,brightideas400,brightideas160,https://www.brightideasllc.com/products/art5668.jpg,art5668.jpg,,,brightideas800,art5668.jpg,
SOFT NEEDLE PINE & CONES GARLAND - 5 FT.,XART5661,,,,,,,,,1,99,,,,,1,brightideas400,brightideas160,https://www.brightideasllc.com/products/xart5661.jpg,xart5661.jpg,,,brightideas800,xart5661.jpg,
"SOFT NEEDLE PINE & CONES SPRAY - 31""",XART5670,,,,,,,,,1,99,,,,,1,brightideas400,brightideas160,https://www.brightideasllc.com/products/xart5670.jpg,xart5670.jpg,,,brightideas800,xart5670.jpg,
"SOFT NEEDLE PINE & CONES WREATH - 24""",XART5660,,,,,,,,,1,99,,,,,1,brightideas400,brightideas160,https://www.brightideasllc.com/products/xart5660.jpg,xart5660.jpg,,,brightideas800,xart5660.jpg,
SQUIRREL WITH COFFEE FELTED ORNAMENT,HBY5592,,,,,,,,,1,99,,,,,1,brightideas400,brightideas160,https://www.brightideasllc.com/products/hby5592.jpg,hby5592.jpg,,,brightideas800,hby5592.jpg,
ST. PATRICKS DAY MOUSE WITH MUG FELTED ORNAMENT,HBY5498,,,,,,,,,1,99,,,,,1,brightideas400,brightideas160,https://www.brightideasllc.com/products/hby5498.jpg,hby5498.jpg,,,brightideas800,hby5498.jpg,
STANDING CANDY CANE SNOWMAN,ADC5714,,,,,,,,,1,99,,,,,1,brightideas400,brightideas160,https://www.brightideasllc.com/products/adc5714.jpg,adc5714.jpg,,,brightideas800,adc5714.jpg,
"STANDING CHICK WITH HAT AND GLASSES, 2 ASSTD.",ADC5522,,,,,,,,,1,99,,,,,1,brightideas400,brightideas160,https://www.brightideasllc.com/products/adc5522.jpg,adc5522.jpg,,,brightideas800,adc5522.jpg,
STANDING CHRISTMAS HIGHLAND COW,ADC5690,,,,,,,,,1,99,,,,,1,brightideas400,brightideas160,https://www.brightideasllc.com/products/adc5690.jpg,adc5690.jpg,,,brightideas800,adc5690.jpg,
STANDING HOLLY SNOWMAN,ADC5713,,,,,,,,,1,99,,,,,1,brightideas400,brightideas160,https://www.brightideasllc.com/products/adc5713.jpg,adc5713.jpg,,,brightideas800,adc5713.jpg,
STANDING MOUSE WITH RED HEART,ADC5521,,,,,,,,,1,99,,,,,1,brightideas400,brightideas160,https://www.brightideasllc.com/products/adc5521.jpg,adc5521.jpg,,,brightideas800,adc5521.jpg,
STANDING SMILING REINDEER W/ PLAID SCARF,ADC5698,,,,,,,,,1,99,,,,,1,brightideas400,brightideas160,https://www.brightideasllc.com/products/adc5698.jpg,adc5698.jpg,,,brightideas800,adc5698.jpg,
TAN DANGLE LEG ANGEL,ADC5640,,,,,,,,,1,99,,,,,1,brightideas400,brightideas160,https://www.brightideasllc.com/products/adc5640.jpg,adc5640.jpg,,,brightideas800,adc5640.jpg,
TAN AND WHITE SHERPA OWL,RJA5624,,,,,,,,,1,99,,,,,1,brightideas400,brightideas160,https://www.brightideasllc.com/products/rja5624.jpg,rja5624.jpg,,,brightideas800,rja5624.jpg,
TEAL DANGLE LEG NORDIC SWEATER REINDEER,ADC5700,,,,,,,,,1,99,,,,,1,brightideas400,brightideas160,https://www.brightideasllc.com/products/adc5700.jpg,adc5700.jpg,,,brightideas800,adc5700.jpg,
TEAL NORDIC PRINT REINDEER,ADC5647,,,,,,,,,1,99,,,,,1,brightideas400,brightideas160,https://www.brightideasllc.com/products/adc5647.jpg,adc5647.jpg,,,brightideas800,adc5647.jpg,
TEAL SHERPA TRAPPER HAT REINDEER,ADC5645,,,,,,,,,1,99,,,,,1,brightideas400,brightideas160,https://www.brightideasllc.com/products/adc5645.jpg,adc5645.jpg,,,brightideas800,adc5645.jpg,
TOP HAT SNOWMAN ORNAMENT,ZOE5727,,,,,,,,,1,99,,,,,1,brightideas400,brightideas160,https://www.brightideasllc.com/products/zoe5727.jpg,zoe5727.jpg,,,brightideas800,zoe5727.jpg,
TRAPPER HAT SANTA W/ GINGERBREAD MAN,ADC5702,,,,,,,,,1,99,,,,,1,brightideas400,brightideas160,https://www.brightideasllc.com/products/adc5702.jpg,adc5702.jpg,,,brightideas800,adc5702.jpg,
TRICK OR TREAT DANGLE LEG MOUSE,ADC5675,,,,,,,,,1,99,,,,,1,brightideas400,brightideas160,https://www.brightideasllc.com/products/adc5675.jpg,adc5675.jpg,,,brightideas800,adc5675.jpg,
TRICK OR TREAT HEDGEHOG,ADC5725,,,,,,,,,1,99,,,,,1,brightideas400,brightideas160,https://www.brightideasllc.com/products/adc5725.jpg,adc5725.jpg,,,brightideas800,adc5725.jpg,
TRICK OR TREAT STANDING GHOST - SPECIAL BUY ORIGINAL PRICE $45,ADC5724,,,,,,,,,1,99,,,,,1,brightideas400,brightideas160,https://www.brightideasllc.com/products/adc5724.jpg,adc5724.jpg,,,brightideas800,adc5724.jpg,
TWIG CHRISTMAS TREE WALL HANGER W/MUSHROOMS,RJA5613,,,,,,,,,1,99,,,,,1,brightideas400,brightideas160,https://www.brightideasllc.com/products/rja5613.jpg,rja5613.jpg,,,brightideas800,rja5613.jpg,
TWIG CHRISTMAS TREE WALL HANGER W/SILVER BALL,RJA5612,,,,,,,,,1,99,,,,,1,brightideas400,brightideas160,https://www.brightideasllc.com/products/rja5612.jpg,rja5612.jpg,,,brightideas800,rja5612.jpg,
VALENTINE MOUSE WITH ROSES FELTED ORNAMENT,HBY5500,,,,,,,,,1,99,,,,,1,brightideas400,brightideas160,https://www.brightideasllc.com/products/hby5500.jpg,hby5500.jpg,,,brightideas800,hby5500.jpg,
"VELVET GLITTERED MUSHROOM ORNAMENT 5.5"", 2 ASSTD.",RJA5626,,,,,,,,,1,99,,,,,1,brightideas400,brightideas160,https://www.brightideasllc.com/products/rja5626.jpg,rja5626.jpg,,,brightideas800,rja5626.jpg,
"VELVET GLITTERED MUSHROOM ORNAMENT 8"", 2 ASSTD.",RJA5627,,,,,,,,,1,99,,,,,1,brightideas400,brightideas160,https://www.brightideasllc.com/products/rja5627.jpg,rja5627.jpg,,,brightideas800,rja5627.jpg,
"VELVET MUSHROOM ORNAMENT, 3 ASSTD.",SYA5579,,,,,,,,,1,99,,,,,1,brightideas400,brightideas160,https://www.brightideasllc.com/products/sya5579.jpg,sya5579.jpg,,,brightideas800,sya5579.jpg,
"VELVET MUSHROOM SITTER, 3 ASSTD.",SYA5602,,,,,,,,,1,99,,,,,1,brightideas400,brightideas160,https://www.brightideasllc.com/products/sya5602.jpg,sya5602.jpg,,,brightideas800,sya5602.jpg,
WHITE BIRD WITH HAT AND SCARF,RJA5625,,,,,,,,,1,99,,,,,1,brightideas400,brightideas160,https://www.brightideasllc.com/products/rja5625.jpg,rja5625.jpg,,,brightideas800,rja5625.jpg,
WHITE DANGLE LEGS FLUFFY CHICKEN,ZOE5513,,,,,,,,,1,99,,,,,1,brightideas400,brightideas160,https://www.brightideasllc.com/products/zoe5513.jpg,zoe5513.jpg,,,brightideas800,zoe5513.jpg,
WHITE FLUFFY BOBBING HIGHLAND COW,ZOE5536,,,,,,,,,1,99,,,,,1,brightideas400,brightideas160,https://www.brightideasllc.com/products/zoe5536.jpg,zoe5536.jpg,,,brightideas800,zoe5536.jpg,
WHITE FLUFFY CHICKEN,ZOE5511,,,,,,,,,1,99,,,,,1,brightideas400,brightideas160,https://www.brightideasllc.com/products/zoe5511.jpg,zoe5511.jpg,,,brightideas800,zoe5511.jpg,
WHITE GLITTER SNOWFLAKE ORNAMENT,RJA5616,,,,,,,,,1,99,,,,,1,brightideas400,brightideas160,https://www.brightideasllc.com/products/rja5616.jpg,rja5616.jpg,,,brightideas800,rja5616.jpg,
WITCH HAT WITH DANGLE LEGS- SPECIAL BUY ORIGINAL PRICE $19.95,ADC5630,,,,,,,,,1,99,,,,,1,brightideas400,brightideas160,https://www.brightideasllc.com/products/adc5630.jpg,adc5630.jpg,,,brightideas800,adc5630.jpg,
"WOOD CARVED CARDINAL SITTER 2.5""",RJA5621,,,,,,,,,1,99,,,,,1,brightideas400,brightideas160,https://www.brightideasllc.com/products/rja5621.jpg,rja5621.jpg,,,brightideas800,rja5621.jpg,
"WOOD CARVED CARDINAL SITTER 2.75""",RJA5622,,,,,,,,,1,99,,,,,1,brightideas400,brightideas160,https://www.brightideasllc.com/products/rja5622.jpg,rja5622.jpg,,,brightideas800,rja5622.jpg,
"WOOD CARVED CHRISTMAS TREE SITTER 3.75""",RJA5620,,,,,,,,,1,99,,,,,1,brightideas400,brightideas160,https://www.brightideasllc.com/products/rja5620.jpg,rja5620.jpg,,,brightideas800,rja5620.jpg,
"WOOD CARVED CHRISTMAS TREE SITTER 6""",RJA5619,,,,,,,,,1,99,,,,,1,brightideas400,brightideas160,https://www.brightideasllc.com/products/rja5619.jpg,rja5619.jpg,,,brightideas800,rja5619.jpg,
"WOOD CARVED CHRISTMAS TREE SITTER 8""",RJA5618,,,,,,,,,1,99,,,,,1,brightideas400,brightideas160,https://www.brightideasllc.com/products/rja5618.jpg,rja5618.jpg,,,brightideas800,rja5618.jpg,
WOOD SLICE BEAR SCENE HANGER W/LED LIGHTS,SUN5550,,,,,,,,,1,99,,,,,1,brightideas400,brightideas160,https://www.brightideasllc.com/products/sun5550.jpg,sun5550.jpg,,,brightideas800,sun5550.jpg,
"WOODEN ANGEL SITTER W/LED LIGHTS, 3 ASSTD.",SUN5545,,,,,,,,,1,99,,,,,1,brightideas400,brightideas160,https://www.brightideasllc.com/products/sun5545.jpg,sun5545.jpg,,,brightideas800,sun5545.jpg,
"WOODLAND ANIMAL ORNAMENT, 3 ASSTD.",SUN5539,,,,,,,,,1,99,,,,,1,brightideas400,brightideas160,https://www.brightideasllc.com/products/sun5539.jpg,sun5539.jpg,,,brightideas800,sun5539.jpg,
YELLOW BRAIDED MUSHROOM,SYA5523,,,,,,,,,1,99,,,,,1,brightideas400,brightideas160,https://www.brightideasllc.com/products/sya5523.jpg,sya5523.jpg,,,brightideas800,sya5523.jpg,
