MS-040 Burgundy/Gray Swatch,00-040,,"2 Shape/Size Available
Sold Individually
100% Natural Jute
Extremely Durable
Used as Small Placemat or Trivet",,,,,,,1,$5.00 ,,,,,1,Cap 400,Cap 160, //www.earthrugs.com/cdn/shop/products/00-040_90a61c52-88fd-4b60-b3be-a0250753ea2b_900x.jpg?v=1571272870 900w,00-040_90a61c52-88fd-4b60-b3be-a0250753ea2b_900x.jpg?v=1571272870 900w,,,Cap 800,00-040_90a61c52-88fd-4b60-b3be-a0250753ea2b_900x.jpg?v=1571272870 900w
,,,,,,,,,,,,,,,,,,,,,,,,
MS-057 Burgundy/Gray/Cream Swatch,00-057,,"2 Shape/Size Available
Sold Individually
100% Natural Jute
Extremely Durable
Used as Small Placemat or Trivet",,,,,,,1,$5.00 ,,,,,1,Cap 400,Cap 160, //www.earthrugs.com/cdn/shop/products/00-057_900x.jpg?v=1571272870 900w,00-057_900x.jpg?v=1571272870 900w,,,Cap 800,00-057_900x.jpg?v=1571272870 900w
,,,,,,,,,,,,,,,,,,,,,,,,
MS-099 Brown/Black/Charcoal Swatch,00-099,,"2 Shape/Size Available
Sold Individually
100% Natural Jute
Extremely Durable
Used as Small Placemat or Trivet",,,,,,,1,$5.00 ,,,,,1,Cap 400,Cap 160, //www.earthrugs.com/cdn/shop/products/00-099_900x.jpg?v=1571272870 900w,00-099_900x.jpg?v=1571272870 900w,,,Cap 800,00-099_900x.jpg?v=1571272870 900w
,,,,,,,,,,,,,,,,,,,,,,,,
MS-123 Ebony/Ivory/Chocolate Swatch,00-123,,"2 Shape/Size Available
Sold Individually
100% Natural Jute
Extremely Durable
Used as Small Placemat or Trivet",,,,,,,1,$5.00 ,,,,,1,Cap 400,Cap 160, //www.earthrugs.com/cdn/shop/products/00-123_900x.jpg?v=1571272870 900w,00-123_900x.jpg?v=1571272870 900w,,,Cap 800,00-123_900x.jpg?v=1571272870 900w
,,,,,,,,,,,,,,,,,,,,,,,,
MS-338 Burgundy/Olive/Charcoal Swatch,00-338,,"1 Shape/Size Available
Sold Individually
100% Natural Jute
Extremely Durable
Used as Small Placemat or Trivet",,,,,,,1,$5.00 ,,,,,1,Cap 400,Cap 160, //www.earthrugs.com/cdn/shop/products/00-338_900x.jpg?v=1571272871 900w,00-338_900x.jpg?v=1571272871 900w,,,Cap 800,00-338_900x.jpg?v=1571272871 900w
,,,,,,,,,,,,,,,,,,,,,,,,
MS-417 Thistle Green/County Red Swatch,00-417,,"1 Shape/Size Available
Sold Individually
100% Natural Jute
Extremely Durable
Used as Small Placemat or Trivet",,,,,,,1,$5.00 ,,,,,1,Cap 400,Cap 160, //www.earthrugs.com/cdn/shop/products/00-417_900x.jpg?v=1571272964 900w,00-417_900x.jpg?v=1571272964 900w,,,Cap 800,00-417_900x.jpg?v=1571272964 900w
,,,,,,,,,,,,,,,,,,,,,,,,
MS-503 Blueberries & Cream Swatch,00-503,,"2 Shape/Size Available
Sold Individually
100% Natural Jute
Extremely Durable
Used as Small Placemat or Trivet",,,,,,,1,$5.00 ,,,,,1,Cap 400,Cap 160, //www.earthrugs.com/cdn/shop/files/00-5032024_900x.jpg?v=1710780080 900w,00-5032024_900x.jpg?v=1710780080 900w,,,Cap 800,00-5032024_900x.jpg?v=1710780080 900w
,,,,,,,,,,,,,,,,,,,,,,,,
MS-770 Tan Swatch,00-770,,"2 Shape/Size Available
Sold Individually
100% Natural Jute
Extremely Durable
Used as Small Placemat or Trivet",,,,,,,1,$5.00 ,,,,,1,Cap 400,Cap 160, //www.earthrugs.com/cdn/shop/products/00-770_900x.jpg?v=1571272901 900w,00-770_900x.jpg?v=1571272901 900w,,,Cap 800,00-770_900x.jpg?v=1571272901 900w
,,,,,,,,,,,,,,,,,,,,,,,,
MS-896 Burgundy/Tan/Ivory Swatch,00-896,,"2 Shape/Size Available
Sold Individually
100% Natural Jute
Extremely Durable
Used as Small Placemat or Trivet",,,,,,,1,$5.00 ,,,,,1,Cap 400,Cap 160, //www.earthrugs.com/cdn/shop/files/00-896_900x.jpg?v=1703873046 900w,00-896_900x.jpg?v=1703873046 900w,,,Cap 800,00-896_900x.jpg?v=1703873046 900w
,,,,,,,,,,,,,,,,,,,,,,,,
,00-904,,"2 Shape/Size Available
Sold Individually
100% Natural Jute
Extremely Durable
Used as Small Placemat or Trivet",,,,,,,1,$5.00 ,,,,,1,Cap 400,Cap 160, //www.earthrugs.com/cdn/shop/files/MS-904-Navy-Mid-Blue-Ivory-10x15-Oval-OnWood_900x.jpg?v=1703803789 900w,MS-904-Navy-Mid-Blue-Ivory-10x15-Oval-OnWood_900x.jpg?v=1703803789 900w,,,Cap 800,MS-904-Navy-Mid-Blue-Ivory-10x15-Oval-OnWood_900x.jpg?v=1703803789 900w
,,,,,,,,,,,,,,,,,,,,,,,,
C-040 Burgundy/Gray Braided Rug,02-040,,"9 Sizes Available
Sold Individually
100% Natural Jute
Extremely Durable",,,,,,,1,$12.59 ,,,,,1,Cap 400,Cap 160, //www.earthrugs.com/cdn/shop/products/02-040_c312867b-9651-4f43-b290-6d4e3665f84e_900x.jpg?v=1571272878 900w,02-040_c312867b-9651-4f43-b290-6d4e3665f84e_900x.jpg?v=1571272878 900w,,,Cap 800,02-040_c312867b-9651-4f43-b290-6d4e3665f84e_900x.jpg?v=1571272878 900w
,,,,,,,,,,,,,,,,,,,,,,,,
C-057 Burgundy/Gray/Cream Braided Rug,02-057,,"6 Sizes Available
Sold Individually
100% Natural Jute
Extremely Durable",,,,,,,1,$12.59 ,,,,,1,Cap 400,Cap 160, //www.earthrugs.com/cdn/shop/products/02-057_900x.jpg?v=1571272951 900w,02-057_900x.jpg?v=1571272951 900w,,,Cap 800,02-057_900x.jpg?v=1571272951 900w
,,,,,,,,,,,,,,,,,,,,,,,,
,02-099,,"15 Sizes Available
5 Shapes Available
Sold Individually
100% Natural Jute
Extremely Durable",,,,,,,1,$12.59 ,,,,,1,Cap 400,Cap 160, //www.earthrugs.com/cdn/shop/products/02-099_d93eff43-abd2-4034-9baa-0267648b451a_900x.jpg?v=1571272878 900w,02-099_d93eff43-abd2-4034-9baa-0267648b451a_900x.jpg?v=1571272878 900w,,,Cap 800,02-099_d93eff43-abd2-4034-9baa-0267648b451a_900x.jpg?v=1571272878 900w
,,,,,,,,,,,,,,,,,,,,,,,,
C-123 Ebony/Ivory/Chocolate Braided Rug,02-123,,"3 Sizes Available
Sold Individually
100% Natural Jute
Extremely Durable",,,,,,,1,$12.59 ,,,,,1,Cap 400,Cap 160, //www.earthrugs.com/cdn/shop/products/02-123_900x.jpg?v=1571272951 900w,02-123_900x.jpg?v=1571272951 900w,,,Cap 800,02-123_900x.jpg?v=1571272951 900w
,,,,,,,,,,,,,,,,,,,,,,,,
C-417 Thistle Green/Country Red Braided Rug,02-417,,"2 Sizes Available
Sold Individually
100% Natural Jute
Extremely Durable",,,,,,,1,$12.59 ,,,,,1,Cap 400,Cap 160, //www.earthrugs.com/cdn/shop/products/02-417_900x.jpg?v=1571272866 900w,02-417_900x.jpg?v=1571272866 900w,,,Cap 800,02-417_900x.jpg?v=1571272866 900w
,,,,,,,,,,,,,,,,,,,,,,,,
,02-503,,"2 Sizes Available
Sold Individually
100% Natural Jute
Extremely Durable",,,,,,,1,$12.59 ,,,,,1,Cap 400,Cap 160, //www.earthrugs.com/cdn/shop/products/02-503_900x.jpg?v=1571272935 900w,02-503_900x.jpg?v=1571272935 900w,,,Cap 800,02-503_900x.jpg?v=1571272935 900w
,,,,,,,,,,,,,,,,,,,,,,,,
,02-770,,"2 Sizes Available
Sold Individually
100% Natural Jute
Extremely Durable",,,,,,,1,$12.59 ,,,,,1,Cap 400,Cap 160, //www.earthrugs.com/cdn/shop/products/02-770_7dc730e9-22f8-4af0-b058-ff197b2f2b15_900x.jpg?v=1571272900 900w,02-770_7dc730e9-22f8-4af0-b058-ff197b2f2b15_900x.jpg?v=1571272900 900w,,,Cap 800,02-770_7dc730e9-22f8-4af0-b058-ff197b2f2b15_900x.jpg?v=1571272900 900w
,,,,,,,,,,,,,,,,,,,,,,,,
,02-896,,"2 Sizes Available
Sold Individually
100% Natural Jute
Extremely Durable",,,,,,,1,$12.59 ,,,,,1,Cap 400,Cap 160, //www.earthrugs.com/cdn/shop/files/02-896_900x.jpg?v=1703872825 900w,02-896_900x.jpg?v=1703872825 900w,,,Cap 800,02-896_900x.jpg?v=1703872825 900w
,,,,,,,,,,,,,,,,,,,,,,,,
C-904 Navy/Mid-Blue/Ivory Braided Rug,02-904,,"2 Sizes Available
Sold Individually
100% Natural Jute
Extremely Durable",,,,,,,1,$12.59 ,,,,,1,Cap 400,Cap 160, //www.earthrugs.com/cdn/shop/files/02-904_900x.jpg?v=1703872891 900w,02-904_900x.jpg?v=1703872891 900w,,,Cap 800,02-904_900x.jpg?v=1703872891 900w
,,,,,,,,,,,,,,,,,,,,,,,,
,02-040,,"9 Sizes Available
Sold Individually
100% Natural Jute
Extremely Durable",,,,,,,1,$29.04 ,,,,,1,Cap 400,Cap 160, //www.earthrugs.com/cdn/shop/products/02-040_c312867b-9651-4f43-b290-6d4e3665f84e_900x.jpg?v=1571272878 900w,02-040_c312867b-9651-4f43-b290-6d4e3665f84e_900x.jpg?v=1571272878 900w,,,Cap 800,02-040_c312867b-9651-4f43-b290-6d4e3665f84e_900x.jpg?v=1571272878 900w
,,,,,,,,,,,,,,,,,,,,,,,,
C-057 Burgundy/Gray/Cream Braided Rug,02-057,,"6 Sizes Available
Sold Individually
100% Natural Jute
Extremely Durable",,,,,,,1,$29.04 ,,,,,1,Cap 400,Cap 160, //www.earthrugs.com/cdn/shop/products/02-057_900x.jpg?v=1571272951 900w,02-057_900x.jpg?v=1571272951 900w,,,Cap 800,02-057_900x.jpg?v=1571272951 900w
,,,,,,,,,,,,,,,,,,,,,,,,
,02-099,,"15 Sizes Available
5 Shapes Available
Sold Individually
100% Natural Jute
Extremely Durable",,,,,,,1,$29.04 ,,,,,1,Cap 400,Cap 160, //www.earthrugs.com/cdn/shop/products/02-099_d93eff43-abd2-4034-9baa-0267648b451a_900x.jpg?v=1571272878 900w,02-099_d93eff43-abd2-4034-9baa-0267648b451a_900x.jpg?v=1571272878 900w,,,Cap 800,02-099_d93eff43-abd2-4034-9baa-0267648b451a_900x.jpg?v=1571272878 900w
,,,,,,,,,,,,,,,,,,,,,,,,
C-123 Ebony/Ivory/Chocolate Braided Rug,02-123,,"3 Sizes Available
Sold Individually
100% Natural Jute
Extremely Durable",,,,,,,1,$29.04 ,,,,,1,Cap 400,Cap 160, //www.earthrugs.com/cdn/shop/products/02-123_900x.jpg?v=1571272951 900w,02-123_900x.jpg?v=1571272951 900w,,,Cap 800,02-123_900x.jpg?v=1571272951 900w
,,,,,,,,,,,,,,,,,,,,,,,,
C-338 Burgundy/Olive/Charcoal Braided Rug,03-338,,"5 Sizes Available
Sold Individually
100% Natural Jute
Extremely Durable",,,,,,,1,$29.04 ,,,,,1,Cap 400,Cap 160, //www.earthrugs.com/cdn/shop/products/03-338_900x.jpg?v=1571272865 900w,03-338_900x.jpg?v=1571272865 900w,,,Cap 800,03-338_900x.jpg?v=1571272865 900w
,,,,,,,,,,,,,,,,,,,,,,,,
C-417 Thistle Green/Country Red Braided Rug,02-417,,"2 Sizes Available
Sold Individually
100% Natural Jute
Extremely Durable",,,,,,,1,$29.04 ,,,,,1,Cap 400,Cap 160, //www.earthrugs.com/cdn/shop/products/02-417_900x.jpg?v=1571272866 900w,02-417_900x.jpg?v=1571272866 900w,,,Cap 800,02-417_900x.jpg?v=1571272866 900w
,,,,,,,,,,,,,,,,,,,,,,,,
C-443 Blue/Gray/Ivory Braided Rug,02-443,,"9 Sizes Available
Sold Individually
100% Natural Jute
Extremely Durable",,,,,,,1,$30.50 ,,,,,1,Cap 400,Cap 160, //www.earthrugs.com/cdn/shop/files/02-443_900x.jpg?v=1703872773 900w,02-443_900x.jpg?v=1703872773 900w,,,Cap 800,02-443_900x.jpg?v=1703872773 900w
,,,,,,,,,,,,,,,,,,,,,,,,
C-503 Blueberries & Cream Braided Rug,02-503,,"2 Sizes Available
Sold Individually
100% Natural Jute
Extremely Durable",,,,,,,1,$29.04 ,,,,,1,Cap 400,Cap 160, //www.earthrugs.com/cdn/shop/products/02-503_900x.jpg?v=1571272935 900w,02-503_900x.jpg?v=1571272935 900w,,,Cap 800,02-503_900x.jpg?v=1571272935 900w
,,,,,,,,,,,,,,,,,,,,,,,,
C-770 Tan Braided Rug,02-770,,"2 Sizes Available
Sold Individually
100% Natural Jute
Extremely Durable",,,,,,,1,$29.04 ,,,,,1,Cap 400,Cap 160, //www.earthrugs.com/cdn/shop/products/02-770_7dc730e9-22f8-4af0-b058-ff197b2f2b15_900x.jpg?v=1571272900 900w,02-770_7dc730e9-22f8-4af0-b058-ff197b2f2b15_900x.jpg?v=1571272900 900w,,,Cap 800,02-770_7dc730e9-22f8-4af0-b058-ff197b2f2b15_900x.jpg?v=1571272900 900w
,,,,,,,,,,,,,,,,,,,,,,,,
C-890 Gray/Sand/Ivory Braided Rug,02-890,,"12 Sizes Available
4 Shapes Available
Sold Individually
100% Natural Jute
Extremely Durable",,,,,,,1,$30.50 ,,,,,1,Cap 400,Cap 160, //www.earthrugs.com/cdn/shop/files/02-890_900x.jpg?v=1703872798 900w,02-890_900x.jpg?v=1703872798 900w,,,Cap 800,02-890_900x.jpg?v=1703872798 900w
,,,,,,,,,,,,,,,,,,,,,,,,
C-895 Brown/Tan/Ivory Braided Rug,02-895,,"2 Sizes Available
Sold Individually
100% Natural Jute
Extremely Durable",,,,,,,1,$30.50 ,,,,,1,Cap 400,Cap 160, //www.earthrugs.com/cdn/shop/files/02-895_900x.jpg?v=1703872812 900w,02-895_900x.jpg?v=1703872812 900w,,,Cap 800,02-895_900x.jpg?v=1703872812 900w
,,,,,,,,,,,,,,,,,,,,,,,,
C-896 Burgundy/Tan/Ivory Braided Rug,02-896,,"2 Sizes Available
Sold Individually
100% Natural Jute
Extremely Durable",,,,,,,1,$29.04 ,,,,,1,Cap 400,Cap 160, //www.earthrugs.com/cdn/shop/files/02-896_900x.jpg?v=1703872825 900w,02-896_900x.jpg?v=1703872825 900w,,,Cap 800,02-896_900x.jpg?v=1703872825 900w
,,,,,,,,,,,,,,,,,,,,,,,,
C-903 Charcoal/Gray/Ivory Braided Rug,02-903,,"9 Sizes Available
Sold Individually
100% Natural Jute
Extremely Durable",,,,,,,1,$30.50 ,,,,,1,Cap 400,Cap 160, //www.earthrugs.com/cdn/shop/files/02-903_900x.jpg?v=1703872880 900w,02-903_900x.jpg?v=1703872880 900w,,,Cap 800,02-903_900x.jpg?v=1703872880 900w
,,,,,,,,,,,,,,,,,,,,,,,,
C-904 Navy/Mid-Blue/Ivory Braided Rug,02-904,,"2 Sizes Available
Sold Individually
100% Natural Jute
Extremely Durable",,,,,,,1,$29.04 ,,,,,1,Cap 400,Cap 160, //www.earthrugs.com/cdn/shop/files/02-904_900x.jpg?v=1703872891 900w,02-904_900x.jpg?v=1703872891 900w,,,Cap 800,02-904_900x.jpg?v=1703872891 900w
,,,,,,,,,,,,,,,,,,,,,,,,
C-910 Tan/Ivory/Burgundy Braided Rug,02-910,,"2 Sizes Available
Sold Individually
100% Natural Jute
Extremely Durable",,,,,,,1,$30.50 ,,,,,1,Cap 400,Cap 160, //www.earthrugs.com/cdn/shop/files/02-910_900x.jpg?v=1735833944 900w,02-910_900x.jpg?v=1735833944 900w,,,Cap 800,02-910_900x.jpg?v=1735833944 900w
,,,,,,,,,,,,,,,,,,,,,,,,
C-911 Taupe/Ivory/Light Blue Braided Rug,02-911,,"2 Sizes Available
Sold Individually
100% Natural Jute
Extremely Durable",,,,,,,1,$30.50 ,,,,,1,Cap 400,Cap 160, //www.earthrugs.com/cdn/shop/files/02-911_900x.jpg?v=1735833987 900w,02-911_900x.jpg?v=1735833987 900w,,,Cap 800,02-911_900x.jpg?v=1735833987 900w
,,,,,,,,,,,,,,,,,,,,,,,,
C-913 Blue/Gray/Burgundy Braided Rug,02-913,,"2 Sizes Available
Sold Individually
100% Natural Jute
Extremely Durable",,,,,,,1,$30.50 ,,,,,1,Cap 400,Cap 160, //www.earthrugs.com/cdn/shop/files/02-913_900x.jpg?v=1735833994 900w,02-913_900x.jpg?v=1735833994 900w,,,Cap 800,02-913_900x.jpg?v=1735833994 900w
,,,,,,,,,,,,,,,,,,,,,,,,
C-914 Taupe/Ivory/Peach Braided Rug,02-914,,"2 Sizes Available
Sold Individually
100% Natural Jute
Extremely Durable",,,,,,,1,$30.50 ,,,,,1,Cap 400,Cap 160, //www.earthrugs.com/cdn/shop/files/02-914_900x.jpg?v=1735834027 900w,02-914_900x.jpg?v=1735834027 900w,,,Cap 800,02-914_900x.jpg?v=1735834027 900w
,,,,,,,,,,,,,,,,,,,,,,,,
C-005 Blue/Natural Braided Rug,02-005,,"9 Sizes Available
Sold Individually
100% Natural Jute
Extremely Durable",,,,,,,1,$59.80 ,,,,,1,Cap 400,Cap 160, //www.earthrugs.com/cdn/shop/products/02-005_4217a2e2-c2b6-486d-90a1-3d5e4f6686ab_900x.jpg?v=1571272860 900w,02-005_4217a2e2-c2b6-486d-90a1-3d5e4f6686ab_900x.jpg?v=1571272860 900w,,,Cap 800,02-005_4217a2e2-c2b6-486d-90a1-3d5e4f6686ab_900x.jpg?v=1571272860 900w
,,,,,,,,,,,,,,,,,,,,,,,,
C-013 Dark Green Braided Rug,02-013,,"5 Sizes Available
Sold Individually
100% Natural Jute
Extremely Durable",,,,,,,1,$59.80 ,,,,,1,Cap 400,Cap 160, //www.earthrugs.com/cdn/shop/products/02-013_900x.jpg?v=1571272861 900w,02-013_900x.jpg?v=1571272861 900w,,,Cap 800,02-013_900x.jpg?v=1571272861 900w
,,,,,,,,,,,,,,,,,,,,,,,,
MSPR-040 Light Mushroom Trivet,80-040LM,,"10"" Round Printed Trivet with Light Mushroom Design 
100% Natural Jute
Sold Individually
Burgundy/Gray",,,,,,,1,$4.20 ,,,,,1,Cap 400,Cap 160, //www.earthrugs.com/cdn/shop/files/80-040LM_900x.jpg?v=1734800120 900w,80-040LM_900x.jpg?v=1734800120 900w,,,Cap 800,80-040LM_900x.jpg?v=1734800120 900w
,,,,,,,,,,,,,,,,,,,,,,,,
IC-040 Light Mushroom Coaster,31-IC040LM,,"Round Hand Stenciled Coaster with Light Mushroom Design 
100% Natural Jute
2 Sizes Available 
Extremely Durable
Burgundy/Gray",,,,,,,1,$1.30 ,,,,,1,Cap 400,Cap 160, //www.earthrugs.com/cdn/shop/files/31-IC040LM_900x.jpg?v=1734801733 900w,31-IC040LM_900x.jpg?v=1734801733 900w,,,Cap 800,31-IC040LM_900x.jpg?v=1734801733 900w
,,,,,,,,,,,,,,,,,,,,,,,,
MS-040 Burgundy/Gray Swatch,00-040,,"2 Shape/Size Available
Sold Individually
100% Natural Jute
Extremely Durable
Used as Small Placemat or Trivet",,,,,,,1,$5.00 ,,,,,1,Cap 400,Cap 160, //www.earthrugs.com/cdn/shop/products/00-040_90a61c52-88fd-4b60-b3be-a0250753ea2b_900x.jpg?v=1571272870 900w,00-040_90a61c52-88fd-4b60-b3be-a0250753ea2b_900x.jpg?v=1571272870 900w,,,Cap 800,00-040_90a61c52-88fd-4b60-b3be-a0250753ea2b_900x.jpg?v=1571272870 900w
,,,,,,,,,,,,,,,,,,,,,,,,
C-040 Burgundy/Gray Braided Rug,02-040,,"9 Sizes Available
Sold Individually
100% Natural Jute
Extremely Durable",,,,,,,1,$56.93 ,,,,,1,Cap 400,Cap 160, //www.earthrugs.com/cdn/shop/products/02-040_c312867b-9651-4f43-b290-6d4e3665f84e_900x.jpg?v=1571272878 900w,02-040_c312867b-9651-4f43-b290-6d4e3665f84e_900x.jpg?v=1571272878 900w,,,Cap 800,02-040_c312867b-9651-4f43-b290-6d4e3665f84e_900x.jpg?v=1571272878 900w
,,,,,,,,,,,,,,,,,,,,,,,,
C-040 Burgundy/Gray Stair Tread,19-040,,"  8.25"" x 27"" Braided Stair Tread
2 Shapes Available
Sold Individually
100% Natural Jute
Extremely Durable
Stair Tread or Small Table Runner",,,,,,,1,$6.01 ,,,,,1,Cap 400,Cap 160, //www.earthrugs.com/cdn/shop/products/19-040_900x.jpg?v=1571272862 900w,19-040_900x.jpg?v=1571272862 900w,,,Cap 800,19-040_900x.jpg?v=1571272862 900w
,,,,,,,,,,,,,,,,,,,,,,,,
CH-040 Burgundy/Gray Chair Pad,20-040,,"15.5"" Round Jute Braided Chair Pad
Matching Ties Attached
Sold Individually
100% Natural Jute
Durable and Water Repellent",,,,,,,1,$6.27 ,,,,,1,Cap 400,Cap 160, //www.earthrugs.com/cdn/shop/products/CH-40_900x.jpg?v=1571272905 900w,CH-40_900x.jpg?v=1571272905 900w,,,Cap 800,CH-40_900x.jpg?v=1571272905 900w
,,,,,,,,,,,,,,,,,,,,,,,,
C-057 Burgundy/Gray/Cream Braided Rug,02-057,,"6 Sizes Available
Sold Individually
100% Natural Jute
Extremely Durable",,,,,,,1,$56.93 ,,,,,1,Cap 400,Cap 160, //www.earthrugs.com/cdn/shop/products/02-057_900x.jpg?v=1571272951 900w,02-057_900x.jpg?v=1571272951 900w,,,Cap 800,02-057_900x.jpg?v=1571272951 900w
,,,,,,,,,,,,,,,,,,,,,,,,
,02-099,,"15 Sizes Available
5 Shapes Available
Sold Individually
100% Natural Jute
Extremely Durable",,,,,,,1,$56.93 ,,,,,1,Cap 400,Cap 160, //www.earthrugs.com/cdn/shop/products/02-099_d93eff43-abd2-4034-9baa-0267648b451a_900x.jpg?v=1571272878 900w,02-099_d93eff43-abd2-4034-9baa-0267648b451a_900x.jpg?v=1571272878 900w,,,Cap 800,02-099_d93eff43-abd2-4034-9baa-0267648b451a_900x.jpg?v=1571272878 900w
