C-040 Burgundy/Gray Braided Rug,03-040,,"5 Sizes Available
Sold Individually
100% Natural Jute
Extremely Durable",,,,,,,1,$ 29.04,,,,,1,Cap 400,Cap 160, //www.earthrugs.com/cdn/shop/products/03-040_900x.jpg?v=1571272878 900w,03-040_900x.jpg?v=1571272878 900w,,,Cap 800,03-040_900x.jpg?v=1571272878 900w,
OP-433 Anchor Stars,65-433AS,,"20""x30"" Hand Stenciled Oval Patch Braided Rug
Artwork by Suzanne Pienta",,,,,,,1,$ 18.92,,,,,1,Cap 400,Cap 160, //www.earthrugs.com/cdn/shop/products/65-433AS_07ff1fe5-0583-4c73-bd59-00f70a4c5d77_900x.jpg?v=1571272928 900w,65-433AS_07ff1fe5-0583-4c73-bd59-00f70a4c5d77_900x.jpg?v=1571272928 900w,,,Cap 800,65-433AS_07ff1fe5-0583-4c73-bd59-00f70a4c5d77_900x.jpg?v=1571272928 900w,
OP-319 Welcome Barn Stars,65-319WBS,,"20""x30"" Hand Stenciled Oval Patch Braided Rug
Artwork by Ashlee Nobel",,,,,,,1,$ 20.50,,,,,1,Cap 400,Cap 160, //www.earthrugs.com/cdn/shop/products/65-319WBS_900x.jpg?v=1571272960 900w,65-319WBS_900x.jpg?v=1571272960 900w,,,Cap 800,65-319WBS_900x.jpg?v=1571272960 900w,
C-099 Brown/Black/Charcoal Braided Rug,02-099,,"14 Sizes Available
5 Shapes Available
Sold Individually
100% Natural Jute
Extremely Durable",,,,,,,1,$ 29.04,,,,,1,Cap 400,Cap 160, //www.earthrugs.com/cdn/shop/products/02-099_d93eff43-abd2-4034-9baa-0267648b451a_900x.jpg?v=1571272878 900w,02-099_d93eff43-abd2-4034-9baa-0267648b451a_900x.jpg?v=1571272878 900w,,,Cap 800,02-099_d93eff43-abd2-4034-9baa-0267648b451a_900x.jpg?v=1571272878 900w,
PP-099 Black Stars,67-099S,," 20""x30"" Oblong",,,,,,,1,$ 21.45,,,,,1,Cap 400,Cap 160, //www.earthrugs.com/cdn/shop/files/67-099S2024_900x.jpg?v=1710796768 900w,67-099S2024_900x.jpg?v=1710796768 900w,,,Cap 800,67-099S2024_900x.jpg?v=1710796768 900w,
OP-099 Black Stars,88-2745-099S,,,,,,,,,1,$ 38.35,,,,,1,Cap 400,Cap 160, //www.earthrugs.com/cdn/shop/files/88-2745-099S_900x.jpg?v=1735927538 900w,88-2745-099S_900x.jpg?v=1735927538 900w,,,Cap 800,88-2745-099S_900x.jpg?v=1735927538 900w,
C-503 Blueberries & Cream Braided Rug,02-503,,"2 Sizes Available
Sold Individually
100% Natural Jute
Extremely Durable",,,,,,,1,$ 29.04,,,,,1,Cap 400,Cap 160, //www.earthrugs.com/cdn/shop/products/02-503_900x.jpg?v=1571272935 900w,02-503_900x.jpg?v=1571272935 900w,,,Cap 800,02-503_900x.jpg?v=1571272935 900w,
OP-313 Primitive Stars Black,65-313PSB,,"20""x30"" Hand Stenciled Oval Patch Braided Rug
Artwork by Susan Burd",,,,,,,1,$ 20.50,,,,,1,Cap 400,Cap 160, //www.earthrugs.com/cdn/shop/products/65-313PSB_2019_900x.jpg?v=1578091791 900w,65-313PSB_2019_900x.jpg?v=1578091791 900w,,,Cap 800,65-313PSB_2019_900x.jpg?v=1578091791 900w,
C-896 Burgundy/Tan/Ivory Braided Rug,02-896,,"2 Sizes Available
Sold Individually
100% Natural Jute
Extremely Durable",,,,,,,1,$ 29.04,,,,,1,Cap 400,Cap 160, //www.earthrugs.com/cdn/shop/files/02-896_900x.jpg?v=1703872825 900w,02-896_900x.jpg?v=1703872825 900w,,,Cap 800,02-896_900x.jpg?v=1703872825 900w,
CTP-396 Ladybug,63-CP396L,,"14.5""x19.5"" Jute Braided Cat Shaped Rug
Artwork by Susan Burd",,,,,,,1,$ 7.65,,,,,1,Cap 400,Cap 160, //www.earthrugs.com/cdn/shop/products/63-CP396L_900x.jpg?v=1672337134 900w,63-CP396L_900x.jpg?v=1672337134 900w,,,Cap 800,63-CP396L_900x.jpg?v=1672337134 900w,
OP-396 Bears in Canoe,65-396BC,,"20""x30"" Hand Stenciled Oval Patch Braided Rug
Artwork by Harry W. Smith",,,,,,,1,$ 20.50,,,,,1,Cap 400,Cap 160, //www.earthrugs.com/cdn/shop/products/65-396BC_900x.jpg?v=1639242927 900w,65-396BC_900x.jpg?v=1639242927 900w,,,Cap 800,65-396BC_900x.jpg?v=1639242927 900w,
CBP-396 Ladybug Casserole Basket,36-CBP396L,,"8""x3"" Round Casserole Basket
Artwork by Susan Burd",,,,,,,1,$ 9.25,,,,,1,Cap 400,Cap 160, //www.earthrugs.com/cdn/shop/products/36-CBP396L_900x.jpg?v=1672335988 900w,36-CBP396L_900x.jpg?v=1672335988 900w,,,Cap 800,36-CBP396L_900x.jpg?v=1672335988 900w,
"OP-396 Ladybug 13""x36""",68-396L,,"Hand Stenciled Oval Table Runner with Ladybug Design 
13""x36"" Oval 
Sold Individually 
100% Natural Jute
Red, Black & Natural 
Art by Susan Burd ",,,,,,,1,$ 15.00,,,,,1,Cap 400,Cap 160, //www.earthrugs.com/cdn/shop/files/68-396L2024_900x.jpg?v=1710797146 900w,68-396L2024_900x.jpg?v=1710797146 900w,,,Cap 800,68-396L2024_900x.jpg?v=1710797146 900w,
OP-9-093 Stallion,65-9-093S,,"20""x30"" Hand Stenciled Oval Patch Braided Rug",,,,,,,1,$ 20.50,,,,,1,Cap 400,Cap 160, //www.earthrugs.com/cdn/shop/products/65-9-093S_2019_900x.jpg?v=1571272974 900w,65-9-093S_2019_900x.jpg?v=1571272974 900w,,,Cap 800,65-9-093S_2019_900x.jpg?v=1571272974 900w,
C-904 Navy/Mid-Blue/Ivory Braided Rug,02-904,,"2 Sizes Available
Sold Individually
100% Natural Jute
Extremely Durable",,,,,,,1,$ 29.04,,,,,1,Cap 400,Cap 160, //www.earthrugs.com/cdn/shop/files/02-904_900x.jpg?v=1703872891 900w,02-904_900x.jpg?v=1703872891 900w,,,Cap 800,02-904_900x.jpg?v=1703872891 900w,
C-057 Burgundy/Gray/Cream Braided Rug,04-057,,"1 Sizes Available
Sold Individually
100% Natural Jute
Extremely Durable",,,,,,,1,$ 56.93,,,,,1,Cap 400,Cap 160, //www.earthrugs.com/cdn/shop/products/04-057_900x.jpg?v=1571272951 900w,04-057_900x.jpg?v=1571272951 900w,,,Cap 800,04-057_900x.jpg?v=1571272951 900w,
C-338 Burgundy/Olive/Charcoal Braided Rug,03-338,,"3 Sizes Available
Sold Individually
100% Natural Jute
Extremely Durable",,,,,,,1,$ 56.93,,,,,1,Cap 400,Cap 160, //www.earthrugs.com/cdn/shop/products/03-338_900x.jpg?v=1571272865 900w,03-338_900x.jpg?v=1571272865 900w,,,Cap 800,03-338_900x.jpg?v=1571272865 900w,
C-017 Chocolate/Natural Braided Rug,13-017,,"2 Sizes Available
Sold Individually
100% Natural Jute
Extremely Durable",,,,,,,1,$ 61.99,,,,,1,Cap 400,Cap 160, //www.earthrugs.com/cdn/shop/products/13-017_900x.jpg?v=1745434293 900w,13-017_900x.jpg?v=1745434293 900w,,,Cap 800,13-017_900x.jpg?v=1745434293 900w,
OP-057 Deer/Pinecone,65-057DP,,"20""x30"" Hand Stenciled Oval Patch Braided Rug",,,,,,,1,$ 20.50,,,,,1,Cap 400,Cap 160, //www.earthrugs.com/cdn/shop/files/65-057DP2024_900x.jpg?v=1710796131 900w,65-057DP2024_900x.jpg?v=1710796131 900w,,,Cap 800,65-057DP2024_900x.jpg?v=1710796131 900w,
OP-057 Dachshund,65-057D,,"20""x30"" Hand Stenciled Oval Patch Braided Rug
Artwork by Karl Johnson",,,,,,,1,$ 20.50,,,,,1,Cap 400,Cap 160, //www.earthrugs.com/cdn/shop/files/65-057D2024_900x.jpg?v=1710796123 900w,65-057D2024_900x.jpg?v=1710796123 900w,,,Cap 800,65-057D2024_900x.jpg?v=1710796123 900w,
C-238 Burgundy/Olive/Charcoal Braided Rug,05-238,,"5 Sizes Available
Sold Individually
100% Natural Jute
Extremely Durable",,,,,,,1,$ 61.99,,,,,1,Cap 400,Cap 160, //www.earthrugs.com/cdn/shop/products/05-238_900x.jpg?v=1571272878 900w,05-238_900x.jpg?v=1571272878 900w,,,Cap 800,05-238_900x.jpg?v=1571272878 900w,
OP-238 Cardinal,65-238C,,"20""x30"" Hand Stenciled Oval Patch Braided Rug
Artwork by Phyllis Stevens",,,,,,,1,$ 20.50,,,,,1,Cap 400,Cap 160, //www.earthrugs.com/cdn/shop/products/65-238C_900x.jpg?v=1578155100 900w,65-238C_900x.jpg?v=1578155100 900w,,,Cap 800,65-238C_900x.jpg?v=1578155100 900w,
IC-238 Black Star Coaster,31-IC238BS,,"5"" Round Hand Stenciled Coaster with Black Star Design 
100% Natural Jute
Sold Individually 
Extremely Durable
Black and Natural ",,,,,,,1,$ 1.35,,,,,1,Cap 400,Cap 160, //www.earthrugs.com/cdn/shop/products/31-IC238S_900x.jpg?v=1571272868 900w,31-IC238S_900x.jpg?v=1571272868 900w,,,Cap 800,31-IC238S_900x.jpg?v=1571272868 900w,
IC-238 Alaska Coaster,31-IC238AK,,"5"" Round Hand Stenciled Coaster with Alaska Design 
100% Natural Jute
Sold Individually 
Extremely Durable
Black & Gray",,,,,,,1,$ 1.35,,,,,1,Cap 400,Cap 160, //www.earthrugs.com/cdn/shop/files/IC-238-Alaska-5_Round-OnWood_900x.jpg?v=1702486502 900w,IC-238-Alaska-5_Round-OnWood_900x.jpg?v=1702486502 900w,,,Cap 800,IC-238-Alaska-5_Round-OnWood_900x.jpg?v=1702486502 900w,
IC-238 Cat Coaster,31-IC238C,,"5"" Round Hand Stenciled Coaster with Cat Design 
100% Natural Jute
Sold Individually 
Extremely Durable
Black and Natural  ",,,,,,,1,$ 1.35,,,,,1,Cap 400,Cap 160, //www.earthrugs.com/cdn/shop/products/31-IC238C_900x.jpg?v=1571272892 900w,31-IC238C_900x.jpg?v=1571272892 900w,,,Cap 800,31-IC238C_900x.jpg?v=1571272892 900w,
IC-238 Kitten Coaster,31-IC238K,,"5"" Round Hand Stenciled Coaster with Kitten Design 
100% Natural Jute
Sold Individually 
Extremely Durable
Black and Natural ",,,,,,,1,$ 1.35,,,,,1,Cap 400,Cap 160, //www.earthrugs.com/cdn/shop/products/31-IC238K_900x.jpg?v=1571272892 900w,31-IC238K_900x.jpg?v=1571272892 900w,,,Cap 800,31-IC238K_900x.jpg?v=1571272892 900w,
IC-238 Eagle Silhouette Coaster,31-IC238EA,,"Round Hand Stenciled Coaster with Eagle Silhouette Design 
100% Natural Jute
2 Sizes Available 
Extremely Durable
Black & Gray",,,,,,,1,$ 1.35,,,,,1,Cap 400,Cap 160, //www.earthrugs.com/cdn/shop/files/31-IC238EA_900x.jpg?v=1734802182 900w,31-IC238EA_900x.jpg?v=1734802182 900w,,,Cap 800,31-IC238EA_900x.jpg?v=1734802182 900w,
IC-238 Apple Coaster,31-IC238A,,"5"" Round Hand Stenciled Coaster with Apple Design 
100% Natural Jute
Sold Individually 
Extremely Durable
Black and Natural ",,,,,,,1,$ 1.35,,,,,1,Cap 400,Cap 160, //www.earthrugs.com/cdn/shop/products/31-IC238A_900x.jpg?v=1571272902 900w,31-IC238A_900x.jpg?v=1571272902 900w,,,Cap 800,31-IC238A_900x.jpg?v=1571272902 900w,
IC-238 Lincoln Coaster,31-IC238L,,"5"" Round Hand Stenciled Coaster with Lincoln Design 
100% Natural Jute
Sold Individually 
Extremely Durable
Black & Gray",,,,,,,1,$ 1.25,,,,,1,Cap 400,Cap 160, //www.earthrugs.com/cdn/shop/files/IC-238-Lincoln-5_-Round-OnWood_900x.jpg?v=1702486593 900w,IC-238-Lincoln-5_-Round-OnWood_900x.jpg?v=1702486593 900w,,,Cap 800,IC-238-Lincoln-5_-Round-OnWood_900x.jpg?v=1702486593 900w,
IC-238 Arctic Bear Coaster,31-IC238AB,,"Round Hand Stenciled Coaster with Artic Bear Design 
100% Natural Jute
2 Sizes Available 
Extremely Durable
Black & Gray",,,,,,,1,$ 1.35,,,,,1,Cap 400,Cap 160, //www.earthrugs.com/cdn/shop/files/31-IC238AB_900x.jpg?v=1734802101 900w,31-IC238AB_900x.jpg?v=1734802101 900w,,,Cap 800,31-IC238AB_900x.jpg?v=1734802101 900w,
C-300 Honey/Vanilla/Ginger Braided Rug,05-300,,"9 Sizes Available
4 Shapes Available
Sold Individually
100% Natural Jute
Extremely Durable",,,,,,,1,$ 61.99,,,,,1,Cap 400,Cap 160, //www.earthrugs.com/cdn/shop/products/05-300_900x.jpg?v=1574806867 900w,05-300_900x.jpg?v=1574806867 900w,,,Cap 800,05-300_900x.jpg?v=1574806867 900w,
OP-300 Wheelbarrow,65-300W,,"20""x30"" Hand Stenciled Oval Patch Braided Rug
Artwork by Sandy Clough",,,,,,,1,$ 20.50,,,,,1,Cap 400,Cap 160, //www.earthrugs.com/cdn/shop/products/65-300W_900x.jpg?v=1571272959 900w,65-300W_900x.jpg?v=1571272959 900w,,,Cap 800,65-300W_900x.jpg?v=1571272959 900w,
OP-300 Sheep & Barn Star,65-300SBS,,"20""x30"" Hand Stenciled Oval Patch Braided Rug
Artwork by Susan Burd",,,,,,,1,$ 20.50,,,,,1,Cap 400,Cap 160, //www.earthrugs.com/cdn/shop/products/65-300SBS_900x.jpg?v=1571272885 900w,65-300SBS_900x.jpg?v=1571272885 900w,,,Cap 800,65-300SBS_900x.jpg?v=1571272885 900w,
IC-9-093 Stallion Coaster,31-IC9-093S,,"5"" Round Hand Stenciled Coaster with Stallion Design 
100% Natural Jute
Sold Individually 
Extremely Durable
Black and Natural ",,,,,,,1,$ 1.35,,,,,1,Cap 400,Cap 160, //www.earthrugs.com/cdn/shop/products/31-IC9-093S_2019_900x.jpg?v=1571272977 900w,31-IC9-093S_2019_900x.jpg?v=1571272977 900w,,,Cap 800,31-IC9-093S_2019_900x.jpg?v=1571272977 900w,
OP-300 Sunflowers,65-300S,,"20""x30"" Hand Stenciled Oval Patch Braided Rug
Artwork by Harry W. Smith",,,,,,,1,$ 20.50,,,,,1,Cap 400,Cap 160, //www.earthrugs.com/cdn/shop/products/65-300S_900x.jpg?v=1571272899 900w,65-300S_900x.jpg?v=1571272899 900w,,,Cap 800,65-300S_900x.jpg?v=1571272899 900w,
C-319 Burgundy/Mustard/Ivory Braided Rug,13-319,,"14 Sizes Available
4 Shapes Available
Sold Individually
100% Natural Jute
Extremely Durable",,,,,,,1,$ 61.99,,,,,1,Cap 400,Cap 160, //www.earthrugs.com/cdn/shop/products/13-319_900x.jpg?v=1571272864 900w,13-319_900x.jpg?v=1571272864 900w,,,Cap 800,13-319_900x.jpg?v=1571272864 900w,
IC-519 Red Rooster Coaster,31-IC519RR,,"5"" Round Hand Stenciled Coaster with Red Rooster Design 
100% Natural Jute
Sold Individually 
Extremely Durable
Country Red and Cream",,,,,,,1,$ 1.35,,,,,1,Cap 400,Cap 160, //www.earthrugs.com/cdn/shop/products/31-IC519RR_900x.jpg?v=1571272939 900w,31-IC519RR_900x.jpg?v=1571272939 900w,,,Cap 800,31-IC519RR_900x.jpg?v=1571272939 900w,
IC-9-119 Bird Nest Coaster,31-IC9-119BN,,"5"" Round Hand Stenciled Coaster with Bird Nest Design 
100% Natural Jute
Sold Individually 
Extremely Durable
Denim
Art by Suzanne Pienta",,,,,,,1,$ 1.35,,,,,1,Cap 400,Cap 160, //www.earthrugs.com/cdn/shop/files/31-IC9-119BN_900x.jpg?v=1734804195 900w,31-IC9-119BN_900x.jpg?v=1734804195 900w,,,Cap 800,31-IC9-119BN_900x.jpg?v=1734804195 900w,
IC-419 Holiday Village Coaster,31-IC419HV,,"5"" Round Hand Stenciled Coaster with Holiday Village Design 
100% Natural Jute
Sold Individually 
Extremely Durable
Sage, Ivory and Blue 
Art by Sandy Clough",,,,,,,1,$ 1.35,,,,,1,Cap 400,Cap 160, //www.earthrugs.com/cdn/shop/products/31-IC419HV_900x.jpg?v=1672251967 900w,31-IC419HV_900x.jpg?v=1672251967 900w,,,Cap 800,31-IC419HV_900x.jpg?v=1672251967 900w,
IC-9-119 Bluebird Coaster,31-IC9-119B,,"Round Hand Stenciled Coaster with Bluebird Design 
100% Natural Jute
2 Sizes Available 
Extremely Durable
Denim
Art by Suzanne Pienta",,,,,,,1,$ 1.35,,,,,1,Cap 400,Cap 160, //www.earthrugs.com/cdn/shop/files/31-IC9-119B_900x.jpg?v=1734804210 900w,31-IC9-119B_900x.jpg?v=1734804210 900w,,,Cap 800,31-IC9-119B_900x.jpg?v=1734804210 900w,
OP-319 Pumpkin Candy Corn,65-319PCC,,"20""x30"" Hand Stenciled Oval Patch Braided Rug
Artwork by Susan Burd",,,,,,,1,$ 20.50,,,,,1,Cap 400,Cap 160, //www.earthrugs.com/cdn/shop/products/65-319PCC_900x.jpg?v=1571272874 900w,65-319PCC_900x.jpg?v=1571272874 900w,,,Cap 800,65-319PCC_900x.jpg?v=1571272874 900w,
IC-319 Desert Sunset Coaster,31-IC319DS,,"5"" Round Hand Stenciled Coaster with Desert Sunset Design 
100% Natural Jute
Sold Individually
Extremely Durable
Burgundy and Black ",,,,,,,1,$ 1.35,,,,,1,Cap 400,Cap 160, //www.earthrugs.com/cdn/shop/products/31-IC319DS_900x.jpg?v=1571272939 900w,31-IC319DS_900x.jpg?v=1571272939 900w,,,Cap 800,31-IC319DS_900x.jpg?v=1571272939 900w,
319 Winter Elk Set,99-SPECIAL 319 Winter Elk,,"6 Units of IC-319 Winter Elk 5"" Round Coaster
4 Units of MSPR-319 Winter Elk 10"" Round Trivet
4 Units of MSP-319 Winter Elk 10""x15"" Oval Swatch
4 Units of PM-OP-319 Winter Elk 13""x19"" Oval Placemats
1 Unit of OP-319 Winter Elk 13""x36"" Oval Table Runner
1 Unit of OP-319 Winter Elk 20""x30"" Oval Rug",,,,,,,1,$ 116.05,,,,,1,Cap 400,Cap 160, //www.earthrugs.com/cdn/shop/files/Shopify_768db512-ef40-4391-8785-7460f507c51e_900x.png?v=1725478266 900w,Shopify_768db512-ef40-4391-8785-7460f507c51e_900x.png?v=1725478266 900w,,,Cap 800,Shopify_768db512-ef40-4391-8785-7460f507c51e_900x.png?v=1725478266 900w,
IC-019 Barn Star Coaster,31-IC019BS,,"5"" Round Hand Stenciled Coaster with Barn Star Design 
100% Natural Jute
Sold Individually 
Extremely Durable
Burgundy and Black
Art by Susan Burd",,,,,,,1,$ 1.35,,,,,1,Cap 400,Cap 160, //www.earthrugs.com/cdn/shop/products/31-IC019BS_01bc0ef1-00a7-4e7a-bf36-dda50c524a56_900x.jpg?v=1587762785 900w,31-IC019BS_01bc0ef1-00a7-4e7a-bf36-dda50c524a56_900x.jpg?v=1587762785 900w,,,Cap 800,31-IC019BS_01bc0ef1-00a7-4e7a-bf36-dda50c524a56_900x.jpg?v=1587762785 900w,
IC-919 Giraffe Coaster,31-IC919G,,"Round Hand Stenciled Coaster with Giraffe Design 
100% Natural Jute
2 Sizes Available 
Extremely Durable",,,,,,,1,$ 1.35,,,,,1,Cap 400,Cap 160, //www.earthrugs.com/cdn/shop/files/31-IC919G_900x.jpg?v=1734804739 900w,31-IC919G_900x.jpg?v=1734804739 900w,,,Cap 800,31-IC919G_900x.jpg?v=1734804739 900w,
C-238 Burgundy/Olive/Charcoal Braided Rug,02-238,,"2 Sizes Available
Sold Individually
100% Natural Jute
Extremely Durable",,,,,,,1,$ 13.65,,,,,1,Cap 400,Cap 160, //www.earthrugs.com/cdn/shop/files/02-238_900x.jpg?v=1747862654 900w,02-238_900x.jpg?v=1747862654 900w,,,Cap 800,02-238_900x.jpg?v=1747862654 900w,
C-362 Breezy Blue/Taupe/Ivory Braided Rug,05-362,,"4 Sizes Available
Sold Individually
100% Natural Jute
Extremely Durable",,,,,,,1,$ 92.35,,,,,1,Cap 400,Cap 160, //www.earthrugs.com/cdn/shop/products/13-362_900x.jpg?v=1571272865 900w,13-362_900x.jpg?v=1571272865 900w,,,Cap 800,13-362_900x.jpg?v=1571272865 900w,
362 Blue Truck Set,99-Special 362 Blue Truck Set,,"6 Units of MSPR-362 Blue Truck 10"" Round Trivets
6 Units of PM-OP-362 Blue Truck 13""x19"" Oval Placemats
1 Unit of OP-362 Blue Truck 13""x36"" Oval Table Runner
1 Unit of OP-362 Blue Truck 20""x30"" Oval Rug",,,,,,,1,$ 104.18,,,,,1,Cap 400,Cap 160, //www.earthrugs.com/cdn/shop/files/Shopify_94ea4467-b53f-413b-8c45-07cbf6787127_900x.png?v=1731690220 900w,Shopify_94ea4467-b53f-413b-8c45-07cbf6787127_900x.png?v=1731690220 900w,,,Cap 800,Shopify_94ea4467-b53f-413b-8c45-07cbf6787127_900x.png?v=1731690220 900w,
OP-362 Blue Truck,65-362BT,,"20""x30"" Hand Stenciled Oval Patch Braided Rug",,,,,,,1,$ 20.50,,,,,1,Cap 400,Cap 160, //www.earthrugs.com/cdn/shop/products/65-362BT_2019_900x.jpg?v=1571272973 900w,65-362BT_2019_900x.jpg?v=1571272973 900w,,,Cap 800,65-362BT_2019_900x.jpg?v=1571272973 900w,
OP-362 Light & Boat,65-362LB,,"20""x30"" Hand Stenciled Oval Patch Braided Rug
Artwork by Harry W. Smith",,,,,,,1,$ 20.50,,,,,1,Cap 400,Cap 160, //www.earthrugs.com/cdn/shop/products/65-362LB_900x.jpg?v=1578072689 900w,65-362LB_900x.jpg?v=1578072689 900w,,,Cap 800,65-362LB_900x.jpg?v=1578072689 900w,
C-371 Black Cherry/Chocolate/Cream Braided Rug,04-371,,"14 Sizes Available
5 Shapes Available
Sold Individually
100% Natural Jute
Extremely Durable",,,,,,,1,$ 92.35,,,,,1,Cap 400,Cap 160, //www.earthrugs.com/cdn/shop/products/04-371_900x.jpg?v=1571272865 900w,04-371_900x.jpg?v=1571272865 900w,,,Cap 800,04-371_900x.jpg?v=1571272865 900w,
C-123 Ebony/Ivory/Chocolate Braided Rug,07-123,,"1 Sizes Available
Sold Individually
100% Natural Jute
Extremely Durable",,,,,,,1,$ 156.86,,,,,1,Cap 400,Cap 160, //www.earthrugs.com/cdn/shop/products/07-123_900x.jpg?v=1571272951 900w,07-123_900x.jpg?v=1571272951 900w,,,Cap 800,07-123_900x.jpg?v=1571272951 900w,
C-238 Burgundy/Olive/Charcoal Stair Tread,19-238,,"  8.25"" x 27"" Braided Stair Tread
2 Shapes Available
Sold Individually
100% Natural Jute
Extremely Durable
Stair Tread or Small Table Runner",,,,,,,1,$ 6.01,,,,,1,Cap 400,Cap 160, //www.earthrugs.com/cdn/shop/products/19-238_900x.jpg?v=1571272863 900w,19-238_900x.jpg?v=1571272863 900w,,,Cap 800,19-238_900x.jpg?v=1571272863 900w,
IC-238 Shark Coaster,31-IC238S,,"Round Hand Stenciled Coaster with Shark Design 
100% Natural Jute
2 Sizes Available 
Extremely Durable
Black & Gray",,,,,,,1,$ 1.35,,,,,1,Cap 400,Cap 160, //www.earthrugs.com/cdn/shop/files/IC-238-Shark-5_Round-OnWood_900x.jpg?v=1702486633 900w,IC-238-Shark-5_Round-OnWood_900x.jpg?v=1702486633 900w,,,Cap 800,IC-238-Shark-5_Round-OnWood_900x.jpg?v=1702486633 900w,
"LC-419 Holiday Village House 7"" Large Coaster",98-79-419HV,,"7"" Round Hand Stenciled Coaster with Holiday Village House Design 
100% Natural Jute 
Extremely Durable",,,,,,,1,$ 2.73,,,,,1,Cap 400,Cap 160, //www.earthrugs.com/cdn/shop/files/thumbnail_IMG_1307_900x.jpg?v=1727888379 900w,thumbnail_IMG_1307_900x.jpg?v=1727888379 900w,,,Cap 800,thumbnail_IMG_1307_900x.jpg?v=1727888379 900w,
RP-919 Sunflower,66-919S,,"27""x27"" Hand Stenciled Round Patch Rug",,,,,,,1,$ 23.25,,,,,1,Cap 400,Cap 160, //www.earthrugs.com/cdn/shop/products/66-919S_900x.jpg?v=1578155329 900w,66-919S_900x.jpg?v=1578155329 900w,,,Cap 800,66-919S_900x.jpg?v=1578155329 900w,
C-9-119 Denim Placemat,52-PM9-119,,"  13"" x 19"" Oval Placemat
Sold Individually
100% Natural Jute
Extremely Durable",,,,,,,1,$ 7.55,,,,,1,Cap 400,Cap 160, //www.earthrugs.com/cdn/shop/files/52-PM9-119_900x.jpg?v=1734993060 900w,52-PM9-119_900x.jpg?v=1734993060 900w,,,Cap 800,52-PM9-119_900x.jpg?v=1734993060 900w,
LC-9-119 Denim Large Coaster,52-LC9-119,,"  7"" x 7"" Round Large Coaster
Sold Individually
100% Natural Jute
Extremely Durable",,,,,,,1,$ 2.60,,,,,1,Cap 400,Cap 160, //www.earthrugs.com/cdn/shop/files/52-LC9-119_900x.jpg?v=1746651737 900w,52-LC9-119_900x.jpg?v=1746651737 900w,,,Cap 800,52-LC9-119_900x.jpg?v=1746651737 900w,
C-319 Burgundy/Mustard/Ivory Stair Tread,19-319,,"  8.25"" x 27"" Braided Stair Tread
1 Shapes Available
Sold Individually
100% Natural Jute
Extremely Durable
Stair Tread or Small Table Runner",,,,,,,1,$ 6.01,,,,,1,Cap 400,Cap 160, //www.earthrugs.com/cdn/shop/products/19-319_514598af-77bf-4657-90c0-0921cfee8b09_900x.jpg?v=1571272864 900w,19-319_514598af-77bf-4657-90c0-0921cfee8b09_900x.jpg?v=1571272864 900w,,,Cap 800,19-319_514598af-77bf-4657-90c0-0921cfee8b09_900x.jpg?v=1571272864 900w,
LC-319 Mom and Pony Large Coaster,79-319MP,,"7"" Round Hand Stenciled Coaster with Mom and Pony Design 
100% Natural Jute
Extremely Durable
Burgundy and Black
Art by R.A. Guthrie",,,,,,,1,$ 3.00,,,,,1,Cap 400,Cap 160, //www.earthrugs.com/cdn/shop/files/79-319MP_900x.jpg?v=1734804904 900w,79-319MP_900x.jpg?v=1734804904 900w,,,Cap 800,79-319MP_900x.jpg?v=1734804904 900w,
C-9-119 Denim Table Runner,52-TR9-119,,"  13"" x 36"" Oval Table Runner
Sold Individually
100% Natural Jute
Extremely Durable",,,,,,,1,$ 13.35,,,,,1,Cap 400,Cap 160, //www.earthrugs.com/cdn/shop/files/52-TR9-119_ae527aa1-1b01-4064-a8fd-2ee7316dce23_900x.jpg?v=1735833848 900w,52-TR9-119_ae527aa1-1b01-4064-a8fd-2ee7316dce23_900x.jpg?v=1735833848 900w,,,Cap 800,52-TR9-119_ae527aa1-1b01-4064-a8fd-2ee7316dce23_900x.jpg?v=1735833848 900w,
PM-OP-9-093 Alaska,48-9-093A,,"Hand Stenciled Oval Placemat with Alaska Design 
13""x19"" Oval
Sold Individually 
100% Natural Jute
Black and Natural",,,,,,,1,$ 8.55,,,,,1,Cap 400,Cap 160, //www.earthrugs.com/cdn/shop/files/48-9-093A_900x.jpg?v=1734992635 900w,48-9-093A_900x.jpg?v=1734992635 900w,,,Cap 800,48-9-093A_900x.jpg?v=1734992635 900w,
C-371 Cherry/Chocolate/Cream Table Runner,52-TR371,,"  13"" x 36"" Oval Table Runner
Sold Individually
100% Natural Jute
Extremely Durable",,,,,,,1,$ 12.34,,,,,1,Cap 400,Cap 160, //www.earthrugs.com/cdn/shop/products/52-TR371_900x.jpg?v=1571272968 900w,52-TR371_900x.jpg?v=1571272968 900w,,,Cap 800,52-TR371_900x.jpg?v=1571272968 900w,
MSPR-040 Light Mushroom Trivet,80-040LM,,"10"" Round Printed Trivet with Light Mushroom Design 
100% Natural Jute
Sold Individually
Burgundy/Gray",,,,,,,1,$ 4.35,,,,,1,Cap 400,Cap 160, //www.earthrugs.com/cdn/shop/files/80-040LM_900x.jpg?v=1734800120 900w,80-040LM_900x.jpg?v=1734800120 900w,,,Cap 800,80-040LM_900x.jpg?v=1734800120 900w,
MS-099 Brown/Black/Charcoal Swatch,00-099,,"1 Shape/Size Available
Sold Individually
100% Natural Jute
Extremely Durable
Used as Small Placemat or Trivet",,,,,,,1,$ 5.00,,,,,1,Cap 400,Cap 160, //www.earthrugs.com/cdn/shop/products/00-099_900x.jpg?v=1571272870 900w,00-099_900x.jpg?v=1571272870 900w,,,Cap 800,00-099_900x.jpg?v=1571272870 900w,
CH-099 Brown/Black/Charcoal Chair Pad,20-099,,"15.5"" Round Jute Braided Chair Pad
Matching Ties Attached
Sold Individually
100% Natural Jute
Durable and Water Repellent",,,,,,,1,$ 6.27,,,,,1,Cap 400,Cap 160, //www.earthrugs.com/cdn/shop/products/CH-99_900x.jpg?v=1571272905 900w,CH-99_900x.jpg?v=1571272905 900w,,,Cap 800,CH-99_900x.jpg?v=1571272905 900w,
MSP-099 Black Stars Swatch,81-099S,,"Hand Stenciled Oval Swatch with Black Stars Design
2 Sizes Available
Sold Individually
100% Natural Jute
Extremely Durable
Used as Small Placemat
Brown/Black/Charcoal",,,,,,,1,$ 6.15,,,,,1,Cap 400,Cap 160, //www.earthrugs.com/cdn/shop/files/81-099S2024_900x.jpg?v=1710797690 900w,81-099S2024_900x.jpg?v=1710797690 900w,,,Cap 800,81-099S2024_900x.jpg?v=1710797690 900w,
MS-9-099 Sandstone Sage Swatch,00-9-099,,"2 Shape/Size Available
Sold Individually
100% Natural Jute
Extremely Durable
Used as Small Placemat or Trivet",,,,,,,1,$ 5.40,,,,,1,Cap 400,Cap 160, //www.earthrugs.com/cdn/shop/files/00-9-0992024_900x.jpg?v=1704215047 900w,00-9-0992024_900x.jpg?v=1704215047 900w,,,Cap 800,00-9-0992024_900x.jpg?v=1704215047 900w,
CH-099 Black Star Chair Pad,49-CH099S,,"Hand Stenciled Jute Chair Pad With Black Star Design
15.5"" Round
Sold Individually 
Color Matching Ties Attached 
Brown, Black and Charcoal ",,,,,,,1,$ 8.15,,,,,1,Cap 400,Cap 160, //www.earthrugs.com/cdn/shop/files/49-CH099S2024_900x.jpg?v=1710788911 900w,49-CH099S2024_900x.jpg?v=1710788911 900w,,,Cap 800,49-CH099S2024_900x.jpg?v=1710788911 900w,
CNB-099 Black Star Coaster Set,29-CB099S,,"5"" Round Hand Stenciled Coasters with Black Star Design
4 Coasters with Matching Basket
Sold Individually
100% Natural Jute
Extremely Durable
Brown/Black/Charcoal",,,,,,,1,$ 9.25,,,,,1,Cap 400,Cap 160, //www.earthrugs.com/cdn/shop/products/29-CB099S_900x.jpg?v=1571272880 900w,29-CB099S_900x.jpg?v=1571272880 900w,,,Cap 800,29-CB099S_900x.jpg?v=1571272880 900w,
C-9-099 Sandstone Sage Braided Rug,02-9-099,,"2 Sizes Available
Sold Individually
100% Natural Jute
Extremely Durable",,,,,,,1,$ 13.65,,,,,1,Cap 400,Cap 160, //www.earthrugs.com/cdn/shop/products/02-9-099_900x.jpg?v=1571272952 900w,02-9-099_900x.jpg?v=1571272952 900w,,,Cap 800,02-9-099_900x.jpg?v=1571272952 900w,
ST-OP-099 Black Stars Stair Tread,49-ST099S,,"Hand Stenciled Oval Stair Tread with Black Stars Design 
8.25""x27"" Oval
Sold Individually 
100% Natural Jute
Brown, Black & Charcoal ",,,,,,,1,$ 7.15,,,,,1,Cap 400,Cap 160, //www.earthrugs.com/cdn/shop/products/49-ST099S_900x.jpg?v=1571272889 900w,49-ST099S_900x.jpg?v=1571272889 900w,,,Cap 800,49-ST099S_900x.jpg?v=1571272889 900w,
MSPR-419 Holiday Village 1 Trivet,80-419HV1,,"10"" Round Printed Trivet with Holiday Village 1 Design 
100% Natural Jute
Sold Individually 
Sage, Ivory and Blue
Art by Sandy Clough",,,,,,,1,$ 4.35,,,,,1,Cap 400,Cap 160, //www.earthrugs.com/cdn/shop/products/80-419HV1_900x.jpg?v=1672421364 900w,80-419HV1_900x.jpg?v=1672421364 900w,,,Cap 800,80-419HV1_900x.jpg?v=1672421364 900w,
MSPR-899 Eagle Trivet,80-899E,,"10"" Round Printed Trivet with Eagle Design 
100% Natural Jute
Sold Individually",,,,,,,1,$ 4.35,,,,,1,Cap 400,Cap 160, //www.earthrugs.com/cdn/shop/files/80-899E_900x.jpg?v=1734800621 900w,80-899E_900x.jpg?v=1734800621 900w,,,Cap 800,80-899E_900x.jpg?v=1734800621 900w,
MSPR-919 Giraffe Trivet,80-919G,,"10"" Round Printed Trivet with Giraffe Design 
100% Natural Jute
Sold Individually",,,,,,,1,$ 4.35,,,,,1,Cap 400,Cap 160, //www.earthrugs.com/cdn/shop/files/80-919G_900x.jpg?v=1734800755 900w,80-919G_900x.jpg?v=1734800755 900w,,,Cap 800,80-919G_900x.jpg?v=1734800755 900w,
MSPR-396 Lobster Maine Trivet,80-396LM,,"10"" Round Printed Trivet with Lobster Maine Design 
100% Natural Jute
Sold Individually 
Red and Black
Art by Harry W. Smith",,,,,,,1,$ 4.35,,,,,1,Cap 400,Cap 160, //www.earthrugs.com/cdn/shop/products/80-396LM_900x.jpg?v=1612304152 900w,80-396LM_900x.jpg?v=1612304152 900w,,,Cap 800,80-396LM_900x.jpg?v=1612304152 900w,
MSPR-919 Crow & Star Trivet,80-919CS,,"10"" Round Printed Trivet with Crow & Star Design 
100% Natural Jute
Sold Individually 
Burgundy, Black and Gold 
Art by Susan Burd",,,,,,,1,$ 4.35,,,,,1,Cap 400,Cap 160, //www.earthrugs.com/cdn/shop/products/80-919CS_900x.jpg?v=1571272883 900w,80-919CS_900x.jpg?v=1571272883 900w,,,Cap 800,80-919CS_900x.jpg?v=1571272883 900w,
MSPR-019 Barn Star Trivet,80-019BS,,"10"" Round Printed Trivet with Barn Star Design 
100% Natural Jute
Sold Individually 
Burgundy, Mustard and ivory
Art by Susan Burd",,,,,,,1,$ 4.35,,,,,1,Cap 400,Cap 160, //www.earthrugs.com/cdn/shop/files/80-019BS2024_900x.jpg?v=1710797341 900w,80-019BS2024_900x.jpg?v=1710797341 900w,,,Cap 800,80-019BS2024_900x.jpg?v=1710797341 900w,
MSPR-419 Holiday Village 2 Trivet,80-419HV2,,"10"" Round Printed Trivet with Holiday Village 2 Design 
100% Natural Jute
Sold Individually 
Sage, Ivory and Blue
Art by Sandy Clough",,,,,,,1,$ 4.35,,,,,1,Cap 400,Cap 160, //www.earthrugs.com/cdn/shop/products/80-419HV2_900x.jpg?v=1672421422 900w,80-419HV2_900x.jpg?v=1672421422 900w,,,Cap 800,80-419HV2_900x.jpg?v=1672421422 900w,
MSPR-9-119 Robin With Nest Trivet,80-9-119RN,,"10"" Round Printed Trivet with Robin With Nest Design 
100% Natural Jute
Sold Individually
Denim
Art by Suzanne Pienta",,,,,,,1,$ 4.35,,,,,1,Cap 400,Cap 160, //www.earthrugs.com/cdn/shop/files/80-9-119RN_900x.jpg?v=1734800687 900w,80-9-119RN_900x.jpg?v=1734800687 900w,,,Cap 800,80-9-119RN_900x.jpg?v=1734800687 900w,
Bee Set,99-Special Bee Set,,"16 Units of IC-9-101 Bee 5"" Round Coaster
16 Units of IC-9-101 Beehive 5"" Round Coaster
  8 Units of MSPR-300 Bee Happy 10"" Round Trivet
8 Units of MSPR-9-101 Beehive 10"" Round Trivet
 ",,,,,,,1,$ 108.80,,,,,1,Cap 400,Cap 160, //www.earthrugs.com/cdn/shop/files/BeeSet_900x.png?v=1714165728 900w,BeeSet_900x.png?v=1714165728 900w,,,Cap 800,BeeSet_900x.png?v=1714165728 900w,
OP-300 Bee Happy,65-300BH,,"20""x30"" Hand Stenciled Oval Patch Braided Rug
Artwork by Harry W. Smith",,,,,,,1,$ 20.50,,,,,1,Cap 400,Cap 160, //www.earthrugs.com/cdn/shop/products/65-300BH_2019_900x.jpg?v=1571272973 900w,65-300BH_2019_900x.jpg?v=1571272973 900w,,,Cap 800,65-300BH_2019_900x.jpg?v=1571272973 900w,
MSPR-043 Horse Silhouette Trivet,80-043HS,,"10"" Round Printed Trivet with Horse Silhouette Design 
100% Natural Jute
Sold Individually 
Black, Gold and Natural ",,,,,,,1,$ 4.35,,,,,1,Cap 400,Cap 160, //www.earthrugs.com/cdn/shop/files/MSPR-043-HorseSilhoette-10_-Round-OnWood_900x.jpg?v=1703861536 900w,MSPR-043-HorseSilhoette-10_-Round-OnWood_900x.jpg?v=1703861536 900w,,,Cap 800,MSPR-043-HorseSilhoette-10_-Round-OnWood_900x.jpg?v=1703861536 900w,
OP-395 Autumn Welcome,65-395AW,,"20""x30"" Hand Stenciled Oval Patch Braided Rug
Artwork by Suzanne Pienta",,,,,,,1,$ 20.50,,,,,1,Cap 400,Cap 160, //www.earthrugs.com/cdn/shop/products/65-395AW_900x.jpg?v=1578072718 900w,65-395AW_900x.jpg?v=1578072718 900w,,,Cap 800,65-395AW_900x.jpg?v=1578072718 900w,
"MSPR-826 Thistle & Vine 10"" Trivet",98-80-826TV,,"10"" Round Printed Trivet with Thistle & Vine Design 
100% Natural Jute
Sold Individually",,,,,,,1,$ 3.99,,,,,1,Cap 400,Cap 160, //www.earthrugs.com/cdn/shop/files/98-80-826TV_183f22ea-6016-4ca1-9e9f-4464464fbb27_900x.jpg?v=1706997640 900w,98-80-826TV_183f22ea-6016-4ca1-9e9f-4464464fbb27_900x.jpg?v=1706997640 900w,,,Cap 800,98-80-826TV_183f22ea-6016-4ca1-9e9f-4464464fbb27_900x.jpg?v=1706997640 900w,
OP-395 Camper,65-395C,,"20""x30"" Hand Stenciled Oval Patch Braided Rug
Artwork by Harry W. Smith",,,,,,,1,$ 20.50,,,,,1,Cap 400,Cap 160, //www.earthrugs.com/cdn/shop/products/65-395C_900x.jpg?v=1578072817 900w,65-395C_900x.jpg?v=1578072817 900w,,,Cap 800,65-395C_900x.jpg?v=1578072817 900w,
"MSPR-659 Mount Washington 10"" Trivet",80-659MW,,"10"" Round Printed Trivet with Mount Washington Design 
100% Natural Jute
Sold Individually",,,,,,,1,$ 3.99,,,,,1,Cap 400,Cap 160, //www.earthrugs.com/cdn/shop/files/80-659MW_900x.jpg?v=1707415895 900w,80-659MW_900x.jpg?v=1707415895 900w,,,Cap 800,80-659MW_900x.jpg?v=1707415895 900w,
CT-371 Black Cherry/Choco/Cream,63-C371,,"14.5""x19.5"" Jute Braided Cat Shaped Rug",,,,,,,1,$ 6.65,,,,,1,Cap 400,Cap 160, //www.earthrugs.com/cdn/shop/products/63-C371_900x.jpg?v=1571272961 900w,63-C371_900x.jpg?v=1571272961 900w,,,Cap 800,63-C371_900x.jpg?v=1571272961 900w,
"OP-430 Roosters 13""x36""",68-430R,,"Hand Stenciled Oval Table Runner with Roosters Design 
13""x36"" Oval 
Sold Individually 
100% Natural Jute
Black, White & Natural 
Art by Sandy Clough ",,,,,,,1,$ 15.00,,,,,1,Cap 400,Cap 160, //www.earthrugs.com/cdn/shop/products/68-430R_900x.jpg?v=1571272945 900w,68-430R_900x.jpg?v=1571272945 900w,,,Cap 800,68-430R_900x.jpg?v=1571272945 900w,
PM-OP-443 Navy Anchor,48-443NA,,"Hand Stenciled Oval Placemat with Navy Anchor Design 
13""x19"" Oval
Sold Individually 
100% Natural Jute
Blue and Natural 
Art by Harry W. Smith ",,,,,,,1,$ 8.55,,,,,1,Cap 400,Cap 160, //www.earthrugs.com/cdn/shop/files/48-443NA_900x.jpg?v=1734992585 900w,48-443NA_900x.jpg?v=1734992585 900w,,,Cap 800,48-443NA_900x.jpg?v=1734992585 900w,
"OP-419 Holiday Village Trees 13""x36""",68-419HVT,,"Hand Stenciled Oval Table Runner with Holiday Village Trees Design 
13""x36"" Oval 
Sold Individually 
100% Natural Jute
Sage, Ivory & Settlers Blue 
Art by Sandy Clough ",,,,,,,1,$ 15.00,,,,,1,Cap 400,Cap 160, //www.earthrugs.com/cdn/shop/products/68-419HVT_900x.jpg?v=1672346677 900w,68-419HVT_900x.jpg?v=1672346677 900w,,,Cap 800,68-419HVT_900x.jpg?v=1672346677 900w,
PM-OP-313 Black Stars,48-313BS,,"Hand Stenciled Oval Placemat with Black Stars Design 
13""x19"" Oval
Sold Individually 
100% Natural Jute
Mocha Frappuccino ",,,,,,,1,$ 8.55,,,,,1,Cap 400,Cap 160, //www.earthrugs.com/cdn/shop/files/48-313BS2024_900x.jpg?v=1710788816 900w,48-313BS2024_900x.jpg?v=1710788816 900w,,,Cap 800,48-313BS2024_900x.jpg?v=1710788816 900w,
PM-OP-133 One Good Cup,48-133OGC,,"Hand Stenciled Oval Placemat with One Good Cup Design 
13""x19"" Oval
Sold Individually 
100% Natural Jute
Brown and Cream",,,,,,,1,$ 8.55,,,,,1,Cap 400,Cap 160, //www.earthrugs.com/cdn/shop/files/48-133OGC_900x.jpg?v=1734992516 900w,48-133OGC_900x.jpg?v=1734992516 900w,,,Cap 800,48-133OGC_900x.jpg?v=1734992516 900w,
CH-653 Daisy Chair Pad,49-CH653D,,"Hand Stenciled Jute Chair Pad With Daisy Design
15.5"" Round
Sold Individually 
Color Matching Ties Attached
Yellow & Brown
Art by Suazanne Pineta ",,,,,,,1,$ 8.15,,,,,1,Cap 400,Cap 160, //www.earthrugs.com/cdn/shop/products/49-CH653D_900x.jpg?v=1639242703 900w,49-CH653D_900x.jpg?v=1639242703 900w,,,Cap 800,49-CH653D_900x.jpg?v=1639242703 900w,
C-300 Honey/Vanilla/Ginger Placemat,52-PM300,,"  13"" x 19"" Oval Placemat
Sold Individually
100% Natural Jute
Extremely Durable",,,,,,,1,$ 6.96,,,,,1,Cap 400,Cap 160, //www.earthrugs.com/cdn/shop/files/52-PM3002024_900x.jpg?v=1710790343 900w,52-PM3002024_900x.jpg?v=1710790343 900w,,,Cap 800,52-PM3002024_900x.jpg?v=1710790343 900w,
CH-919 Crow & Star Chair Pad,49-CH919CS,,"Hand Stenciled Jute Chair Pad With Crow and Star Design
15.5"" Round
Sold Individually 
Color Matching Ties Attached 
Burgundy, Black and Natural  
Art by Susan Burd",,,,,,,1,$ 7.53,,,,,1,Cap 400,Cap 160, //www.earthrugs.com/cdn/shop/products/CH-919_Crow_Star_Chair_Pad_900x.jpg?v=1571272880 900w,CH-919_Crow_Star_Chair_Pad_900x.jpg?v=1571272880 900w,,,Cap 800,CH-919_Crow_Star_Chair_Pad_900x.jpg?v=1571272880 900w,
MSP-919 Crow & Star Swatch,81-919CS,,"Hand Stenciled Oval Swatch with Crow & Star Design 
10""x15"" Oval 
Sold Individually 
100% Natural Jute
Burgundy, Black and Natural 
Art by Susan Burd",,,,,,,1,$ 6.15,,,,,1,Cap 400,Cap 160, //www.earthrugs.com/cdn/shop/products/81-919CS_900x.jpg?v=1571272882 900w,81-919CS_900x.jpg?v=1571272882 900w,,,Cap 800,81-919CS_900x.jpg?v=1571272882 900w,
CT-319 Burgundy/Mustard/Ivory,63-C319,,"14.5""x19.5"" Burgundy/Mustard/Ivory Jute Braided Cat Shaped Rug",,,,,,,1,$ 6.65,,,,,1,Cap 400,Cap 160, //www.earthrugs.com/cdn/shop/products/63-C319_900x.jpg?v=1571272867 900w,63-C319_900x.jpg?v=1571272867 900w,,,Cap 800,63-C319_900x.jpg?v=1571272867 900w,
PM-OP-319 Winter Elk,48-319WE,,"Hand Stenciled Oval Placemat with Winter Elk Design 
13""x19"" Oval
Sold Individually 
100% Natural Jute
Burgundy, Mustard & Ivory ",,,,,,,1,$ 8.55,,,,,1,Cap 400,Cap 160, //www.earthrugs.com/cdn/shop/products/48-319WE_900x.jpg?v=1571272887 900w,48-319WE_900x.jpg?v=1571272887 900w,,,Cap 800,48-319WE_900x.jpg?v=1571272887 900w,
C-019 Burgundy/Mustard Braided Rug,15-019,,"3 Sizes Available
Sold Individually
100% Natural Jute
Extremely Durable",,,,,,,1,$ 125.24,,,,,1,Cap 400,Cap 160, //www.earthrugs.com/cdn/shop/products/15-019_900x.jpg?v=1574806762 900w,15-019_900x.jpg?v=1574806762 900w,,,Cap 800,15-019_900x.jpg?v=1574806762 900w,
PP-019 Welcome,67-019W,,"20""x30"" Hand Stenciled Oblong Print Patch Rug",,,,,,,1,$ 23.25,,,,,1,Cap 400,Cap 160, //www.earthrugs.com/cdn/shop/files/67-019W2024_900x.jpg?v=1710796724 900w,67-019W2024_900x.jpg?v=1710796724 900w,,,Cap 800,67-019W2024_900x.jpg?v=1710796724 900w,
OP-019 Cowboy,65-019C,,"20""x30"" Hand Stenciled Oval Patch Braided Rug",,,,,,,1,$ 20.50,,,,,1,Cap 400,Cap 160, //www.earthrugs.com/cdn/shop/products/65-019C_900x.jpg?v=1578070654 900w,65-019C_900x.jpg?v=1578070654 900w,,,Cap 800,65-019C_900x.jpg?v=1578070654 900w,
OP-019 Crow & Barn Stars,65-019CBS,,"20""x30"" Hand Stenciled Oval Patch Braided Rug
Artwork by Susan Burd",,,,,,,1,$ 20.50,,,,,1,Cap 400,Cap 160, //www.earthrugs.com/cdn/shop/products/65-019CBS_900x.jpg?v=1571272883 900w,65-019CBS_900x.jpg?v=1571272883 900w,,,Cap 800,65-019CBS_900x.jpg?v=1571272883 900w,
C-024 Olive/Burgundy/Gray Braided Rug,15-024,,"3 Sizes Available
Sold Individually
100% Natural Jute
Extremely Durable",,,,,,,1,$ 125.24,,,,,1,Cap 400,Cap 160, //www.earthrugs.com/cdn/shop/products/15-024_900x.jpg?v=1574806787 900w,15-024_900x.jpg?v=1574806787 900w,,,Cap 800,15-024_900x.jpg?v=1574806787 900w,
C-079 Light & Dark Blue/Mustard Braided Rug,15-079,,"2 Sizes Available
Sold Individually
100% Natural Jute
Extremely Durable",,,,,,,1,$ 125.24,,,,,1,Cap 400,Cap 160, //www.earthrugs.com/cdn/shop/products/15-079_900x.jpg?v=1574806828 900w,15-079_900x.jpg?v=1574806828 900w,,,Cap 800,15-079_900x.jpg?v=1574806828 900w,
MSP-430 Route 66 Swatch,81-430R66,,"Hand Stenciled Oval Swatch with Route 66 Design 
10""x15"" Oval 
Sold Individually 
100% Natural Jute
Black and Cream",,,,,,,1,$ 6.15,,,,,1,Cap 400,Cap 160, //www.earthrugs.com/cdn/shop/products/81-430R66_900x.jpg?v=1578148329 900w,81-430R66_900x.jpg?v=1578148329 900w,,,Cap 800,81-430R66_900x.jpg?v=1578148329 900w,
OP-338 Christmas Birdhouse,65-338CBH,,"20""x30"" Hand Stenciled Oval Patch Braided Rug
Artwork by Sandy Clough",,,,,,,1,$ 20.50,,,,,1,Cap 400,Cap 160, //www.earthrugs.com/cdn/shop/products/65-338CBH_900x.jpg?v=1571272899 900w,65-338CBH_900x.jpg?v=1571272899 900w,,,Cap 800,65-338CBH_900x.jpg?v=1571272899 900w,
C-313 Mocha/Frappuccino Braided Rug,16-313,,"2 Sizes Available
Sold Individually
100% Natural Jute
Extremely Durable",,,,,,,1,$ 125.24,,,,,1,Cap 400,Cap 160, //www.earthrugs.com/cdn/shop/products/16-313_900x.jpg?v=1574806904 900w,16-313_900x.jpg?v=1574806904 900w,,,Cap 800,16-313_900x.jpg?v=1574806904 900w,
OP-313 Black Stars,65-313BS,, ,,,,,,,1,$ 20.50,,,,,1,Cap 400,Cap 160, //www.earthrugs.com/cdn/shop/files/65-313BS2024_900x.jpg?v=1710796357 900w,65-313BS2024_900x.jpg?v=1710796357 900w,,,Cap 800,65-313BS2024_900x.jpg?v=1710796357 900w,
IC-313 D Coaster,30-313D,,"5"" Round Hand Stenciled Coaster with ""D"" Monogram Design 
100% Natural Jute
Sold Individually 
Extremely Durable
Mocha/Frappuccino
Art by Harry W. Smith",,,,,,,1,$ 1.35,,,,,1,Cap 400,Cap 160, //www.earthrugs.com/cdn/shop/products/30-IC313D_900x.jpg?v=1611956715 900w,30-IC313D_900x.jpg?v=1611956715 900w,,,Cap 800,30-IC313D_900x.jpg?v=1611956715 900w,
C-357 Burgundy/Gray/Cream Braided Rug,16-357,,"2 Sizes Available
Sold Individually
100% Natural Jute
Extremely Durable",,,,,,,1,$ 125.24,,,,,1,Cap 400,Cap 160, //www.earthrugs.com/cdn/shop/products/16-357_900x.jpg?v=1574806945 900w,16-357_900x.jpg?v=1574806945 900w,,,Cap 800,16-357_900x.jpg?v=1574806945 900w,
C-357 Burgundy/Gray/Cream Table Runner,52-TR357,,"  13"" x 36"" Oval Table Runner
Sold Individually
100% Natural Jute
Extremely Durable",,,,,,,1,$ 13.35,,,,,1,Cap 400,Cap 160, //www.earthrugs.com/cdn/shop/files/52-TR3572024_900x.jpg?v=1710790403 900w,52-TR3572024_900x.jpg?v=1710790403 900w,,,Cap 800,52-TR3572024_900x.jpg?v=1710790403 900w,
C-357 Burgundy/Gray/Cream Placemat,52-PM357,,"  13"" x 19"" Oval Placemat
Sold Individually
100% Natural Jute
Extremely Durable",,,,,,,1,$ 7.55,,,,,1,Cap 400,Cap 160, //www.earthrugs.com/cdn/shop/files/52-PM3572024_900x.jpg?v=1710790347 900w,52-PM3572024_900x.jpg?v=1710790347 900w,,,Cap 800,52-PM3572024_900x.jpg?v=1710790347 900w,
OP-357 Burgundy Stars,65-357BS,, ,,,,,,,1,$ 20.50,,,,,1,Cap 400,Cap 160, //www.earthrugs.com/cdn/shop/products/65-357BS_900x.jpg?v=1571272874 900w,65-357BS_900x.jpg?v=1571272874 900w,,,Cap 800,65-357BS_900x.jpg?v=1571272874 900w,
CT-357 Burgundy/Gray/Cream,63-C357,,"14.5""x19.5"" Jute Braided Cat Shaped Rug",,,,,,,1,$ 6.65,,,,,1,Cap 400,Cap 160, //www.earthrugs.com/cdn/shop/products/63-C357_900x.jpg?v=1578069189 900w,63-C357_900x.jpg?v=1578069189 900w,,,Cap 800,63-C357_900x.jpg?v=1578069189 900w,
CH-357 Burgundy/Gray/Cream Chair Pad,20-357,,"15.5"" Round Jute Braided Chair Pad
Matching Ties Attached
Sold Individually
100% Natural Jute
Durable and Water Repellent",,,,,,,1,$ 6.80,,,,,1,Cap 400,Cap 160, //www.earthrugs.com/cdn/shop/products/CH-357_900x.jpg?v=1571272906 900w,CH-357_900x.jpg?v=1571272906 900w,,,Cap 800,CH-357_900x.jpg?v=1571272906 900w,
MS-357 Burgundy/Gray/Cream Swatch,00-357,,"2 Shape/Size Available
Sold Individually
100% Natural Jute
Extremely Durable
Used as Small Placemat or Trivet",,,,,,,1,$ 5.40,,,,,1,Cap 400,Cap 160, //www.earthrugs.com/cdn/shop/products/00-357_900x.jpg?v=1571272871 900w,00-357_900x.jpg?v=1571272871 900w,,,Cap 800,00-357_900x.jpg?v=1571272871 900w,
C-357 Burgundy/Gray/Cream Stair Tread,19-357,,"  8.25"" x 27"" Braided Stair Tread
2 Shapes Available
Sold Individually
100% Natural Jute
Extremely Durable
Stair Tread or Small Table Runner",,,,,,,1,$ 6.50,,,,,1,Cap 400,Cap 160, //www.earthrugs.com/cdn/shop/products/19-357_ab994b4b-4738-40a6-a88c-bb157d0fdd70_900x.jpg?v=1571272865 900w,19-357_ab994b4b-4738-40a6-a88c-bb157d0fdd70_900x.jpg?v=1571272865 900w,,,Cap 800,19-357_ab994b4b-4738-40a6-a88c-bb157d0fdd70_900x.jpg?v=1571272865 900w,
IC-357 Burgundy Star Coaster,31-IC357BS,,"Round Hand Stenciled Coaster with Burgundy Star Design 
100% Natural Jute
2 Sizes Available 
Extremely Durable
Burgundy, Gray and Cream  ",,,,,,,1,$ 1.35,,,,,1,Cap 400,Cap 160, //www.earthrugs.com/cdn/shop/files/EarthRugs_IC-357-BurgundyStar-OnWood_900x.webp?v=1744819290 900w,EarthRugs_IC-357-BurgundyStar-OnWood_900x.webp?v=1744819290 900w,,,Cap 800,EarthRugs_IC-357-BurgundyStar-OnWood_900x.webp?v=1744819290 900w,
LC-357 Burgundy/Gray/Cream Large Coaster,52-LC357,,"  7"" x 7"" Round Large Coaster
Sold Individually
100% Natural Jute
Extremely Durable",,,,,,,1,$ 2.60,,,,,1,Cap 400,Cap 160, //www.earthrugs.com/cdn/shop/files/52-LC3572024_900x.jpg?v=1710790275 900w,52-LC3572024_900x.jpg?v=1710790275 900w,,,Cap 800,52-LC3572024_900x.jpg?v=1710790275 900w,
CH-357 Burgundy Star Chair Pad,49-CH357BS,,"Hand Stenciled Jute Chair Pad With Burgundy Star Design
15.5"" Round
Sold Individually 
Color Matching Ties Attached 
Burgundy, Gray and Cream",,,,,,,1,$ 8.15,,,,,1,Cap 400,Cap 160, //www.earthrugs.com/cdn/shop/products/CH-357_Burgundy_Star_Chair_Pad_900x.jpg?v=1571272880 900w,CH-357_Burgundy_Star_Chair_Pad_900x.jpg?v=1571272880 900w,,,Cap 800,CH-357_Burgundy_Star_Chair_Pad_900x.jpg?v=1571272880 900w,
RP-313 Black Stars,66-313BS,,"27""x27"" Hand Stenciled Round Patch Rug",,,,,,,1,$ 23.25,,,,,1,Cap 400,Cap 160, //www.earthrugs.com/cdn/shop/files/66-313BS2024_900x.jpg?v=1710796665 900w,66-313BS2024_900x.jpg?v=1710796665 900w,,,Cap 800,66-313BS2024_900x.jpg?v=1710796665 900w,
OP-313 Bear Silhouette,65-313BE,,"20""x30"" Hand Stenciled Oval Patch Braided Rug
Artwork by Harry W. Smith",,,,,,,1,$ 20.50,,,,,1,Cap 400,Cap 160, //www.earthrugs.com/cdn/shop/products/65-313BE_900x.jpg?v=1571272959 900w,65-313BE_900x.jpg?v=1571272959 900w,,,Cap 800,65-313BE_900x.jpg?v=1571272959 900w,
OP-313 Fox,65-313F,,"20""x30"" Hand Stenciled Oval Patch Braided Rug
Artwork by Harry W. Smith

Gray skies accompanied the rumble of thunder; its time to move into the den. Buried deep inside enormous tree roots, this den has lasted over a decade, making his family feel safe. The hunt was a victory; there will be plenty of food, for his life mate and their kits. Daddy, we missed you, were happy youre home. Suddenly, a loud encroachment brings the chill of fear. With canines exposed standing ready to fight, he whispers, dont worry my babies, youll never decorate anyones neck! Just stay behind your Mom!",,,,,,,1,$ 20.50,,,,,1,Cap 400,Cap 160, //www.earthrugs.com/cdn/shop/products/65-313F_900x.jpg?v=1571272886 900w,65-313F_900x.jpg?v=1571272886 900w,,,Cap 800,65-313F_900x.jpg?v=1571272886 900w,
C-043 Burgundy/Blue/Gray Braided Rug,08-043,,"11 Sizes Available
3 Shapes Available
Sold Individually
100% Natural Jute
Extremely Durable",,,,,,,1,$ 18.66,,,,,1,Cap 400,Cap 160, //www.earthrugs.com/cdn/shop/products/22-043_900x.jpg?v=1571272878 900w,22-043_900x.jpg?v=1571272878 900w,,,Cap 800,22-043_900x.jpg?v=1571272878 900w,
043 Horse Silhouette Set,99-Special 043 Horse Silhouette Set,,"24 Units of IC-043 Horse Silhouette 5"" Round Coaster
12 Units of LC-043 Horse Silhouette 7"" Round Large Coaster
12 Units of MSPR-043 Horse Silhouette 10"" Round Trivet",,,,,,,1,$ 116.40,,,,,1,Cap 400,Cap 160, //www.earthrugs.com/cdn/shop/files/Shopify_ad05f129-fb7f-4458-9d1d-f8c80c4d6324_900x.png?v=1723214756 900w,Shopify_ad05f129-fb7f-4458-9d1d-f8c80c4d6324_900x.png?v=1723214756 900w,,,Cap 800,Shopify_ad05f129-fb7f-4458-9d1d-f8c80c4d6324_900x.png?v=1723214756 900w,
OP-222 Joyful Harvest,65-222JH,,"20""x30"" Hand Stenciled Oval Patch Braided Rug
Artwork by Sandy Clough",,,,,,,1,$ 20.50,,,,,1,Cap 400,Cap 160, //www.earthrugs.com/cdn/shop/products/65-222JH_900x.jpg?v=1571272958 900w,65-222JH_900x.jpg?v=1571272958 900w,,,Cap 800,65-222JH_900x.jpg?v=1571272958 900w,
OP-222 Pumpkin Celebration,65-222PC,,"20""x30"" Hand Stenciled Oval Patch Braided Rug
Artwork by Sandy Clough",,,,,,,1,$ 20.50,,,,,1,Cap 400,Cap 160, //www.earthrugs.com/cdn/shop/products/65-222PC_900x.jpg?v=1571272899 900w,65-222PC_900x.jpg?v=1571272899 900w,,,Cap 800,65-222PC_900x.jpg?v=1571272899 900w,
OP-222 Witch Hat,65-222WH,,"20""x30"" Hand Stenciled Oval Patch Braided Rug
Artwork by Susan Burd",,,,,,,1,$ 20.50,,,,,1,Cap 400,Cap 160, //www.earthrugs.com/cdn/shop/files/65-222WH2024_900x.jpg?v=1710796273 900w,65-222WH2024_900x.jpg?v=1710796273 900w,,,Cap 800,65-222WH2024_900x.jpg?v=1710796273 900w,
OP-443 Blue Boat,65-443BB,,"20""x30"" Hand Stenciled Oval Patch Braided Rug
Artwork by Harry W. Smith",,,,,,,1,$ 20.50,,,,,1,Cap 400,Cap 160, //www.earthrugs.com/cdn/shop/products/65-443BB_900x.jpg?v=1672338644 900w,65-443BB_900x.jpg?v=1672338644 900w,,,Cap 800,65-443BB_900x.jpg?v=1672338644 900w,
OP-443 Navy Anchor,65-443NA,,"20""x30"" Hand Stenciled Oval Patch Braided Rug
Artwork by Harry W. Smith",,,,,,,1,$ 20.50,,,,,1,Cap 400,Cap 160, //www.earthrugs.com/cdn/shop/files/65-443NA2024_900x.jpg?v=1710796480 900w,65-443NA2024_900x.jpg?v=1710796480 900w,,,Cap 800,65-443NA2024_900x.jpg?v=1710796480 900w,
IC-443 Nautical White Anchor Coaster,31-IC443NWA,,"5"" Round Hand Stenciled Coaster with Nautical White Anchor Design 
100% Natural Jute
Sold Individually 
Extremely Durable
Blue and Natural
Art by Phyllis Stevens",,,,,,,1,$ 1.35,,,,,1,Cap 400,Cap 160, //www.earthrugs.com/cdn/shop/files/31-IC443NWA_900x.jpg?v=1734802516 900w,31-IC443NWA_900x.jpg?v=1734802516 900w,,,Cap 800,31-IC443NWA_900x.jpg?v=1734802516 900w,
443 Whale Set,99-Speical 443 Whale Set,,"10 Units of IC-443 Whale 5"" Round Coaster
6 Units of LC-443 Whale 7"" Round Large Coaster
6 Units of MSPR-443 Whale 10"" Round Trivet
4 Units of MSP-443 Whale 10""x15"" Oval Swatch
4 Units of ST-OP-443 Whale 8.25""x27"" Oval Stair Tread",,,,,,,1,$ 107.20,,,,,1,Cap 400,Cap 160, //www.earthrugs.com/cdn/shop/files/Item_2ed9f594-a2cf-4075-afe1-3aeaace532bd_900x.png?v=1717431175 900w,Item_2ed9f594-a2cf-4075-afe1-3aeaace532bd_900x.png?v=1717431175 900w,,,Cap 800,Item_2ed9f594-a2cf-4075-afe1-3aeaace532bd_900x.png?v=1717431175 900w,
OP-395 Let It Snow,65-395LS,,"20""x30"" Hand Stenciled Oval Patch Braided Rug
Artwork by Ashlee Nobel",,,,,,,1,$ 20.50,,,,,1,Cap 400,Cap 160, //www.earthrugs.com/cdn/shop/files/65-395LS2024_900x.jpg?v=1710796413 900w,65-395LS2024_900x.jpg?v=1710796413 900w,,,Cap 800,65-395LS2024_900x.jpg?v=1710796413 900w,
,31-IC222T,,,,,,,,,1,,,,,,1,Cap 400,Cap 160, //www.earthrugs.com/cdn/shop/products/31-IC222T_900x.jpg?v=1612218525 900w,31-IC222T_900x.jpg?v=1612218525 900w,,,Cap 800,31-IC222T_900x.jpg?v=1612218525 900w,
,67-319BMB,,,,,,,,,1,,,,,,1,Cap 400,Cap 160, //www.earthrugs.com/cdn/shop/files/PP-319-Burgundy-MamaBearBabyBear-20_x30_Rect-OnWood_900x.jpg?v=1703862595 900w,PP-319-Burgundy-MamaBearBabyBear-20_x30_Rect-OnWood_900x.jpg?v=1703862595 900w,,,Cap 800,PP-319-Burgundy-MamaBearBabyBear-20_x30_Rect-OnWood_900x.jpg?v=1703862595 900w,
,65-319BMB,,,,,,,,,1,,,,,,1,Cap 400,Cap 160, //www.earthrugs.com/cdn/shop/files/OP-319-MamaBearBabyBear-20_x30_Oval-OnWood_900x.jpg?v=1703862360 900w,OP-319-MamaBearBabyBear-20_x30_Oval-OnWood_900x.jpg?v=1703862360 900w,,,Cap 800,OP-319-MamaBearBabyBear-20_x30_Oval-OnWood_900x.jpg?v=1703862360 900w,
,22-V300,,,,,,,,,1,,,,,,1,Cap 400,Cap 160, //www.earthrugs.com/cdn/shop/products/22-V300_900x.jpg?v=1577824957 900w,22-V300_900x.jpg?v=1577824957 900w,,,Cap 800,22-V300_900x.jpg?v=1577824957 900w,
,22-V371,,,,,,,,,1,,,,,,1,Cap 400,Cap 160, //www.earthrugs.com/cdn/shop/products/22-V371_900x.jpg?v=1577825065 900w,22-V371_900x.jpg?v=1577825065 900w,,,Cap 800,22-V371_900x.jpg?v=1577825065 900w,
,22-V620,,,,,,,,,1,,,,,,1,Cap 400,Cap 160, //www.earthrugs.com/cdn/shop/products/22-V620_900x.jpg?v=1639512290 900w,22-V620_900x.jpg?v=1639512290 900w,,,Cap 800,22-V620_900x.jpg?v=1639512290 900w,
OP-244 Trout,65-244T,,"20""x30"" Hand Stenciled Oval Patch Braided Rug
Artwork by Harry W. Smith",,,,,,,1,$ 20.50,,,,,1,Cap 400,Cap 160, //www.earthrugs.com/cdn/shop/products/65-244T_900x.jpg?v=1578155135 900w,65-244T_900x.jpg?v=1578155135 900w,,,Cap 800,65-244T_900x.jpg?v=1578155135 900w,
SCP-419 Holiday Village Trees Slice,32-419HVT,,"18""x29"" Hand Printed Slice Rug",,,,,,,1,$ 18.15,,,,,1,Cap 400,Cap 160, //www.earthrugs.com/cdn/shop/files/SCP-419-HolidayVillageTrees-18x29Slice-OnWood_900x.jpg?v=1703862708 900w,SCP-419-HolidayVillageTrees-18x29Slice-OnWood_900x.jpg?v=1703862708 900w,,,Cap 800,SCP-419-HolidayVillageTrees-18x29Slice-OnWood_900x.jpg?v=1703862708 900w,
C-319 Burgundy/Mustard/Ivory Braided Rug,02-319,,"2 Sizes Available
Sold Individually
100% Natural Jute
Extremely Durable",,,,,,,1,$ 13.65,,,,,1,Cap 400,Cap 160, //www.earthrugs.com/cdn/shop/products/02-319_859629a9-fd2a-428e-9c30-cc883c463784_900x.jpg?v=1571272864 900w,02-319_859629a9-fd2a-428e-9c30-cc883c463784_900x.jpg?v=1571272864 900w,,,Cap 800,02-319_859629a9-fd2a-428e-9c30-cc883c463784_900x.jpg?v=1571272864 900w,
RP-593 Good Sunflower,66-593GS,,"27""x27"" Hand Stenciled Round Patch Rug
Artwork by Suzanne Pienta",,,,,,,1,$ 23.25,,,,,1,Cap 400,Cap 160, //www.earthrugs.com/cdn/shop/products/66-593GS_2019_900x.jpg?v=1571272975 900w,66-593GS_2019_900x.jpg?v=1571272975 900w,,,Cap 800,66-593GS_2019_900x.jpg?v=1571272975 900w,
TNB-043 Wildlife Trivet/Basket,56-043W,,"Trivets In A Basket With Wildlife Design
100% Natural Jute 
Six 10"" Round Trivets With Matching Basket 
Burgundy, Blue and Gray",,,,,,,1,$ 32.20,,,,,1,Cap 400,Cap 160, //www.earthrugs.com/cdn/shop/products/56-043W_900x.jpg?v=1571272943 900w,56-043W_900x.jpg?v=1571272943 900w,,,Cap 800,56-043W_900x.jpg?v=1571272943 900w,
"OP-251 Three Lighthouses 13""x36""",68-251TLH,,"Hand Stenciled Oval Table Runner with Three Lighthouses Design 
13""x36"" Oval 
Sold Individually 
100% Natural Jute
Blue & Natural 
Art by Harry W. Smith ",,,,,,,1,$ 15.00,,,,,1,Cap 400,Cap 160, //www.earthrugs.com/cdn/shop/files/68-251TLH2024_900x.jpg?v=1710797084 900w,68-251TLH2024_900x.jpg?v=1710797084 900w,,,Cap 800,68-251TLH2024_900x.jpg?v=1710797084 900w,
TNB-319 Wilderness Trivet/Basket,56-319W,,"Trivets In A Basket With Wilderness Design
100% Natural Jute 
Six 10"" Round Trivets With Matching Basket 
Burgundy, Mustard and Ivory",,,,,,,1,$ 32.20,,,,,1,Cap 400,Cap 160, //www.earthrugs.com/cdn/shop/products/TNB-319_Wilderness_900x.jpg?v=1571272890 900w,TNB-319_Wilderness_900x.jpg?v=1571272890 900w,,,Cap 800,TNB-319_Wilderness_900x.jpg?v=1571272890 900w,
C-371 Black Cherry/Cream Stair Tread,19-371,,"  8.25"" x 27"" Braided Stair Tread
1 Shapes Available
Sold Individually
100% Natural Jute
Extremely Durable
Stair Tread or Small Table Runner",,,,,,,1,$ 6.01,,,,,1,Cap 400,Cap 160, //www.earthrugs.com/cdn/shop/products/19-371_0f089d61-fc73-4250-8254-d61273847425_900x.jpg?v=1571272900 900w,19-371_0f089d61-fc73-4250-8254-d61273847425_900x.jpg?v=1571272900 900w,,,Cap 800,19-371_0f089d61-fc73-4250-8254-d61273847425_900x.jpg?v=1571272900 900w,
RP-413 Vintage Rabbit,66-413VR,,"27""x27"" Hand Stenciled Round Patch Rug
Artwork by Susan Burd",,,,,,,1,$ 23.25,,,,,1,Cap 400,Cap 160, //www.earthrugs.com/cdn/shop/products/66-413VR_900x.jpg?v=1571272957 900w,66-413VR_900x.jpg?v=1571272957 900w,,,Cap 800,66-413VR_900x.jpg?v=1571272957 900w,
RP-338 Winter Village,66-338WV,,"27""x27"" Hand Stenciled Round Patch Rug
Artwork by Susan Burd",,,,,,,1,$ 23.25,,,,,1,Cap 400,Cap 160, //www.earthrugs.com/cdn/shop/products/66-338WV_900x.jpg?v=1571272896 900w,66-338WV_900x.jpg?v=1571272896 900w,,,Cap 800,66-338WV_900x.jpg?v=1571272896 900w,
OP-313 Welcome Dog,65-313WD,,"20""x30"" Hand Stenciled Oval Patch Braided Rug",,,,,,,1,$ 20.50,,,,,1,Cap 400,Cap 160, //www.earthrugs.com/cdn/shop/products/65-313WD_900x.jpg?v=1571272945 900w,65-313WD_900x.jpg?v=1571272945 900w,,,Cap 800,65-313WD_900x.jpg?v=1571272945 900w,
RP-880 Welcome Home,66-880WH,,"27""x27"" Hand Stenciled Round Patch Rug
Artwork by Suzanne Pienta",,,,,,,1,$ 23.25,,,,,1,Cap 400,Cap 160, //www.earthrugs.com/cdn/shop/files/RP-880-WelcomeHome-27-Round-OnWood_1_900x.jpg?v=1703862661 900w,RP-880-WelcomeHome-27-Round-OnWood_1_900x.jpg?v=1703862661 900w,,,Cap 800,RP-880-WelcomeHome-27-Round-OnWood_1_900x.jpg?v=1703862661 900w,
RP-430 Rooster,66-430R,,"27""x27"" Hand Stenciled Round Patch Rug
Artwork by Sandy Clough",,,,,,,1,$ 23.25,,,,,1,Cap 400,Cap 160, //www.earthrugs.com/cdn/shop/products/66-430R_900x.jpg?v=1578155313 900w,66-430R_900x.jpg?v=1578155313 900w,,,Cap 800,66-430R_900x.jpg?v=1578155313 900w,
RP-116 Irish Knot,66-116IK,,"27""x27"" Hand Stenciled Round Patch Rug
Artwork by Susan Burd",,,,,,,1,$ 23.25,,,,,1,Cap 400,Cap 160, //www.earthrugs.com/cdn/shop/products/66-116IK_900x.jpg?v=1571272888 900w,66-116IK_900x.jpg?v=1571272888 900w,,,Cap 800,66-116IK_900x.jpg?v=1571272888 900w,
RP-220 Owl,66-220O,,"27""x27"" Hand Stenciled Round Patch Rug",,,,,,,1,$ 23.25,,,,,1,Cap 400,Cap 160, //www.earthrugs.com/cdn/shop/files/66-220O2024_900x.jpg?v=1710796663 900w,66-220O2024_900x.jpg?v=1710796663 900w,,,Cap 800,66-220O2024_900x.jpg?v=1710796663 900w,
RP-121 Robins Nest,66-121RN,,"27""x27"" Hand Stenciled Round Patch Rug
Artwork by Diane Kwasnik",,,,,,,1,$ 23.25,,,,,1,Cap 400,Cap 160, //www.earthrugs.com/cdn/shop/products/66-121RN_900x.jpg?v=1571272888 900w,66-121RN_900x.jpg?v=1571272888 900w,,,Cap 800,66-121RN_900x.jpg?v=1571272888 900w,
RP-222 Pumpkin Crow,66-222PC,,"27""x27"" Hand Stenciled Round Patch Rug
Artwork by Suzanne Pienta",,,,,,,1,$ 23.25,,,,,1,Cap 400,Cap 160, //www.earthrugs.com/cdn/shop/products/66-222PC_900x.jpg?v=1571272957 900w,66-222PC_900x.jpg?v=1571272957 900w,,,Cap 800,66-222PC_900x.jpg?v=1571272957 900w,
RP-606 Autumn Sunflowers,66-606AS,,"27""x27"" Hand Stenciled Round Patch Rug
Artwork by Suzanne Pienta",,,,,,,1,$ 21.45,,,,,1,Cap 400,Cap 160, //www.earthrugs.com/cdn/shop/products/66-606AS_900x.jpg?v=1578077154 900w,66-606AS_900x.jpg?v=1578077154 900w,,,Cap 800,66-606AS_900x.jpg?v=1578077154 900w,
RP-508 Holly,66-508H,,"27""x27"" Hand Stenciled Round Patch Rug
Artwork by Sandy Clough",,,,,,,1,$ 21.45,,,,,1,Cap 400,Cap 160, //www.earthrugs.com/cdn/shop/products/66-508H_900x.jpg?v=1571272957 900w,66-508H_900x.jpg?v=1571272957 900w,,,Cap 800,66-508H_900x.jpg?v=1571272957 900w,
RP-611 Lavender,66-611L,,"27""x27"" Hand Stenciled Round Patch Rug
Artwork by Susan Burd",,,,,,,1,$ 21.45,,,,,1,Cap 400,Cap 160, //www.earthrugs.com/cdn/shop/products/66-611L_900x.jpg?v=1612298815 900w,66-611L_900x.jpg?v=1612298815 900w,,,Cap 800,66-611L_900x.jpg?v=1612298815 900w,
OP-043 Black Bears Oval Patch Runner,64-043BB,,"Hand Stenciled Oval Table Runner with Black Bears Design 
1 Sizes Available 
Sold Individually 
100% Natural Jute
Burgundy, Blue & Gray ",,,,,,,1,$ 18.03,,,,,1,Cap 400,Cap 160, //www.earthrugs.com/cdn/shop/products/64-043BB_900x.jpg?v=1571272873 900w,64-043BB_900x.jpg?v=1571272873 900w,,,Cap 800,64-043BB_900x.jpg?v=1571272873 900w,
LCP-395 Cabin Bear with Pinecone Log Carrier,62-395CBP,,"15""x35"" Braided Printed Log Carrier with Straps
Artwork by Sandy Clough",,,,,,,1,$ 22.71,,,,,1,Cap 400,Cap 160, //www.earthrugs.com/cdn/shop/products/62-395CBP_900x.jpg?v=1578151034 900w,62-395CBP_900x.jpg?v=1578151034 900w,,,Cap 800,62-395CBP_900x.jpg?v=1578151034 900w,
LCP-430 Graphic Moose Log Carrier,62-430GM,,"15""x35"" Braided Printed Log Carrier with Straps",,,,,,,1,$ 22.71,,,,,1,Cap 400,Cap 160, //www.earthrugs.com/cdn/shop/products/62-430GM_900x.jpg?v=1672336806 900w,62-430GM_900x.jpg?v=1672336806 900w,,,Cap 800,62-430GM_900x.jpg?v=1672336806 900w,
LCP-116 Life is Better Log Carrier,62-116LB,,"15""x35"" Braided Printed Log Carrier with Straps",,,,,,,1,$ 22.71,,,,,1,Cap 400,Cap 160, //www.earthrugs.com/cdn/shop/products/62-116LB_900x.jpg?v=1672336611 900w,62-116LB_900x.jpg?v=1672336611 900w,,,Cap 800,62-116LB_900x.jpg?v=1672336611 900w,
PP-313 Primitive Stars Black,67-313PSB,," 20""x30"" Hand Stenciled Oblong Print Patch Rug
Artwork by Susan Burd",,,,,,,1,$ 23.25,,,,,1,Cap 400,Cap 160, //www.earthrugs.com/cdn/shop/products/67-313PSB_900x.jpg?v=1578078072 900w,67-313PSB_900x.jpg?v=1578078072 900w,,,Cap 800,67-313PSB_900x.jpg?v=1578078072 900w,
,62-081P,,,,,,,,,1,,,,,,1,Cap 400,Cap 160, //www.earthrugs.com/cdn/shop/products/62-081P_900x.jpg?v=1578150882 900w,62-081P_900x.jpg?v=1578150882 900w,,,Cap 800,62-081P_900x.jpg?v=1578150882 900w,
,32-313PSB,,,,,,,,,1,,,,,,1,Cap 400,Cap 160, //www.earthrugs.com/cdn/shop/products/32-313PSB_900x.jpg?v=1577998471 900w,32-313PSB_900x.jpg?v=1577998471 900w,,,Cap 800,32-313PSB_900x.jpg?v=1577998471 900w,
,62-430R66,,,,,,,,,1,,,,,,1,Cap 400,Cap 160, //www.earthrugs.com/cdn/shop/products/62-430R66_900x.jpg?v=1672336836 900w,62-430R66_900x.jpg?v=1672336836 900w,,,Cap 800,62-430R66_900x.jpg?v=1672336836 900w,
,62-430GB,,,,,,,,,1,,,,,,1,Cap 400,Cap 160, //www.earthrugs.com/cdn/shop/products/62-430GB_900x.jpg?v=1672336774 900w,62-430GB_900x.jpg?v=1672336774 900w,,,Cap 800,62-430GB_900x.jpg?v=1672336774 900w,
,95-313BS,,,,,,,,,1,,,,,,1,Cap 400,Cap 160, //www.earthrugs.com/cdn/shop/files/95-313BS2024_900x.jpg?v=1710797954 900w,95-313BS2024_900x.jpg?v=1710797954 900w,,,Cap 800,95-313BS2024_900x.jpg?v=1710797954 900w,
,67-019PSB,,,,,,,,,1,,,,,,1,Cap 400,Cap 160, //www.earthrugs.com/cdn/shop/files/67-019PSB2024_900x.jpg?v=1710796720 900w,67-019PSB2024_900x.jpg?v=1710796720 900w,,,Cap 800,67-019PSB2024_900x.jpg?v=1710796720 900w,
,67-019MP,,,,,,,,,1,,,,,,1,Cap 400,Cap 160, //www.earthrugs.com/cdn/shop/files/67-019MP2024_900x.jpg?v=1710796715 900w,67-019MP2024_900x.jpg?v=1710796715 900w,,,Cap 800,67-019MP2024_900x.jpg?v=1710796715 900w,
,32-019MP,,,,,,,,,1,,,,,,1,Cap 400,Cap 160, //www.earthrugs.com/cdn/shop/products/32-019MP_900x.jpg?v=1571272903 900w,32-019MP_900x.jpg?v=1571272903 900w,,,Cap 800,32-019MP_900x.jpg?v=1571272903 900w,
,67-319MT,,,,,,,,,1,,,,,,1,Cap 400,Cap 160, //www.earthrugs.com/cdn/shop/files/PP-319-MooseandTree-20_x30_Rect_GreenPlaidMoose_-OnWood_900x.jpg?v=1703862601 900w,PP-319-MooseandTree-20_x30_Rect_GreenPlaidMoose_-OnWood_900x.jpg?v=1703862601 900w,,,Cap 800,PP-319-MooseandTree-20_x30_Rect_GreenPlaidMoose_-OnWood_900x.jpg?v=1703862601 900w,
,82-019MP,,,,,,,,,1,,,,,,1,Cap 400,Cap 160, //www.earthrugs.com/cdn/shop/products/82-019MP_900x.jpg?v=1578157265 900w,82-019MP_900x.jpg?v=1578157265 900w,,,Cap 800,82-019MP_900x.jpg?v=1578157265 900w,
,65-319MT,,,,,,,,,1,,,,,,1,Cap 400,Cap 160, //www.earthrugs.com/cdn/shop/files/OP-319-MooseandTree-20_x30_Oval_GreenPlaidMoose_-OnWood_900x.jpg?v=1703862369 900w,OP-319-MooseandTree-20_x30_Oval_GreenPlaidMoose_-OnWood_900x.jpg?v=1703862369 900w,,,Cap 800,OP-319-MooseandTree-20_x30_Oval_GreenPlaidMoose_-OnWood_900x.jpg?v=1703862369 900w,
,52-TR313,,,,,,,,,1,,,,,,1,Cap 400,Cap 160, //www.earthrugs.com/cdn/shop/files/52-TR3132024_900x.jpg?v=1710790380 900w,52-TR3132024_900x.jpg?v=1710790380 900w,,,Cap 800,52-TR3132024_900x.jpg?v=1710790380 900w,
,81-313PSB,,,,,,,,,1,,,,,,1,Cap 400,Cap 160, //www.earthrugs.com/cdn/shop/products/81-313PSB_2019_900x.jpg?v=1571272980 900w,81-313PSB_2019_900x.jpg?v=1571272980 900w,,,Cap 800,81-313PSB_2019_900x.jpg?v=1571272980 900w,
,80-313PSB,,,,,,,,,1,,,,,,1,Cap 400,Cap 160, //www.earthrugs.com/cdn/shop/products/80-313PSB_2019_900x.jpg?v=1571272983 900w,80-313PSB_2019_900x.jpg?v=1571272983 900w,,,Cap 800,80-313PSB_2019_900x.jpg?v=1571272983 900w,
,80-313W,,,,,,,,,1,,,,,,1,Cap 400,Cap 160, //www.earthrugs.com/cdn/shop/products/80-313W_2019_900x.jpg?v=1571272982 900w,80-313W_2019_900x.jpg?v=1571272982 900w,,,Cap 800,80-313W_2019_900x.jpg?v=1571272982 900w,
,49-CH313PSB,,,,,,,,,1,,,,,,1,Cap 400,Cap 160, //www.earthrugs.com/cdn/shop/products/49-CH313PSB_900x.jpg?v=1578003694 900w,49-CH313PSB_900x.jpg?v=1578003694 900w,,,Cap 800,49-CH313PSB_900x.jpg?v=1578003694 900w,
,68-313PSB,,,,,,,,,1,,,,,,1,Cap 400,Cap 160, //www.earthrugs.com/cdn/shop/products/68-313PSB_2019_900x.jpg?v=1571272987 900w,68-313PSB_2019_900x.jpg?v=1571272987 900w,,,Cap 800,68-313PSB_2019_900x.jpg?v=1571272987 900w,
MSP-313 Windmill Swatch,81-313W,,"Hand Stenciled Oval Swatch with Windmill Design 
2 Sizes Available
Sold Individually
100% Natural Jute
Extremely Durable
Used as Small Placemat
Mocha/Frappuccino",,,,,,,1,$ 6.15,,,,,1,Cap 400,Cap 160, //www.earthrugs.com/cdn/shop/products/81-313W_2019_900x.jpg?v=1571272980 900w,81-313W_2019_900x.jpg?v=1571272980 900w,,,Cap 800,81-313W_2019_900x.jpg?v=1571272980 900w,
MSPR-019 Primitive Star Burg Trivet,80-019PSB,,"10"" Round Printed Trivet with Primitive Star Burgundy Design 
100% Natural Jute
Sold Individually 
Burgundy and Ivory 
Art by Susan Burd",,,,,,,1,$ 4.35,,,,,1,Cap 400,Cap 160, //www.earthrugs.com/cdn/shop/products/80-019PSB_2019_900x.jpg?v=1571272983 900w,80-019PSB_2019_900x.jpg?v=1571272983 900w,,,Cap 800,80-019PSB_2019_900x.jpg?v=1571272983 900w,
MSPR-396 Bar Harbor Trivet,80-396BH,,"10"" Round Printed Trivet with Bar Harbor Design 
100% Natural Jute
Sold Individually 
Red and Black
Art by Harry W. Smith",,,,,,,1,$ 4.35,,,,,1,Cap 400,Cap 160, //www.earthrugs.com/cdn/shop/products/80-396BH_900x.jpg?v=1612304108 900w,80-396BH_900x.jpg?v=1612304108 900w,,,Cap 800,80-396BH_900x.jpg?v=1612304108 900w,
MSP-019 Primitive Stars Burgundy Swatch,81-019PSB,,"Hand Stenciled Oval Swatch with Primitive Star Burgundy Design
2 Sizes Available
Sold Individually
100% Natural Jute
Extremely Durable
Used as Small Placemat
Burgundy/Mustard
Art by Susan Burd",,,,,,,1,$ 6.15,,,,,1,Cap 400,Cap 160, //www.earthrugs.com/cdn/shop/products/81-019PSB_2019_900x.jpg?v=1571272980 900w,81-019PSB_2019_900x.jpg?v=1571272980 900w,,,Cap 800,81-019PSB_2019_900x.jpg?v=1571272980 900w,
"MSPR-396 Moose Rowing 10"" Trivet",80-396MR,,"10"" Round Printed Trivet with Moose Rowing Design 
100% Natural Jute
Sold Individually 
Red and Black
Art by Harry W. Smith",,,,,,,1,$ 3.99,,,,,1,Cap 400,Cap 160, //www.earthrugs.com/cdn/shop/products/80-396MR_900x.jpg?v=1612304194 900w,80-396MR_900x.jpg?v=1612304194 900w,,,Cap 800,80-396MR_900x.jpg?v=1612304194 900w,
MS-319 Burgundy/Mustard/Ivory Swatch,00-319,,"2 Shape/Size Available
Sold Individually
100% Natural Jute
Extremely Durable
Used as Small Placemat or Trivet",,,,,,,1,$ 5.40,,,,,1,Cap 400,Cap 160, //www.earthrugs.com/cdn/shop/products/00-319_900x.jpg?v=1571272871 900w,00-319_900x.jpg?v=1571272871 900w,,,Cap 800,00-319_900x.jpg?v=1571272871 900w,
PM-OP-313 Primitive Stars Black,48-313PSB,,"Hand Stenciled Oval Placemat with Primitive Stars Black Design 
13""x19"" Oval
Sold Individually 
100% Natural Jute
Mocha Frappuccino 
Art by Susan Burd ",,,,,,,1,$ 8.55,,,,,1,Cap 400,Cap 160, //www.earthrugs.com/cdn/shop/products/48-313PSB_2019_900x.jpg?v=1571272986 900w,48-313PSB_2019_900x.jpg?v=1571272986 900w,,,Cap 800,48-313PSB_2019_900x.jpg?v=1571272986 900w,
"OP-043 Loon Patch 13""x36""",68-043LP,,"Hand Stenciled Oval Table Runner with Loon Patch Design 
13""x36"" Oval
Sold Individually
100% Natural Jute
Black and Gold
Art by Harry W. Smith",,,,,,,1,$ 15.00,,,,,1,Cap 400,Cap 160, //www.earthrugs.com/cdn/shop/files/68-043L_900x.jpg?v=1735834364 900w,68-043L_900x.jpg?v=1735834364 900w,,,Cap 800,68-043L_900x.jpg?v=1735834364 900w,
"OP-300 Bee Happy 13""x36""",68-300BH,,"Hand Stenciled Oval Table Runner with Bee Happy Design 
13""x36"" Oval
Sold Individually
100% Natural Jute
Honey/Vanilla/Ginger
Art by Harry W. Smith",,,,,,,1,$ 15.00,,,,,1,Cap 400,Cap 160, //www.earthrugs.com/cdn/shop/files/68-300BH_900x.jpg?v=1735834539 900w,68-300BH_900x.jpg?v=1735834539 900w,,,Cap 800,68-300BH_900x.jpg?v=1735834539 900w,
SGB-01 Natural Sedge Grass Basket,37-SGBMN001,,"Sedge Grass Round Baskets. Great for creating table centerpieces or organizing items on shelves to create a clean look.
Five Sizes Available
Sold Individually 
Natural Sedge Grass Tan Color",,,,,,,1,$ 4.43,,,,,1,Cap 400,Cap 160, //www.earthrugs.com/cdn/shop/products/37-SGBMN01_2019_900x.jpg?v=1571272989 900w,37-SGBMN01_2019_900x.jpg?v=1571272989 900w,,,Cap 800,37-SGBMN01_2019_900x.jpg?v=1571272989 900w,
"OP-577 Graphic Pinecone 13""x36""",68-577GP,,"Hand Stenciled Oval Table Runner with Graphic Pinecone Design 
13""x36"" Oval 
Sold Individually 
100% Natural Jute
Cream & Natural",,,,,,,1,$ 15.00,,,,,1,Cap 400,Cap 160, //www.earthrugs.com/cdn/shop/products/68-577GP_900x.jpg?v=1672346724 900w,68-577GP_900x.jpg?v=1672346724 900w,,,Cap 800,68-577GP_900x.jpg?v=1672346724 900w,
"OP-116 Saguaro 13""x36""",68-116SA,,"Hand Stenciled Oval Table Runner with Saguaro Design 
13""x36"" Oval
Sold Individually
100% Natural Jute
Black and Charcoal ",,,,,,,1,$ 15.00,,,,,1,Cap 400,Cap 160, //www.earthrugs.com/cdn/shop/files/68-116SA_900x.jpg?v=1735834383 900w,68-116SA_900x.jpg?v=1735834383 900w,,,Cap 800,68-116SA_900x.jpg?v=1735834383 900w,
MSP-577 Graphic Pinecone Swatch,81-577GP,,"Hand Stenciled Oval Swatch with Graphic Pinecone Design 
10""x15"" Oval 
100% Natural Jute
Sage and Natural",,,,,,,1,$ 6.15,,,,,1,Cap 400,Cap 160, //www.earthrugs.com/cdn/shop/products/81-577GP_900x.jpg?v=1672351445 900w,81-577GP_900x.jpg?v=1672351445 900w,,,Cap 800,81-577GP_900x.jpg?v=1672351445 900w,
MSP-375 Pineapple Swatch,81-375P,,"Hand Stenciled Oval Swatch with Pineapple Design 
10""x15"" Oval 
Sold Individually 
100% Natural Jute
Sage, White and Natural
Art by Susan Burd ",,,,,,,1,$ 6.15,,,,,1,Cap 400,Cap 160, //www.earthrugs.com/cdn/shop/files/MSP-375-Pineapple-10_x15_-Oval-OnWood_900x.jpg?v=1703861200 900w,MSP-375-Pineapple-10_x15_-Oval-OnWood_900x.jpg?v=1703861200 900w,,,Cap 800,MSP-375-Pineapple-10_x15_-Oval-OnWood_900x.jpg?v=1703861200 900w,
SGB-02 Honeycomb Sedge Grass Basket,37-SGBMN002,,"Sedge Grass Round Baskets. Great for creating table centerpieces or organizing items on shelves to create a clean look.
Five Sizes Available
Sold Individually 
Natural Sedge Grass Tan Color with red, white and blue threading.",,,,,,,1,$ 4.43,,,,,1,Cap 400,Cap 160, //www.earthrugs.com/cdn/shop/products/37-SGBMN02_2019_900x.jpg?v=1571272989 900w,37-SGBMN02_2019_900x.jpg?v=1571272989 900w,,,Cap 800,37-SGBMN02_2019_900x.jpg?v=1571272989 900w,
IC-116 GSM Bear Coaster,31-IC116GSM,,"Round Hand Stenciled Coaster with GSM Bear Design 
100% Natural Jute
2 Sizes Available 
Extremely Durable
Black and Natural 
Art by Harry W. Smith ",,,,,,,1,$ 1.35,,,,,1,Cap 400,Cap 160, //www.earthrugs.com/cdn/shop/files/31-IC116GSM_900x.jpg?v=1734801787 900w,31-IC116GSM_900x.jpg?v=1734801787 900w,,,Cap 800,31-IC116GSM_900x.jpg?v=1734801787 900w,
MSP-377 Acadia Bridge Swatch,81-377AB,,"Hand Stenciled Oval Swatch with Acadia Bridge Design 
10""x15"" Oval
Sold Individually
100% Natural Jute
Green and Brown 
Art by Harry W. Smith",,,,,,,1,$ 6.15,,,,,1,Cap 400,Cap 160, //www.earthrugs.com/cdn/shop/products/81-377AB_900x.jpg?v=1612305122 900w,81-377AB_900x.jpg?v=1612305122 900w,,,Cap 800,81-377AB_900x.jpg?v=1612305122 900w,
OMSP-338 Vintage Green Truck Swatch,01-338VGT,,"Hand Stenciled Oval Swatch with Vintage Green Truck Design
7.5"" x 11"" Oval
Sold Individually
100% Natural Jute
Extremely Durable
Used as Small Placemat
Olive/Cream
Art by Harry W. Smith",,,,,,,1,$ 4.35,,,,,1,Cap 400,Cap 160, //www.earthrugs.com/cdn/shop/products/01-338VGT_900x.jpg?v=1577826896 900w,01-338VGT_900x.jpg?v=1577826896 900w,,,Cap 800,01-338VGT_900x.jpg?v=1577826896 900w,
MSP-701 Winter Gnome Swatch,81-701WG,,"Hand Stenciled Oval Swatch with Winter Gnome Design 
10""x15"" Oval 
Sold Individually 
100% Natural Jute
Black & Light Blue 
Art by Harry W. Smith ",,,,,,,1,$ 6.15,,,,,1,Cap 400,Cap 160, //www.earthrugs.com/cdn/shop/files/MSP-701-WinterGnome-10_x15_-Oval-OnWood_900x.jpg?v=1703861232 900w,MSP-701-WinterGnome-10_x15_-Oval-OnWood_900x.jpg?v=1703861232 900w,,,Cap 800,MSP-701-WinterGnome-10_x15_-Oval-OnWood_900x.jpg?v=1703861232 900w,
OMSP-359 Spring Swatch,01-359S,,"Hand Stenciled Oval Swatch with Spring Design
7.5"" x 11"" Oval
Sold Individually
100% Natural Jute
Extremely Durable
Used as Small Placemat
Blue/Green/Aqua",,,,,,,1,$ 4.35,,,,,1,Cap 400,Cap 160, //www.earthrugs.com/cdn/shop/products/01-359S_900x.jpg?v=1672241414 900w,01-359S_900x.jpg?v=1672241414 900w,,,Cap 800,01-359S_900x.jpg?v=1672241414 900w,
PM-OP-238 Black Stars,48-238S,,"Hand Stenciled Oval Placemat with Black Stars Design 
13""x19"" Oval
Sold Individually 
100% Natural Jute
Burgundy, Olive & Charcoal",,,,,,,1,$ 7.91,,,,,1,Cap 400,Cap 160, //www.earthrugs.com/cdn/shop/files/48-238S2024_900x.jpg?v=1710788800 900w,48-238S2024_900x.jpg?v=1710788800 900w,,,Cap 800,48-238S2024_900x.jpg?v=1710788800 900w,
PP-362 Blue Truck Table Accents,59-PM362BT,,"Table Accents with Blue Truck Design
2 Sizes Available 
Natural Jute
Blue, Cream & Natural ",,,,,,,1,$ 6.01,,,,,1,Cap 400,Cap 160, //www.earthrugs.com/cdn/shop/products/59-PM362BT_900x.jpg?v=1578064335 900w,59-PM362BT_900x.jpg?v=1578064335 900w,,,Cap 800,59-PM362BT_900x.jpg?v=1578064335 900w,
PP-116 Deer Floral Table Accents,59-PM116DF,,"Table Accents with Deer Floral Design
3 Sizes Available 
Natural Jute
Black, Green and Natural
Art by Jan Harless",,,,,,,1,$ 17.65,,,,,1,Cap 400,Cap 160, //www.earthrugs.com/cdn/shop/products/PP-116-Deer-Group-wood_900x.jpg?v=1672334666 900w,PP-116-Deer-Group-wood_900x.jpg?v=1672334666 900w,,,Cap 800,PP-116-Deer-Group-wood_900x.jpg?v=1672334666 900w,
IC-116 Mountain Silhouette Coaster,31-IC116MS,,"5"" Round Hand Stenciled Coaster with Mountain Silhouette Design 
100% Natural Jute
Sold Individually 
Extremely Durable
Black and Natural ",,,,,,,1,$ 1.35,,,,,1,Cap 400,Cap 160, //www.earthrugs.com/cdn/shop/products/31-IC116MS_900x.jpg?v=1571272939 900w,31-IC116MS_900x.jpg?v=1571272939 900w,,,Cap 800,31-IC116MS_900x.jpg?v=1571272939 900w,
ST-OP-116 Fish Stair Tread,49-ST116F,,"Hand Stenciled Oval Stair Tread with Fish Design 
8.25""x27"" Oval
Sold Individually 
100% Natural Jute
Black, Sage and Cream",,,,,,,1,$ 7.15,,,,,1,Cap 400,Cap 160, //www.earthrugs.com/cdn/shop/files/ST-OP-116-Fish-8.25_x27_-Oval-OnWood_900x.jpg?v=1703862790 900w,ST-OP-116-Fish-8.25_x27_-Oval-OnWood_900x.jpg?v=1703862790 900w,,,Cap 800,ST-OP-116-Fish-8.25_x27_-Oval-OnWood_900x.jpg?v=1703862790 900w,
"OP-116 Mama & Baby Bear 13""x36""",68-116MB,,"Hand Stenciled Oval Table Runner with Mama & Baby Bear Design 
13""x36"" Oval 
Sold Individually 
100% Natural Jute
Green, Charcoal & Natural 
Art by Jan Harless ",,,,,,,1,$ 15.00,,,,,1,Cap 400,Cap 160, //www.earthrugs.com/cdn/shop/products/68-116MB_900x.jpg?v=1571272945 900w,68-116MB_900x.jpg?v=1571272945 900w,,,Cap 800,68-116MB_900x.jpg?v=1571272945 900w,
ST-OP-116 Mama Baby Bear Stair Tread,49-ST116MB,,"Hand Stenciled Oval Stair Tread with Mama Baby Bear Design 
8.25""x27"" Oval
Sold Individually 
100% Natural Jute
Charcoal, Green & Natural
Art by Jan Harless ",,,,,,,1,$ 7.15,,,,,1,Cap 400,Cap 160, //www.earthrugs.com/cdn/shop/products/49-ST116MB_900x.jpg?v=1571272941 900w,49-ST116MB_900x.jpg?v=1571272941 900w,,,Cap 800,49-ST116MB_900x.jpg?v=1571272941 900w,
OP-116 Tall Timbers,65-116TT,,"20""x30"" Hand Stenciled Oval Patch Braided Rug
Artwork by Jan Harless",,,,,,,1,$ 20.50,,,,,1,Cap 400,Cap 160, //www.earthrugs.com/cdn/shop/products/65-116TT_900x.jpg?v=1578149670 900w,65-116TT_900x.jpg?v=1578149670 900w,,,Cap 800,65-116TT_900x.jpg?v=1578149670 900w,
IC-116 Tall Timbers Coaster,31-IC116TT,,"Round Hand Stenciled Coaster with Tall Timbers Design 
100% Natural Jute
2 Sizes Available 
Extremely Durable
Black and Natural
Art by Jan Harless ",,,,,,,1,$ 1.35,,,,,1,Cap 400,Cap 160, //www.earthrugs.com/cdn/shop/products/31-IC116TT_b236bc2d-615b-4b63-a5cf-e13ccd8685f5_900x.jpg?v=1571272939 900w,31-IC116TT_b236bc2d-615b-4b63-a5cf-e13ccd8685f5_900x.jpg?v=1571272939 900w,,,Cap 800,31-IC116TT_b236bc2d-615b-4b63-a5cf-e13ccd8685f5_900x.jpg?v=1571272939 900w,
ST-OP-116 Tall Timbers Stair Tread,49-ST116TT,,"Hand Stenciled Oval Stair Tread with Tall Timbers Design 
8.25""x27"" Oval
Sold Individually 
100% Natural Jute
Charcoal, Green & Natural
Art by Jan Harless ",,,,,,,1,$ 7.15,,,,,1,Cap 400,Cap 160, //www.earthrugs.com/cdn/shop/files/49-ST116TT2024_900x.jpg?v=1710789085 900w,49-ST116TT2024_900x.jpg?v=1710789085 900w,,,Cap 800,49-ST116TT2024_900x.jpg?v=1710789085 900w,
"OP-116 Tall Timbers 13""x36""",68-116TT,,"Hand Stenciled Oval Table Runner with Tall Timbers Design 
2 Sizes Available 
Sold Individually 
100% Natural Jute
Green, Charcoal & Natural 
Art by Jan Harless",,,,,,,1,$ 15.00,,,,,1,Cap 400,Cap 160, //www.earthrugs.com/cdn/shop/products/68-116TT_900x.jpg?v=1571272945 900w,68-116TT_900x.jpg?v=1571272945 900w,,,Cap 800,68-116TT_900x.jpg?v=1571272945 900w,
OP-116 Shamrock,65-116S,,"20""x30"" Hand Stenciled Oval Patch Braided Rug
Artwork by Susan Burd",,,,,,,1,$ 20.50,,,,,1,Cap 400,Cap 160, //www.earthrugs.com/cdn/shop/files/65-116S2024_900x.jpg?v=1710796232 900w,65-116S2024_900x.jpg?v=1710796232 900w,,,Cap 800,65-116S2024_900x.jpg?v=1710796232 900w,
CNB-116 Tall Timbers Coaster Set,29-CB116TT,,"5"" Round Hand Stenciled Coasters with Tall Timbers Design
4 Coasters with Matching Basket
Sold Individually
100% Natural Jute
Extremely Durable
Black/Mustard/Cream
Art by Jan Harless",,,,,,,1,$ 9.25,,,,,1,Cap 400,Cap 160, //www.earthrugs.com/cdn/shop/files/CNB-116-TallTimber-5_-OnWood_900x.jpg?v=1703802848 900w,CNB-116-TallTimber-5_-OnWood_900x.jpg?v=1703802848 900w,,,Cap 800,CNB-116-TallTimber-5_-OnWood_900x.jpg?v=1703802848 900w,
V-443 Fish Table Accents,59-SWV443F,,"Table Accents with Fish Design
2 Sizes Available 
Natural Jute
Blue, Cream & Natural 
Art by Harry W. Smith ",,,,,,,1,$ 17.65,,,,,1,Cap 400,Cap 160, //www.earthrugs.com/cdn/shop/products/59-SWV443F_900x.jpg?v=1578065196 900w,59-SWV443F_900x.jpg?v=1578065196 900w,,,Cap 800,59-SWV443F_900x.jpg?v=1578065196 900w,
VRP-443 Fish,67-V443F,,"20""x30"" Hand Stenciled Oblong Print Patch Rug
Artwork by Harry W. Smith",,,,,,,1,$ 21.45,,,,,1,Cap 400,Cap 160, //www.earthrugs.com/cdn/shop/products/67-V443F_900x.jpg?v=1578078179 900w,67-V443F_900x.jpg?v=1578078179 900w,,,Cap 800,67-V443F_900x.jpg?v=1578078179 900w,
ST-OP-443 Fish Stair Tread,49-ST443F,,"Hand Stenciled Oval Stair Tread with Fish Design 
8.25""x27"" Oval
Sold Individually 
100% Natural Jute
Blue, Cream & Natural
Art by Harry W. Smith ",,,,,,,1,$ 7.15,,,,,1,Cap 400,Cap 160, //www.earthrugs.com/cdn/shop/products/49-ST443F_2019_900x.jpg?v=1571272971 900w,49-ST443F_2019_900x.jpg?v=1571272971 900w,,,Cap 800,49-ST443F_2019_900x.jpg?v=1571272971 900w,
ST-OP-443 Navy Anchor Stair Tread,49-ST443NA,,"Hand Stenciled Oval Stair Tread with Navy Anchor Design 
8.25""x27"" Oval
Sold Individually 
100% Natural Jute
Blue, Cream & Natural
Art by Harry W. Smith ",,,,,,,1,$ 7.15,,,,,1,Cap 400,Cap 160, //www.earthrugs.com/cdn/shop/files/49-ST443NA2024_900x.jpg?v=1710789221 900w,49-ST443NA2024_900x.jpg?v=1710789221 900w,,,Cap 800,49-ST443NA2024_900x.jpg?v=1710789221 900w,
IC-443 Nautical Lifebuoy Coaster,31-IC443NL,,"5"" Round Hand Stenciled Coaster with Nautical Lifebuoy Design 
100% Natural Jute 
Extremely Durable
Black and Blue
Art by Phyllis Stevens",,,,,,,1,$ 1.35,,,,,1,Cap 400,Cap 160, //www.earthrugs.com/cdn/shop/files/31-IC443NL_900x.jpg?v=1702491386 900w,31-IC443NL_900x.jpg?v=1702491386 900w,,,Cap 800,31-IC443NL_900x.jpg?v=1702491386 900w,
IC-443 Nautical Anchor Coaster,31-IC443NAN,,"5"" Round Hand Stenciled Coaster with Nautical Anchor Design 
100% Natural Jute 
Extremely Durable
Blue and Black
Art by Phyllis Stevens",,,,,,,1,$ 1.35,,,,,1,Cap 400,Cap 160, //www.earthrugs.com/cdn/shop/files/31-IC443NAN_900x.jpg?v=1702491060 900w,31-IC443NAN_900x.jpg?v=1702491060 900w,,,Cap 800,31-IC443NAN_900x.jpg?v=1702491060 900w,
MSPR-116 Tall Timbers Trivet,80-116TT,,"10"" Round Printed Trivet with Tall Timbers Design 
100% Natural Jute
Sold Individually 
Black, Sage and Natural 
Art by Jan Harless ",,,,,,,1,$ 4.35,,,,,1,Cap 400,Cap 160, //www.earthrugs.com/cdn/shop/products/80-116TT_838163b8-4083-401c-9c76-d99215b14de4_900x.jpg?v=1571272947 900w,80-116TT_838163b8-4083-401c-9c76-d99215b14de4_900x.jpg?v=1571272947 900w,,,Cap 800,80-116TT_838163b8-4083-401c-9c76-d99215b14de4_900x.jpg?v=1571272947 900w,
IC-443 Nautical Ship Wheel Coaster,31-IC443NSW,,"5"" Round Hand Stenciled Coaster with Nautical Ship Wheel Design 
100% Natural Jute 
Extremely Durable
Black and Blue
Art by Phyllis Stevens ",,,,,,,1,$ 1.35,,,,,1,Cap 400,Cap 160, //www.earthrugs.com/cdn/shop/files/31-IC443NSW_900x.jpg?v=1702491482 900w,31-IC443NSW_900x.jpg?v=1702491482 900w,,,Cap 800,31-IC443NSW_900x.jpg?v=1702491482 900w,
MSPR-459 Rooster Silhouette Trivet,80-459RS,,"10"" Round Printed Trivet with Rooster Silhouette Design 
100% Natural Jute
Sold Individually 
Black, Natural and White ",,,,,,,1,$ 4.35,,,,,1,Cap 400,Cap 160, //www.earthrugs.com/cdn/shop/products/iVoxAnjg_900x.jpg?v=1646406643 900w,iVoxAnjg_900x.jpg?v=1646406643 900w,,,Cap 800,iVoxAnjg_900x.jpg?v=1646406643 900w,
IC-116 Shamrock Coaster,31-IC116S,,"5"" Round Hand Stenciled Coaster with Shamrock Design 
100% Natural Jute
Sold Individually 
Extremely Durable
Black and Natural 
Artwork by Susan Burd ",,,,,,,1,$ 1.35,,,,,1,Cap 400,Cap 160, //www.earthrugs.com/cdn/shop/files/IC-116Shamrock_900x.jpg?v=1744813125 900w,IC-116Shamrock_900x.jpg?v=1744813125 900w,,,Cap 800,IC-116Shamrock_900x.jpg?v=1744813125 900w,
PP-116 Fish,67-116F,,"20""x30"" Hand Stenciled Oblong Print Patch Rug",,,,,,,1,$ 23.25,,,,,1,Cap 400,Cap 160, //www.earthrugs.com/cdn/shop/files/PP-116-Fish-20_x30_-Rectangle-OnWood_900x.jpg?v=1703862585 900w,PP-116-Fish-20_x30_-Rectangle-OnWood_900x.jpg?v=1703862585 900w,,,Cap 800,PP-116-Fish-20_x30_-Rectangle-OnWood_900x.jpg?v=1703862585 900w,
OP-116 Mama and Baby Bear,65-116MB,,"20""x30"" Hand Stenciled Oval Patch Braided Rug
Artwork by Jan Harless",,,,,,,1,$ 20.50,,,,,1,Cap 400,Cap 160, //www.earthrugs.com/cdn/shop/products/65-116MB_900x.jpg?v=1571272944 900w,65-116MB_900x.jpg?v=1571272944 900w,,,Cap 800,65-116MB_900x.jpg?v=1571272944 900w,
116 Saguaro Set,99-Special 116 Saguaro Set,,"10 Units of IC-116 Saguaro 5"" Round Coasters
8 Units of MSPR-116 Saguaro 10"" Round Trivets
6 Units of MSP-116 Saguaro 10""x15"" Oval Swatches
4 Units of ST-OP-116 Saguaro 8.25""x27"" Oval Stair Treads",,,,,,,1,$ 110.01,,,,,1,Cap 400,Cap 160, //www.earthrugs.com/cdn/shop/files/Shopify_900x.png?v=1716475766 900w,Shopify_900x.png?v=1716475766 900w,,,Cap 800,Shopify_900x.png?v=1716475766 900w,
IC-116 Big Foot Coaster,31-IC116BF,,"Round Hand Stenciled Coaster with Big Foot Design 
100% Natural Jute
2 Sizes Available 
Extremely Durable
Black and Natural",,,,,,,1,$ 1.35,,,,,1,Cap 400,Cap 160, //www.earthrugs.com/cdn/shop/products/31-IC116BF_900x.jpg?v=1672258474 900w,31-IC116BF_900x.jpg?v=1672258474 900w,,,Cap 800,31-IC116BF_900x.jpg?v=1672258474 900w,
DBP-025 Ornament on Branch,63-PSM025OB,," Hand Stenciled Dog Bone Rug with Ornament on Branch Design 
2 Sizes Available
Sold Individually
100% Natural Jute
Christmas Red, Green & Natural
Art by Susan Burd",,,,,,,1,$ 15.12,,,,,1,Cap 400,Cap 160, //www.earthrugs.com/cdn/shop/products/63-P025OB_900x.jpg?v=1702746745 900w,63-P025OB_900x.jpg?v=1702746745 900w,,,Cap 800,63-P025OB_900x.jpg?v=1702746745 900w,
PP-015 Flag,67-015F,,"20""x30"" Hand Stenciled Oblong Print Patch Rug

The tour bus stops in front of Independence Hall, my heart flutters. Our forefathers planned the future of our country here. Franklin sat in that chair behind Jefferson all summer, pushing for ratification. Washington came here to Philadelphia to ask Betsy Ross to sew the original flag. As I walk thru her home, the history there penetrates my skin and lingers warmly in my heart. Could they have imagined the stars representing those first 13 states would grow to 50? 13 stripes remain, one for each of the original states, Red for Valor, White for purity, Blue for justice. Long may it wave over our land and people, enfolding them in the freedoms they fought for, God Bless America!",,,,,,,1,$ 23.25,,,,,1,Cap 400,Cap 160, //www.earthrugs.com/cdn/shop/files/67-015F2024_900x.jpg?v=1710796738 900w,67-015F2024_900x.jpg?v=1710796738 900w,,,Cap 800,67-015F2024_900x.jpg?v=1710796738 900w,
OP-654 Home-Sunshine,65-654HSS,,"20""x30"" Hand Stenciled Oval Patch Braided Rug
Artwork by Suzanne Pienta",,,,,,,1,$ 18.92,,,,,1,Cap 400,Cap 160, //www.earthrugs.com/cdn/shop/products/65-654HSS_900x.jpg?v=1639242961 900w,65-654HSS_900x.jpg?v=1639242961 900w,,,Cap 800,65-654HSS_900x.jpg?v=1639242961 900w,
,65-015ST,,,,,,,,,1,,,,,,1,Cap 400,Cap 160, //www.earthrugs.com/cdn/shop/products/65-015ST_900x.jpg?v=1672338522 900w,65-015ST_900x.jpg?v=1672338522 900w,,,Cap 800,65-015ST_900x.jpg?v=1672338522 900w,
OP-656 Shamrock Welcome,65-656SW,,"20""x30"" Hand Stenciled Oval Patch Braided Rug
Artwork by Suzanne Pienta",,,,,,,1,$ 20.50,,,,,1,Cap 400,Cap 160, //www.earthrugs.com/cdn/shop/products/65-656SW_900x.jpg?v=1639243007 900w,65-656SW_900x.jpg?v=1639243007 900w,,,Cap 800,65-656SW_900x.jpg?v=1639243007 900w,
"OP-133 One Good Cup 13""x36""",68-133OGC,,"Hand Stenciled Oval Table Runner with One Good Cup Design 
13""x36"" Oval
Sold Individually
100% Natural Jute
Brown and Cream",,,,,,,1,$ 15.00,,,,,1,Cap 400,Cap 160, //www.earthrugs.com/cdn/shop/files/68-133OGC_900x.jpg?v=1735834532 900w,68-133OGC_900x.jpg?v=1735834532 900w,,,Cap 800,68-133OGC_900x.jpg?v=1735834532 900w,
OP-025 Snowman with Crow,65-025SC,,"20""x30"" Hand Stenciled Oval Patch Braided Rug
Artwork by Suzanne Pienta",,,,,,,1,$ 20.50,,,,,1,Cap 400,Cap 160, //www.earthrugs.com/cdn/shop/products/65-025SC_900x.jpg?v=1571272899 900w,65-025SC_900x.jpg?v=1571272899 900w,,,Cap 800,65-025SC_900x.jpg?v=1571272899 900w,
OP-024 Dog Bones,65-024DB,,"20""x30"" Hand Stenciled Oval Patch Braided Rug",,,,,,,1,$ 20.50,,,,,1,Cap 400,Cap 160, //www.earthrugs.com/cdn/shop/products/65-024DB_900x.jpg?v=1578154984 900w,65-024DB_900x.jpg?v=1578154984 900w,,,Cap 800,65-024DB_900x.jpg?v=1578154984 900w,
PP-116 Tall Timbers Oblong Collection,99-Special 116 Tall Timbers Oblong,,"6 Units of 10"" Trivet
4 Units of 10""x15"" Swatch
4 Units of 13""x19"" Placemat
1 Unit of 13""x36"" Table Runner",,,,,,,1,$ 106.07,,,,,1,Cap 400,Cap 160, //www.earthrugs.com/cdn/shop/files/Shopify_1a492bbd-cf80-4979-bbf2-d568fa6b31c8_900x.png?v=1724442886 900w,Shopify_1a492bbd-cf80-4979-bbf2-d568fa6b31c8_900x.png?v=1724442886 900w,,,Cap 800,Shopify_1a492bbd-cf80-4979-bbf2-d568fa6b31c8_900x.png?v=1724442886 900w,
IC-873 Purple Egg Coaster,31-IC873PE,,"Round Hand Stenciled Coaster with Purple Egg Design 
100% Natural Jute
2 Sizes Available
Extremely Durable
Pink and Purple
Art by Suzanne Pienta",,,,,,,1,$ 2.73,,,,,1,Cap 400,Cap 160, //www.earthrugs.com/cdn/shop/files/79-873PE_900x.jpg?v=1702503314 900w,79-873PE_900x.jpg?v=1702503314 900w,,,Cap 800,79-873PE_900x.jpg?v=1702503314 900w,
IC-874 Green Egg Coaster,31-IC874GE,,"Round Hand Stenciled Coaster with Green Egg Design 
100% Natural Jute
2 Sizes Available
Extremely Durable
Red and Green
Art by Suzanne Pienta",,,,,,,1,$ 2.73,,,,,1,Cap 400,Cap 160, //www.earthrugs.com/cdn/shop/files/31-IC874GE_900x.jpg?v=1702503437 900w,31-IC874GE_900x.jpg?v=1702503437 900w,,,Cap 800,31-IC874GE_900x.jpg?v=1702503437 900w,
IC-874 Tulips Coaster,31-IC874T,,"Round Hand Stenciled Coaster with Tulips Design 
100% Natural Jute
2 Sizes Available 
Extremely Durable
Red and Green",,,,,,,1,$ 1.35,,,,,1,Cap 400,Cap 160, //www.earthrugs.com/cdn/shop/files/31-IC874T_900x.jpg?v=1702503553 900w,31-IC874T_900x.jpg?v=1702503553 900w,,,Cap 800,31-IC874T_900x.jpg?v=1702503553 900w,
LC-079 Light & Dark Blue/Mustard Large Coaster,52-LC079,,"  7"" x 7"" Round Large Coaster
Sold Individually
100% Natural Jute
Extremely Durable",,,,,,,1,$ 2.60,,,,,1,Cap 400,Cap 160, //www.earthrugs.com/cdn/shop/files/52-LC0792024_900x.jpg?v=1710790219 900w,52-LC0792024_900x.jpg?v=1710790219 900w,,,Cap 800,52-LC0792024_900x.jpg?v=1710790219 900w,
LC-875 Red Mitten Large Coaster,79-875RM,,"7"" Round Hand Stenciled Coaster with Red Mitten Design 
100% Natural Jute
Extremely Durable
Red and Green
Artwork by Suzanne Pienta",,,,,,,1,$ 3.00,,,,,1,Cap 400,Cap 160, //www.earthrugs.com/cdn/shop/files/79-875RM_900x.jpg?v=1702680027 900w,79-875RM_900x.jpg?v=1702680027 900w,,,Cap 800,79-875RM_900x.jpg?v=1702680027 900w,
LC-874 Dahlia Large Coaster,79-874D,,"7"" Round Hand Stenciled Coaster with Dahlia Design 
100% Natural Jute
Extremely Durable
Red and White",,,,,,,1,$ 3.00,,,,,1,Cap 400,Cap 160, //www.earthrugs.com/cdn/shop/files/79-874D_900x.jpg?v=1702679886 900w,79-874D_900x.jpg?v=1702679886 900w,,,Cap 800,79-874D_900x.jpg?v=1702679886 900w,
WW-375 Pineapple,86-375P,,"Wicker Weave Table Accents with Pineapple Design
3 Sizes Available 
Natural Jute
Burgundy, Wheat & Natural 
Art by Susan Burd ",,,,,,,1,$ 2.73,,,,,1,Cap 400,Cap 160, //www.earthrugs.com/cdn/shop/products/83-375P_900x.jpg?v=1571272896 900w,83-375P_900x.jpg?v=1571272896 900w,,,Cap 800,83-375P_900x.jpg?v=1571272896 900w,
OP-375 Pineapple,65-375P,,"20""x30"" Hand Stenciled Oval Patch Braided Rug
Artwork by Susan Burd",,,,,,,1,$ 18.92,,,,,1,Cap 400,Cap 160, //www.earthrugs.com/cdn/shop/products/65-375P_900x.jpg?v=1571272875 900w,65-375P_900x.jpg?v=1571272875 900w,,,Cap 800,65-375P_900x.jpg?v=1571272875 900w,
OP-019 Barn Stars,88-2745-019BS,,Artwork by Susan Burd,,,,,,,1,$ 51.87,,,,,1,Cap 400,Cap 160, //www.earthrugs.com/cdn/shop/products/88-2745-019BS_900x.jpg?v=1578154947 900w,88-2745-019BS_900x.jpg?v=1578154947 900w,,,Cap 800,88-2745-019BS_900x.jpg?v=1578154947 900w,
IC-9-93 Big Mouth Bass Coaster,31-IC9-093BMB,,"Round Hand Stenciled Coaster with Big Mouth Bass Design
100% Natural Jute
2 Sizes Available
Extremely Durable
Black and Natural
Art by R.A. Guthrie",,,,,,,1,$ 1.35,,,,,1,Cap 400,Cap 160, //www.earthrugs.com/cdn/shop/files/31-IC9-093BMB_900x.jpg?v=1734804469 900w,31-IC9-093BMB_900x.jpg?v=1734804469 900w,,,Cap 800,31-IC9-093BMB_900x.jpg?v=1734804469 900w,
OP-222 Harvest Pumpkin,88-26-222HP,,Artwork by Susan Burd,,,,,,,1,$ 35.42,,,,,1,Cap 400,Cap 160, //www.earthrugs.com/cdn/shop/products/88-2745-222HP_900x.jpg?v=1571272898 900w,88-2745-222HP_900x.jpg?v=1571272898 900w,,,Cap 800,88-2745-222HP_900x.jpg?v=1571272898 900w,
OP-583 Lodge Animals,88-35-583LA,,"Hand Stenciled Oval Patch Braided Rug
Artwork by Harry W. Smith",,,,,,,1,$ 107.53,,,,,1,Cap 400,Cap 160, //www.earthrugs.com/cdn/shop/products/88-46-583LA_900x.jpg?v=1571272960 900w,88-46-583LA_900x.jpg?v=1571272960 900w,,,Cap 800,88-46-583LA_900x.jpg?v=1571272960 900w,
OP-395 Cabin Bear,88-46-395CB,,"Hand Stenciled Oval Patch Braided Rug
Artwork by Sandy Clough",,,,,,,1,$ 183.43,,,,,1,Cap 400,Cap 160, //www.earthrugs.com/cdn/shop/products/88-46-395CB_900x.jpg?v=1571272960 900w,88-46-395CB_900x.jpg?v=1571272960 900w,,,Cap 800,88-46-395CB_900x.jpg?v=1571272960 900w,
RN-04 Natural/White Tiles Braided Rug,98-RN04-23,, ,,,,,,,1,$ 95.95,,,,,1,Cap 400,Cap 160, //www.earthrugs.com/cdn/shop/files/98-RN04-35_900x.jpg?v=1715187092 900w,98-RN04-35_900x.jpg?v=1715187092 900w,,,Cap 800,98-RN04-35_900x.jpg?v=1715187092 900w,
RN-06 Natural White Braided Rug,98-RN06-23,, ,,,,,,,1,$ 79.95,,,,,1,Cap 400,Cap 160, //www.earthrugs.com/cdn/shop/files/98-RN06-35_900x.jpg?v=1715187268 900w,98-RN06-35_900x.jpg?v=1715187268 900w,,,Cap 800,98-RN06-35_900x.jpg?v=1715187268 900w,
RN-08 Parquet Braided Rug,98-RN08-23,, ,,,,,,,1,$ 95.95,,,,,1,Cap 400,Cap 160, //www.earthrugs.com/cdn/shop/files/98-RN08-23_900x.jpg?v=1715187127 900w,98-RN08-23_900x.jpg?v=1715187127 900w,,,Cap 800,98-RN08-23_900x.jpg?v=1715187127 900w,
RN-10 ZigZag Braided Rug,98-RN10-23,, ,,,,,,,1,$ 95.95,,,,,1,Cap 400,Cap 160, //www.earthrugs.com/cdn/shop/files/98-RN10-35_900x.jpg?v=1715187047 900w,98-RN10-35_900x.jpg?v=1715187047 900w,,,Cap 800,98-RN10-35_900x.jpg?v=1715187047 900w,
MSPR-610 Acadia Bubbles Trivet,80-610AB,,"10"" Round Printed Trivet with Acadia Bubbles Design 
100% Natural Jute
Sold Individually
Green and Brown 
Art by Harry W. Smith",,,,,,,1,$ 4.35,,,,,1,Cap 400,Cap 160, //www.earthrugs.com/cdn/shop/products/80-610AB_900x.jpg?v=1612304507 900w,80-610AB_900x.jpg?v=1612304507 900w,,,Cap 800,80-610AB_900x.jpg?v=1612304507 900w,
MSPR-655 Fall Gnome Trivet,80-655FG,,"10"" Round Printed Trivet with Fall Gnome Design 
100% Natural Jute
Sold Individually
Orange and Yellow
Art by Harry W. Smith",,,,,,,1,$ 4.35,,,,,1,Cap 400,Cap 160, //www.earthrugs.com/cdn/shop/products/80-655FG_900x.jpg?v=1639414779 900w,80-655FG_900x.jpg?v=1639414779 900w,,,Cap 800,80-655FG_900x.jpg?v=1639414779 900w,
MSPR-430 Red Barn Trivet,80-430RB,,"10"" Round Printed Trivet with Red Barn Design 
100% Natural Jute
Sold Individually
Black and Cream
Art by Harry W. Smith ",,,,,,,1,$ 4.35,,,,,1,Cap 400,Cap 160, //www.earthrugs.com/cdn/shop/products/80-430RB_900x.jpg?v=1578088887 900w,80-430RB_900x.jpg?v=1578088887 900w,,,Cap 800,80-430RB_900x.jpg?v=1578088887 900w,
MSPR-884 Fall Welcome Trivet,80-884FW,,"10"" Round Printed Trivet with Fall Welcome Design 
100% Natural Jute
Sold Individually
Brown and Orange",,,,,,,1,$ 4.35,,,,,1,Cap 400,Cap 160, //www.earthrugs.com/cdn/shop/files/MSPR-884-FallWelcome-10_-Round-OnWood_900x.jpg?v=1703862151 900w,MSPR-884-FallWelcome-10_-Round-OnWood_900x.jpg?v=1703862151 900w,,,Cap 800,MSPR-884-FallWelcome-10_-Round-OnWood_900x.jpg?v=1703862151 900w,
MSPR-357 Burgundy Star Trivet,80-357BS,,"10"" Round Printed Trivet with Burgundy Star Design 
100% Natural Jute
Sold Individually 
Burgundy, Gray and Cream",,,,,,,1,$ 4.35,,,,,1,Cap 400,Cap 160, //www.earthrugs.com/cdn/shop/products/h6-bw1EA_900x.jpg?v=1646406254 900w,h6-bw1EA_900x.jpg?v=1646406254 900w,,,Cap 800,h6-bw1EA_900x.jpg?v=1646406254 900w,
MSPR-357 Hen on Nest Trivet,80-357HN,,"10"" Round Printed Trivet with Hen on Nest Design 
100% Natural Jute
Sold Individually 
Burgundy, Gray and Cream
Art by Harry W. Smith",,,,,,,1,$ 4.35,,,,,1,Cap 400,Cap 160, //www.earthrugs.com/cdn/shop/products/80-357HN_900x.jpg?v=1672420475 900w,80-357HN_900x.jpg?v=1672420475 900w,,,Cap 800,80-357HN_900x.jpg?v=1672420475 900w,
MSPR-895 Rhino Trivet,80-895R,,"10"" Round Printed Trivet with Rhino Design 
100% Natural Jute
Sold Individually
Brown/Tan/Ivory",,,,,,,1,$ 4.35,,,,,1,Cap 400,Cap 160, //www.earthrugs.com/cdn/shop/files/80-895R_900x.jpg?v=1734800591 900w,80-895R_900x.jpg?v=1734800591 900w,,,Cap 800,80-895R_900x.jpg?v=1734800591 900w,
MSPR-508 Holiday Barn Star Trivet,80-508HBS,,"10"" Round Printed Trivet with Holiday Barn Star Design 
100% Natural Jute
Sold Individually 
Red, Green and Natural 
Art by Susan Burd",,,,,,,1,$ 4.35,,,,,1,Cap 400,Cap 160, //www.earthrugs.com/cdn/shop/products/80-508HBS_900x.jpg?v=1571272949 900w,80-508HBS_900x.jpg?v=1571272949 900w,,,Cap 800,80-508HBS_900x.jpg?v=1571272949 900w,
MSPR-508 Reindeer Trivet,80-508R,,"10"" Round Printed Trivet with Reindeer Design 
100% Natural Jute
Sold Individually
Red and Green
Art by Suzanne Pienta",,,,,,,1,$ 4.35,,,,,1,Cap 400,Cap 160, //www.earthrugs.com/cdn/shop/products/80-508R_900x.jpg?v=1639414628 900w,80-508R_900x.jpg?v=1639414628 900w,,,Cap 800,80-508R_900x.jpg?v=1639414628 900w,
MSPR-508 Holiday Tree Trivet,80-508HT,,"10"" Round Printed Trivet with Holiday Tree Design 
100% Natural Jute
Sold Individually 
Red, Green and Natural
Art by Harry W. Smith",,,,,,,1,$ 4.35,,,,,1,Cap 400,Cap 160, //www.earthrugs.com/cdn/shop/products/80-508HT_900x.jpg?v=1672421620 900w,80-508HT_900x.jpg?v=1672421620 900w,,,Cap 800,80-508HT_900x.jpg?v=1672421620 900w,
MSPR-508 Northeastern Robin Trivet,80-508NR,,"10"" Round Printed Trivet with Northeastern Robin Design 
100% Natural Jute
Sold Individually 
Red, Green and Natural",,,,,,,1,$ 4.35,,,,,1,Cap 400,Cap 160, //www.earthrugs.com/cdn/shop/files/MSPR-508-NortheasternRobin-10_-Round-OnWood_900x.jpg?v=1703861914 900w,MSPR-508-NortheasternRobin-10_-Round-OnWood_900x.jpg?v=1703861914 900w,,,Cap 800,MSPR-508-NortheasternRobin-10_-Round-OnWood_900x.jpg?v=1703861914 900w,
MSPR-025 Ornament on Branch Trivet,80-025OB,,"10"" Round Printed Trivet with Ornament on Branch Design 
100% Natural Jute
Sold Individually 
Red, Green and Natural 
Art by Susan Burd",,,,,,,1,$ 4.35,,,,,1,Cap 400,Cap 160, //www.earthrugs.com/cdn/shop/products/80-025OB_900x.jpg?v=1672419633 900w,80-025OB_900x.jpg?v=1672419633 900w,,,Cap 800,80-025OB_900x.jpg?v=1672419633 900w,
