Cherries & Cream Dip Mix - NEW RELEASE,10048,,,,,,,,,,,,,,,,CountryHome400,CountryHome160,https://countryhomecreations.com/cdn/shop/files/Cherris_CreamDip.png?v=1751306158&width=1946,Cherris_CreamDip.png?v=1751306158&width=1946,,,CountryHome800,Cherris_CreamDip.png?v=1751306158&width=1946,
Apple Cherry Cobbler Dip Mix - NEW RELEASE,10049,,,,,,,,,,,,,,,,CountryHome400,CountryHome160,https://countryhomecreations.com/cdn/shop/files/Apple_cherry_Cobbler.jpg?v=1735320545&width=1946,Apple_cherry_Cobbler.jpg?v=1735320545&width=1946,,,CountryHome800,Apple_cherry_Cobbler.jpg?v=1735320545&width=1946,
Mini Citrus Poblano Dip Mix,10181,,,,,,,,,,,,,,,,CountryHome400,CountryHome160,https://countryhomecreations.com/cdn/shop/files/MiniCitrusPoblano.jpg?v=1710856504&width=1946,MiniCitrusPoblano.jpg?v=1710856504&width=1946,,,CountryHome800,MiniCitrusPoblano.jpg?v=1710856504&width=1946,
Smoky Garlic Pickle Mix - NEW RELEASE,10196,,,,,,,,,,,,,,,,CountryHome400,CountryHome160,https://countryhomecreations.com/cdn/shop/files/SmokyGarlicPickles.jpg?v=1735319675&width=1946,SmokyGarlicPickles.jpg?v=1735319675&width=1946,,,CountryHome800,SmokyGarlicPickles.jpg?v=1735319675&width=1946,
Olive Dip Mix - NEW RELEASE,10198,,,,,,,,,,,,,,,,CountryHome400,CountryHome160,https://countryhomecreations.com/cdn/shop/files/Olive_dip_Mix.jpg?v=1735319859&width=1946,Olive_dip_Mix.jpg?v=1735319859&width=1946,,,CountryHome800,Olive_dip_Mix.jpg?v=1735319859&width=1946,
Broccoli Cheddar Chowder Mix - NEW RELEASE,10200,,,,,,,,,,,,,,,,CountryHome400,CountryHome160,https://countryhomecreations.com/cdn/shop/files/BorccollicheddarChowder.jpg?v=1735320135&width=1946,BorccollicheddarChowder.jpg?v=1735320135&width=1946,,,CountryHome800,BorccollicheddarChowder.jpg?v=1735320135&width=1946,
Street Corn Dip Mix-NEW RELEASE,10251,,,,,,,,,,,,,,,,CountryHome400,CountryHome160,https://countryhomecreations.com/cdn/shop/files/StreetCornDip.png?v=1751307416&width=1946,StreetCornDip.png?v=1751307416&width=1946,,,CountryHome800,StreetCornDip.png?v=1751307416&width=1946,
Blueberry Lemonade Mix - NEW RELEASE,11028,,,,,,,,,,,,,,,,CountryHome400,CountryHome160,https://countryhomecreations.com/cdn/shop/files/Blueberry_Lemonade.png?v=1735319084&width=1946,Blueberry_Lemonade.png?v=1735319084&width=1946,,,CountryHome800,Blueberry_Lemonade.png?v=1735319084&width=1946,
Taste of Michigan Maple Nut Dip Mix-NEW RELEASE,11191,,,,,,,,,,,,,,,,CountryHome400,CountryHome160,https://countryhomecreations.com/cdn/shop/files/MichiganMapleNutDipfront.png?v=1751309650&width=1946,MichiganMapleNutDipfront.png?v=1751309650&width=1946,,,CountryHome800,MichiganMapleNutDipfront.png?v=1751309650&width=1946,
No Bake Southern Peach Cheesecake Mix - NEW RELEASE,12200,,,,,,,,,,,,,,,,CountryHome400,CountryHome160,https://countryhomecreations.com/cdn/shop/files/NB_Southern_Peach_Cheesecake.png?v=1735319463&width=1946,NB_Southern_Peach_Cheesecake.png?v=1735319463&width=1946,,,CountryHome800,NB_Southern_Peach_Cheesecake.png?v=1735319463&width=1946,
No Bake Berry Blitz Cheesecake Mix-NEW RELEASE,12201,,,,,,,,,,,,,,,,CountryHome400,CountryHome160,https://countryhomecreations.com/cdn/shop/files/No_Bake_Berry_Blitz_Cheesecake.png?v=1751307692&width=1946,No_Bake_Berry_Blitz_Cheesecake.png?v=1751307692&width=1946,,,CountryHome800,No_Bake_Berry_Blitz_Cheesecake.png?v=1751307692&width=1946,
No Bake Chocolate Chip Cheesecake Mix-NEW RELEASE,12202,,,,,,,,,,,,,,,,CountryHome400,CountryHome160,https://countryhomecreations.com/cdn/shop/files/NoBakeChocolateChipCheesecake.png?v=1751307949&width=1946,NoBakeChocolateChipCheesecake.png?v=1751307949&width=1946,,,CountryHome800,NoBakeChocolateChipCheesecake.png?v=1751307949&width=1946,
Gourmet Grillers Garlic Chipotle Rub & Marinade,30000,,,,,,,,,,,,,,,,CountryHome400,CountryHome160,https://countryhomecreations.com/cdn/shop/files/garlicchipotleresized.jpg?v=1704998060&width=1946,garlicchipotleresized.jpg?v=1704998060&width=1946,,,CountryHome800,garlicchipotleresized.jpg?v=1704998060&width=1946,
Gourmet Grillers Poblano Citrus Rub & Marinade,30001,,,,,,,,,,,,,,,,CountryHome400,CountryHome160,https://countryhomecreations.com/cdn/shop/files/PoblanoCitrusGGtag.jpg?v=1704998157&width=1946,PoblanoCitrusGGtag.jpg?v=1704998157&width=1946,,,CountryHome800,PoblanoCitrusGGtag.jpg?v=1704998157&width=1946,
Gourmet Grillers Sweet & Smoky Rub & Marinade,30002,,,,,,,,,,,,,,,,CountryHome400,CountryHome160,https://countryhomecreations.com/cdn/shop/files/Sweet_SmokyGGtag.jpg?v=1704997883&width=1946,Sweet_SmokyGGtag.jpg?v=1704997883&width=1946,,,CountryHome800,Sweet_SmokyGGtag.jpg?v=1704997883&width=1946,
Gourmet Griller Tex-Mex Rub & Marinade - NEW RELEASE,30003,,,,,,,,,,,,,,,,CountryHome400,CountryHome160,https://countryhomecreations.com/cdn/shop/files/GGTexMex.jpg?v=1735318659&width=1946,GGTexMex.jpg?v=1735318659&width=1946,,,CountryHome800,GGTexMex.jpg?v=1735318659&width=1946,
Gourmet Griller Zesty Herb Rub & Marinade - NEW RELEASE,30004,,,,,,,,,,,,,,,,CountryHome400,CountryHome160,https://countryhomecreations.com/cdn/shop/files/GGZesty.jpg?v=1735319245&width=1946,GGZesty.jpg?v=1735319245&width=1946,,,CountryHome800,GGZesty.jpg?v=1735319245&width=1946,
Artisan Kitchen Baked Classic Cheesecake Bars - NEW RELEASE,50003,,,,,,,,,,,,,,,,CountryHome400,CountryHome160,https://countryhomecreations.com/cdn/shop/files/Artisan_Kitchen_Baked_Cheesecake_Bars.png?v=1737052094&width=1946,Artisan_Kitchen_Baked_Cheesecake_Bars.png?v=1737052094&width=1946,,,CountryHome800,Artisan_Kitchen_Baked_Cheesecake_Bars.png?v=1737052094&width=1946,
Artisan Kitchen Baked Chocolate Cheesecake Bar Mix - NEW RELEASE,50004,,,,,,,,,,,,,,,,CountryHome400,CountryHome160,https://countryhomecreations.com/cdn/shop/files/AKBakedChocolateCheesecakeBars.png?v=1735322147&width=1946,AKBakedChocolateCheesecakeBars.png?v=1735322147&width=1946,,,CountryHome800,AKBakedChocolateCheesecakeBars.png?v=1735322147&width=1946,
Artisan Kitchen - Pineapple Pecan Chicken Salad Mix-NEW RELEASE,50005,,,,,,,,,,,,,,,,CountryHome400,CountryHome160,https://countryhomecreations.com/cdn/shop/files/Artisan_Kitchen_Pineapple_Pecan_Chicken_Salad.png?v=1751308988&width=1946,Artisan_Kitchen_Pineapple_Pecan_Chicken_Salad.png?v=1751308988&width=1946,,,CountryHome800,Artisan_Kitchen_Pineapple_Pecan_Chicken_Salad.png?v=1751308988&width=1946,
Artisan Kitchen - Caramel Apple Dumplings Mix-NEW RELEASE,50006,,,,,,,,,,,,,,,,CountryHome400,CountryHome160,https://countryhomecreations.com/cdn/shop/files/ArtisanKitchenCaramelAppleDumplingMix.png?v=1751308756&width=1946,ArtisanKitchenCaramelAppleDumplingMix.png?v=1751308756&width=1946,,,CountryHome800,ArtisanKitchenCaramelAppleDumplingMix.png?v=1751308756&width=1946,
Artisan Kitchen - Baked Buffalo Chicken Dip Mix-NEW RELEASE,50007,,,,,,,,,,,,,,,,CountryHome400,CountryHome160,https://countryhomecreations.com/cdn/shop/files/ArtisanKitchenBakedBuffaloChickenfront.png?v=1751308122&width=1946,ArtisanKitchenBakedBuffaloChickenfront.png?v=1751308122&width=1946,,,CountryHome800,ArtisanKitchenBakedBuffaloChickenfront.png?v=1751308122&width=1946,
Coastal Kitchen Beach Dip Mix - NEW RELEASE,50500,,,,,,,,,,,,,,,,CountryHome400,CountryHome160,https://countryhomecreations.com/cdn/shop/files/BeachDipFront.jpg?v=1735320671&width=1946,BeachDipFront.jpg?v=1735320671&width=1946,,,CountryHome800,BeachDipFront.jpg?v=1735320671&width=1946,
Coastal Kitchen Boat Dip Mix - NEW RELEASE,50501,,,,,,,,,,,,,,,,CountryHome400,CountryHome160,https://countryhomecreations.com/cdn/shop/files/BoatDipFront.jpg?v=1735320866&width=1946,BoatDipFront.jpg?v=1735320866&width=1946,,,CountryHome800,BoatDipFront.jpg?v=1735320866&width=1946,
Coastal Kitchen Seafood Dip Mix - NEW RELEASE,50502,,,,,,,,,,,,,,,,CountryHome400,CountryHome160,https://countryhomecreations.com/cdn/shop/files/Seafood_Dip_Front.jpg?v=1735321990&width=1946,Seafood_Dip_Front.jpg?v=1735321990&width=1946,,,CountryHome800,Seafood_Dip_Front.jpg?v=1735321990&width=1946,
