WOODEN WITCH HAT WITH LIGHT,52001,,,,$26.50,,,Easel! Wood; 22¼”W x 20½”H x 8”D; Requires 2 AA Batteries; Not Included,,NA,$34.90,,,,,NA,Hannas400,Hannas160,https://www.hannashandiworks.com/media/catalog/product/cache/bbf624d4e302b71a44cbbfb433873131/5/2/52001.JPG,52001.JPG,,,Hannas800,52001.JPG,
WOODEN WITCH MOON WITH LIGHTS,52003,,,In stock,$29.50,,,Easel! Wood; 23”Dia x 9¼”D; Requires 2 AA Batteries; Not Included,,2,$49.50,,,,,2,Hannas400,Hannas160,https://www.hannashandiworks.com/media/catalog/product/cache/bbf624d4e302b71a44cbbfb433873131/5/2/52003-cob.jpg,52003-cob.jpg,,,Hannas800,52003-cob.jpg,
WACKY WITCH PUMPKIN WITH LIGHTS,52004,,,In stock,,,,Easel! 2' Tall! Wood/Metal; 24”W x 16½”H x 6”D; Requires 2 AA Batteries; Not Included,,2,$32.50,4,$30.50,,,2,Hannas400,Hannas160,https://www.hannashandiworks.com/media/catalog/product/cache/bbf624d4e302b71a44cbbfb433873131/5/2/52004.JPG,52004.JPG,,,Hannas800,52004.JPG,
SPOOKY HALLOWEEN ORNAMENT WITH DISPLAY 6 ASST,52014,,,In stock,$1.13,,,Free Display! Wood/Metal; Orn: 4-4½”W x 7-7½”H x ¼”D; Display: 15¼”W x 19”H x 3½”D,,48,$2.25,,,,,48,Hannas400,Hannas160,https://www.hannashandiworks.com/media/catalog/product/cache/bbf624d4e302b71a44cbbfb433873131/5/2/52014.JPG,52014.JPG,,,Hannas800,52014.JPG,
WOODEN HALLOWEEN GNOME STANDER,52020,,,In stock,$16.75,,,Over 2' Tall! Wood; 15”W x 25½”H x 4¾”D,,2,$33.50,,,,,2,Hannas400,Hannas160,https://www.hannashandiworks.com/media/catalog/product/cache/bbf624d4e302b71a44cbbfb433873131/5/2/52020-cob.jpg,52020-cob.jpg,,,Hannas800,52020-cob.jpg,
SCARY CAT WAGON STANDER,52021,,,,,,,Over 2' Tall! Wood; 19¾”W x 26¼”H x 4¾”D,,NA,$36.50,,,,,NA,Hannas400,Hannas160,https://www.hannashandiworks.com/media/catalog/product/cache/bbf624d4e302b71a44cbbfb433873131/5/2/52021_1.JPG,52021_1.JPG,,,Hannas800,52021_1.JPG,
WIZARD OWL SITTER 2 ASST.,52055,,,,,,,Fabric; 9½”W x 12½-16½”H x 6¾”D,,NA,$17.50,12,$16.90,,,NA,Hannas400,Hannas160,https://www.hannashandiworks.com/media/catalog/product/cache/bbf624d4e302b71a44cbbfb433873131/5/2/52055.JPG,52055.JPG,,,Hannas800,52055.JPG,
BATTY GNOME METAL BAG WITH LIGHTS 2 ASST,52078,,,In stock,$6.88,,,Metal; 7¼”W x 10”H x 3¼”D; Handle: 4½”H; *Includes LED tea light,,6,$13.75,,,,,6,Hannas400,Hannas160,https://www.hannashandiworks.com/media/catalog/product/cache/bbf624d4e302b71a44cbbfb433873131/5/2/52078.JPG,52078.JPG,,,Hannas800,52078.JPG,
BOO BOO BOO SIGN,52083,,,In stock,,,,Wood/Metal; 14”W x 14”H x 1”D,,4,$13.50,8,$13.00,16,$12.50,4,Hannas400,Hannas160,https://www.hannashandiworks.com/media/catalog/product/cache/bbf624d4e302b71a44cbbfb433873131/5/2/52083.JPG,52083.JPG,,,Hannas800,52083.JPG,
BOO HALLOWEEN COFFEE CUP 2 ASST.,52087,,,In stock,$2.25,,,Ceramic; 5¾”W x 3”H x 4¼”D,,6,$4.50,,,,,6,Hannas400,Hannas160,https://www.hannashandiworks.com/media/catalog/product/cache/bbf624d4e302b71a44cbbfb433873131/5/2/52087.JPG,52087.JPG,,,Hannas800,52087.JPG,
SCARY BLOCK SIGN 3 ASST,52111,,,In stock,,,,Wood; 5¾”W x 5¾”H x 1”D,,12,$3.30,24,$3.10,36,$2.80,12,Hannas400,Hannas160,https://www.hannashandiworks.com/media/catalog/product/cache/bbf624d4e302b71a44cbbfb433873131/5/2/52111.JPG,52111.JPG,,,Hannas800,52111.JPG,
JACK AND GHOST WIZARD ORNAMENT 2 ASST,52123,,,In stock,$1.45,,,Fabric; 5½”W x 9”H x 3”D,,12,$2.90,,,,,12,Hannas400,Hannas160,https://www.hannashandiworks.com/media/catalog/product/cache/bbf624d4e302b71a44cbbfb433873131/5/2/52123.JPG,52123.JPG,,,Hannas800,52123.JPG,
SCARY JACK HANGER WITH LIGHTS AND SOUND,52131,,,In stock,,,,Over 6' Tall! Fabric/Faux Material; 24”W x 75”H x 16”D; Requires 3 AAA Batteries; Not Included,,2,$28.25,6,$26.25,,,2,Hannas400,Hannas160,https://www.hannashandiworks.com/media/catalog/product/cache/bbf624d4e302b71a44cbbfb433873131/5/2/52131-cob.jpg,52131-cob.jpg,,,Hannas800,52131-cob.jpg,
CREEPY EYES ANIMATED CLOWN HANGER,52133,,,In stock,,,,Over 6' Tall! Fabric/Faux Material; 22”W x 74”H x 16”D; Requires 3 AA Batteries; Not Included,,2,$40.50,4,$38.25,,,2,Hannas400,Hannas160,https://www.hannashandiworks.com/media/catalog/product/cache/bbf624d4e302b71a44cbbfb433873131/5/2/52133.JPG,52133.JPG,,,Hannas800,52133.JPG,
CREEPY JACK STANDER WITH LIGHTS AND SOUND,52135,,,,$39.51,,,Over 6' Tall! Fabric/Faux Material; 44”W x 82”H x 22”D; Requires 3 AA Batteries; Not Included; Not Pictured at Full Height,,NA,$57.50,,,,,NA,Hannas400,Hannas160,https://www.hannashandiworks.com/media/catalog/product/cache/bbf624d4e302b71a44cbbfb433873131/5/2/52135-cob.jpg,52135-cob.jpg,,,Hannas800,52135-cob.jpg,
HALLOWEEN BUCKET 3 ASST.,52173,,,In stock,,,,Metal/Faux Trim; 4”H x 4½”Dia,,6,$5.90,12,$5.50,,,6,Hannas400,Hannas160,https://www.hannashandiworks.com/media/catalog/product/cache/bbf624d4e302b71a44cbbfb433873131/5/2/52173.JPG,52173.JPG,,,Hannas800,52173.JPG,
BOO GNOME STAKE 2 ASST.,52181,,,In stock,$7.90,,,Over 2' Tall! Metal; 11½”W x 28½”H x ¼”D,,6,$14.50,,,,,6,Hannas400,Hannas160,https://www.hannashandiworks.com/media/catalog/product/cache/bbf624d4e302b71a44cbbfb433873131/5/2/52181.JPG,52181.JPG,,,Hannas800,52181.JPG,
SPOOKY BLOCK HANGER 3 ASST.,52182,,,In stock,$2.95,,,Wood/Metal; 11¾”W x 11¾”H x 1½”D,,6,$5.90,,,,,6,Hannas400,Hannas160,https://www.hannashandiworks.com/media/catalog/product/cache/bbf624d4e302b71a44cbbfb433873131/5/2/52182.JPG,52182.JPG,,,Hannas800,52182.JPG,
CANDY WITCH HALLOWEEN SIGN 2 ASST.,52186,,,In stock,$4.00,,,Wood; 15¾”W x 15¾”H x 1½”D,,6,$8.00,,,,,6,Hannas400,Hannas160,https://www.hannashandiworks.com/media/catalog/product/cache/bbf624d4e302b71a44cbbfb433873131/5/2/52186.JPG,52186.JPG,,,Hannas800,52186.JPG,
WELCOME POTION TABLETOP,52196,,,In stock,,,,Wood; 13¾”W x 6½”H x 1½”D,,6,$6.00,12,$5.50,,,6,Hannas400,Hannas160,https://www.hannashandiworks.com/media/catalog/product/cache/bbf624d4e302b71a44cbbfb433873131/5/2/52196.JPG,52196.JPG,,,Hannas800,52196.JPG,
SPOOKY FRIENDS TRIO TABLETOP 3 ASST.,52197,,,,$3.45,,,Wood; 9½”W x 5¾-7¾”H x 1”D,,NA,$6.90,,,,,NA,Hannas400,Hannas160,https://www.hannashandiworks.com/media/catalog/product/cache/bbf624d4e302b71a44cbbfb433873131/5/2/52197.JPG,52197.JPG,,,Hannas800,52197.JPG,
GHOST AND PUMPKIN HALLOWEEN SIGN 2 ASST.,52201,,,In stock,$3.75,,,Wood/Metal/Rope; 9½”W x 18”H x ½”D,,6,$7.50,,,,,6,Hannas400,Hannas160,https://www.hannashandiworks.com/media/catalog/product/cache/bbf624d4e302b71a44cbbfb433873131/5/2/52201.JPG,52201.JPG,,,Hannas800,52201.JPG,
SPIDER SKULL HANGER 2 ASST,53026,,,In stock,$2.95,,,Wood/Mixed Materials; 7¾”W x 14¾”H x ½”D,,4,$5.90,,,,,4,Hannas400,Hannas160,https://www.hannashandiworks.com/media/catalog/product/cache/bbf624d4e302b71a44cbbfb433873131/5/3/53026.JPG,53026.JPG,,,Hannas800,53026.JPG,
TRICK OR TREAT BLOCK TABLETOP,53030,,,In stock,,,,Wood/Metal; 4”W x 4”H x 1½”D,,6,$3.25,12,$3.00,24,$2.75,6,Hannas400,Hannas160,https://www.hannashandiworks.com/media/catalog/product/cache/bbf624d4e302b71a44cbbfb433873131/5/3/53030.JPG,53030.JPG,,,Hannas800,53030.JPG,
JACK SKELETON EASEL WITH LIGHTS,53037,,b'Lights Up! Wood & Mixed Materials; Requires 2 AA Batteries; Not Included',In stock,$15.50,,,Lights Up! Wood & Mixed Materials; Requires 2 AA Batteries; Not Included,,4,$31.00,,,,,4,Hannas400,Hannas160,https://www.hannashandiworks.com/media/catalog/product/cache/bbf624d4e302b71a44cbbfb433873131/5/3/53037-cob.jpg,53037-cob.jpg,,,Hannas800,53037-cob.jpg,
HALLOWEEN TABLETOP EASEL 2 ASST,53040,,,,,,,Wood; 6”W x 9¾”H x 6”D,,NA,$5.00,12,$4.75,24,$4.50,NA,Hannas400,Hannas160,https://www.hannashandiworks.com/media/catalog/product/cache/bbf624d4e302b71a44cbbfb433873131/5/3/53040.JPG,53040.JPG,,,Hannas800,53040.JPG,
HAPPY HALLOWEEN BLOCK TABLETOP 2 ASST,53041,,,In stock,,,,Metal/Wood; 8”W x 8”H x 1½”D,,6,$5.00,12,$4.75,24,$4.50,6,Hannas400,Hannas160,https://www.hannashandiworks.com/media/catalog/product/cache/bbf624d4e302b71a44cbbfb433873131/5/3/53041.JPG,53041.JPG,,,Hannas800,53041.JPG,
BLACK AND WHITE HALLOWEEN EASEL FRAME,53043,,,In stock,,,,Wood/Mixed Materials; 8¾”W x 7½”H x 4¼”D,,6,$6.50,12,$6.00,24,$5.50,6,Hannas400,Hannas160,https://www.hannashandiworks.com/media/catalog/product/cache/bbf624d4e302b71a44cbbfb433873131/5/3/53043.JPG,53043.JPG,,,Hannas800,53043.JPG,
GHOST AND WITCH HAT GARLAND 2 ASST,53077,,,In stock,$3.63,,,"Over 6' Wide! Fabric/Rope; Witch Hat Garland: 77”W; Ghost Garland: 86""W; Hat: 3""Dia x 4""H; Ghost: 3""W x 4""H x ¾""D",,6,$7.25,,,,,6,Hannas400,Hannas160,https://www.hannashandiworks.com/media/catalog/product/cache/bbf624d4e302b71a44cbbfb433873131/5/3/53077.JPG,53077.JPG,,,Hannas800,53077.JPG,
TRICK OR TREAT LIGHT UP WOODEN SIGN,53104,,"b'Lights up! Requires 2 AAA batteries, not included. Wood and Rope; 7.25""W x 28""H x 1.25""D'",In stock,,,,"Lights up! Requires 2 AAA batteries, not included. Wood and Rope; 7.25""W x 28""H x 1.25""D",,6,$9.50,12,$9.00,24,$8.50,6,Hannas400,Hannas160,https://www.hannashandiworks.com/media/catalog/product/cache/bbf624d4e302b71a44cbbfb433873131/5/3/53104.JPG,53104.JPG,,,Hannas800,53104.JPG,
TRICK OR TREAT PORCH SIGN,53110,,,In stock,$13.90,,,Over 2' Tall! Wood/Mixed Materials; 6”W x 31½”H x ½”D,,4,$17.90,,,,,4,Hannas400,Hannas160,https://www.hannashandiworks.com/media/catalog/product/cache/bbf624d4e302b71a44cbbfb433873131/5/3/53110.JPG,53110.JPG,,,Hannas800,53110.JPG,
HALLOWEEN PUMPKIN CAT COOKIE JAR,53116,,,,$6.90,,,Ceramic; 6¾”Dia x 8½”H,,NA,$11.90,,,,,NA,Hannas400,Hannas160,https://www.hannashandiworks.com/media/catalog/product/cache/bbf624d4e302b71a44cbbfb433873131/5/3/53116-cob.jpg,53116-cob.jpg,,,Hannas800,53116-cob.jpg,
HALLOWEEN PUMPKINS SALT AND PEPPER SET,53119,,,In stock,$1.88,,,Ceramic; 2½”W x 2¼”H x 2”D,,4,$3.75,,,,,4,Hannas400,Hannas160,https://www.hannashandiworks.com/media/catalog/product/cache/bbf624d4e302b71a44cbbfb433873131/5/3/53119.JPG,53119.JPG,,,Hannas800,53119.JPG,
POISON COOKIE JARS,53120,,,,$9.25,,,Ceramic; 6½”Dia x 7½”H,,NA,$11.00,,,,,NA,Hannas400,Hannas160,https://www.hannashandiworks.com/media/catalog/product/cache/bbf624d4e302b71a44cbbfb433873131/5/3/53120.JPG,53120.JPG,,,Hannas800,53120.JPG,
HALLOWEEN JACKOLANTERN TRUCK STAKE,53147,,,In stock,,,,Metal; 15”W x 19¼”H x 1”D,,4,$12.50,8,$11.50,,,4,Hannas400,Hannas160,https://www.hannashandiworks.com/media/catalog/product/cache/bbf624d4e302b71a44cbbfb433873131/5/3/53147.JPG,53147.JPG,,,Hannas800,53147.JPG,
HAPPY JACK PUMPKIN STAKE 2 ASST,53148,,,,$3.75,,,Over 2' Tall! Metal; 8¼-9½”W x 35½”H x 1”D,,NA,$7.50,,,,,NA,Hannas400,Hannas160,https://www.hannashandiworks.com/media/catalog/product/cache/bbf624d4e302b71a44cbbfb433873131/5/3/53148.JPG,53148.JPG,,,Hannas800,53148.JPG,
BOWTIE BOO GHOST STAKE,53149,,,In stock,$17.50,,,Over 2' Tall! Metal; 17”W x 32”H x 1”D,,4,$22.00,,,,,4,Hannas400,Hannas160,https://www.hannashandiworks.com/media/catalog/product/cache/bbf624d4e302b71a44cbbfb433873131/5/3/53149.JPG,53149.JPG,,,Hannas800,53149.JPG,
VINTAGE HALLOWEEN METAL SIGN 4 ASST,54015,,"b'Metal/Rope Hanger; 11\xbe""W x 19\xbc""H x \xbc""D'",In stock,,,,"Metal/Rope Hanger; 11¾""W x 19¼""H x ¼""D",,8,$3.75,16,$3.50,24,$3.25,8,Hannas400,Hannas160,https://www.hannashandiworks.com/media/catalog/product/cache/bbf624d4e302b71a44cbbfb433873131/5/4/54015.JPG,54015.JPG,,,Hannas800,54015.JPG,
CERAMIC HALLOWEEN PUMPKIN COOKIE JAR 2 ASST,54025,,,In stock,$6.50,,,Glazed Ceramic; 5¾”Dia x 6”H,,4,$9.25,,,,,4,Hannas400,Hannas160,https://www.hannashandiworks.com/media/catalog/product/cache/bbf624d4e302b71a44cbbfb433873131/5/4/54025-cob.jpg,54025-cob.jpg,,,Hannas800,54025-cob.jpg,
SPOOKY JACK LIGHT UP 3 ASST LARGE,54036,,"b'Skull Lights! Fabric; 7""Dia x 18\xbd""H; Requires 2 AAA Batteries; Not Included'",In stock,,,,"Skull Lights! Fabric; 7""Dia x 18½""H; Requires 2 AAA Batteries; Not Included",,6,$9.25,12,$8.75,24,$8.25,6,Hannas400,Hannas160,https://www.hannashandiworks.com/media/catalog/product/cache/bbf624d4e302b71a44cbbfb433873131/5/4/54036.JPG,54036.JPG,,,Hannas800,54036.JPG,
HAPPY JACK WOODEN PUMPKIN WITH LIGHTS,54040,,"b'Lights Up! Wood; 15""W x 18.25""H x 3""D; Requires 2 AA batteries; not included'",In stock,,,,"Lights Up! Wood; 15""W x 18.25""H x 3""D; Requires 2 AA batteries; not included",,2,$22.50,4,$19.50,,,2,Hannas400,Hannas160,https://www.hannashandiworks.com/media/catalog/product/cache/bbf624d4e302b71a44cbbfb433873131/5/4/54040.JPG,54040.JPG,,,Hannas800,54040.JPG,
MOON WITCH WOODEN STANDER WITH LIGHTS,54041,,"b'Lights Up! Wood/Metal; 16""W x 20\xbc""H x 3\xbc""D; Requires 2 AA Batteries; Not Included; Battery settings are on/off/flash/timer'",,,,,"Lights Up! Wood/Metal; 16""W x 20¼""H x 3¼""D; Requires 2 AA Batteries; Not Included; Battery settings are on/off/flash/timer",,NA,$18.75,4,$18.00,8,$17.25,NA,Hannas400,Hannas160,https://www.hannashandiworks.com/media/catalog/product/cache/bbf624d4e302b71a44cbbfb433873131/5/4/54041.JPG,54041.JPG,,,Hannas800,54041.JPG,
TOP HAT SKULL STANDER,54050,,,In stock,,,,Over 2' Tall! Wood; 16W x 28½”H x 4”D,,2,$19.75,4,$18.75,,,2,Hannas400,Hannas160,https://www.hannashandiworks.com/media/catalog/product/cache/bbf624d4e302b71a44cbbfb433873131/5/4/54050.JPG,54050.JPG,,,Hannas800,54050.JPG,
BOO GHOST WOODEN STANDER,54051,,,In stock,,,,Over 2' Tall! Wood/Mixed Materials; 19”W x 32¼”H x 5¼”D,,2,$32.50,,,,,2,Hannas400,Hannas160,https://www.hannashandiworks.com/media/catalog/product/cache/bbf624d4e302b71a44cbbfb433873131/5/4/54051.JPG,54051.JPG,,,Hannas800,54051.JPG,
BOO CARVED SPIDER IN PUMPKIN LIGHT UP,54053,,"b'Lights Up! Wood; 15\xbe""W x 16\xbc""H x 4\xbe""D; Requires 3 AA batteries; not included'",In stock,,,,"Lights Up! Wood; 15¾""W x 16¼""H x 4¾""D; Requires 3 AA batteries; not included",,2,$18.75,,,,,2,Hannas400,Hannas160,https://www.hannashandiworks.com/media/catalog/product/cache/bbf624d4e302b71a44cbbfb433873131/5/4/54053.JPG,54053.JPG,,,Hannas800,54053.JPG,
SPOOKY COILED SNAKE 3 ASST,54056,,,In stock,,,,Fabric; 7”W x 9¾”H x 6¾”D,,6,$7.75,12,$7.25,24,$6.75,6,Hannas400,Hannas160,https://www.hannashandiworks.com/media/catalog/product/cache/bbf624d4e302b71a44cbbfb433873131/5/4/54056.JPG,54056.JPG,,,Hannas800,54056.JPG,
SPOOKY JACK PILLOW 2 ASST,54058,,,In stock,,,,Fabric; 14”W x 14”H x 5½”D,,6,$13.50,12,$13.00,24,$12.50,6,Hannas400,Hannas160,https://www.hannashandiworks.com/media/catalog/product/cache/bbf624d4e302b71a44cbbfb433873131/5/4/54058.JPG,54058.JPG,,,Hannas800,54058.JPG,
COFFIN TRICK OR TREAT JACK PORCH SIGN,54066,,"b'Over 3\' Tall! Wood; 13\xbe""W x 40""H \xbd""D'",In stock,,,,"Over 3' Tall! Wood; 13¾""W x 40""H ½""D",,4,$16.50,8,$9.90,,,4,Hannas400,Hannas160,https://www.hannashandiworks.com/media/catalog/product/cache/bbf624d4e302b71a44cbbfb433873131/5/4/54066.JPG,54066.JPG,,,Hannas800,54066.JPG,
PRIMITIVE HALLOWEEN STRETCH LEGS 4 ASST,54075,,,In stock,$15.75,,,Fabric/Mixed Materials; 9-12”W x 18½-35”H x 5-7”D,,8,$20.00,,,,,8,Hannas400,Hannas160,https://www.hannashandiworks.com/media/catalog/product/cache/bbf624d4e302b71a44cbbfb433873131/5/4/54075.JPG,54075.JPG,,,Hannas800,54075.JPG,
PRIMITIVE HALLOWEEN ORNAMENT 4 AST,54078,,"b'Fabric/Mixed Material; 3""W x 4\xbd-6\xbd""H x 1\xbe""D'",,,,,"Fabric/Mixed Material; 3""W x 4½-6½""H x 1¾""D",,NA,$2.75,48,$2.50,,,NA,Hannas400,Hannas160,https://www.hannashandiworks.com/media/catalog/product/cache/bbf624d4e302b71a44cbbfb433873131/5/4/54078.JPG,54078.JPG,,,Hannas800,54078.JPG,
HALLOWEEN GIANT SPIDER 3 ASST,54105,,"b'Over 5\' Wide! Fabric; 64""W x 6""H 33""D'",In stock,$10.50,,,"Over 5' Wide! Fabric; 64""W x 6""H 33""D",,6,$13.00,,,,,6,Hannas400,Hannas160,https://www.hannashandiworks.com/media/catalog/product/cache/bbf624d4e302b71a44cbbfb433873131/5/4/54105.JPG,54105.JPG,,,Hannas800,54105.JPG,
STRIPEY WICKED WITCH TABLETOP 3 ASST,55001,,"b'Fabric, Resin & Mixed Materials; 8.5"" Dia x 17.5""H'",In stock,,,,"Fabric, Resin & Mixed Materials; 8.5"" Dia x 17.5""H",,6,$11.25,12,$10.75,24,$10.25,6,Hannas400,Hannas160,https://www.hannashandiworks.com/media/catalog/product/cache/bbf624d4e302b71a44cbbfb433873131/5/5/55001.JPG,55001.JPG,,,Hannas800,55001.JPG,
WICKED WITCH DANGLE LEG 3 ASST,55002,,"b'Fabric/Mixed Materials; 5""W x 22""H x 7.5""D'",In stock,,,,"Fabric/Mixed Materials; 5""W x 22""H x 7.5""D",,6,$12.65,12,$11.15,24,$10.65,6,Hannas400,Hannas160,https://www.hannashandiworks.com/media/catalog/product/cache/bbf624d4e302b71a44cbbfb433873131/5/5/55002.JPG,55002.JPG,,,Hannas800,55002.JPG,
WITCHY HAT 3 ASST,55003,,"b'Hats are wearable. Fabric/Mixed Materials; 19""Dia x 21""H'",In stock,$10.90,,,"Hats are wearable. Fabric/Mixed Materials; 19""Dia x 21""H",,9,$14.50,,,,,9,Hannas400,Hannas160,https://www.hannashandiworks.com/media/catalog/product/cache/bbf624d4e302b71a44cbbfb433873131/5/5/55003.JPG,55003.JPG,,,Hannas800,55003.JPG,
WICKED WITCH TABLETOP 3 ASST,55004,,"b'Fabric, Resin & Mixed Materials; 8.5"" Dia x 21""H'",In stock,,,,"Fabric, Resin & Mixed Materials; 8.5"" Dia x 21""H",,6,$11.90,12,$11.40,24,$10.90,6,Hannas400,Hannas160,https://www.hannashandiworks.com/media/catalog/product/cache/bbf624d4e302b71a44cbbfb433873131/5/5/55004.JPG,55004.JPG,,,Hannas800,55004.JPG,
SPOOKY SKELETON STAKE 2 ASST,55006,,"b'Over 4\' Tall! Metal; 19.5-21""W x 48-53""H x 1""D'",In stock,$15.50,,,"Over 4' Tall! Metal; 19.5-21""W x 48-53""H x 1""D",,6,$19.90,,,,,6,Hannas400,Hannas160,https://www.hannashandiworks.com/media/catalog/product/cache/bbf624d4e302b71a44cbbfb433873131/5/5/55006.JPG,55006.JPG,,,Hannas800,55006.JPG,
HALLOWEEN TRUCK STAKE,55007,,"b'Over 2\' Tall! Metal; 31.75""W x 31.5""H x 1.25""D'",In stock,,,,"Over 2' Tall! Metal; 31.75""W x 31.5""H x 1.25""D",,4,$13.50,,,,,4,Hannas400,Hannas160,https://www.hannashandiworks.com/media/catalog/product/cache/bbf624d4e302b71a44cbbfb433873131/5/5/55007.JPG,55007.JPG,,,Hannas800,55007.JPG,
WACKY HALLOWEEN FRIENDS STANDER 3 ASST,55010,,"b'Weighted feet allow characters to stand upright when placed on flat, level surface. Fabric; 6.25""W x 17.5""H x 3.75""D'",In stock,,,,"Weighted feet allow characters to stand upright when placed on flat, level surface. Fabric; 6.25""W x 17.5""H x 3.75""D",,6,$11.50,12,$11.00,24,$10.50,6,Hannas400,Hannas160,https://www.hannashandiworks.com/media/catalog/product/cache/bbf624d4e302b71a44cbbfb433873131/5/5/55010.JPG,55010.JPG,,,Hannas800,55010.JPG,
SKELETON BONE DOG TABLETOP,55011,,"b'Fabric; 11""W x 10""H x 11.75""D'",In stock,,,,"Fabric; 11""W x 10""H x 11.75""D",,4,$11.50,8,$11.00,,,4,Hannas400,Hannas160,https://www.hannashandiworks.com/media/catalog/product/cache/bbf624d4e302b71a44cbbfb433873131/5/5/55011.JPG,55011.JPG,,,Hannas800,55011.JPG,
NIGHT EYES CREEPY KITTY LIGHT UP TABLETOP,55012,,"b'Lights Up! Requires 3 LR44 Batteriers; Not Included. Fabric; 5.75""W x 18.5""H x 12""D'",In stock,,,,"Lights Up! Requires 3 LR44 Batteriers; Not Included. Fabric; 5.75""W x 18.5""H x 12""D",,6,$10.50,,,,,6,Hannas400,Hannas160,https://www.hannashandiworks.com/media/catalog/product/cache/bbf624d4e302b71a44cbbfb433873131/5/5/55012.JPG,55012.JPG,,,Hannas800,55012.JPG,
WACKY HALLOWEEN FRIENDS PILLOW 3 ASST,55013,,"b'Fabric; 12-14""W x 13.5""H x 4.75""D'",In stock,$10.25,,,"Fabric; 12-14""W x 13.5""H x 4.75""D",,6,$13.75,,,,,6,Hannas400,Hannas160,https://www.hannashandiworks.com/media/catalog/product/cache/bbf624d4e302b71a44cbbfb433873131/5/5/55013.JPG,55013.JPG,,,Hannas800,55013.JPG,
WACKY HALLOWEEN FRIENDS DANGLE LEG 3 ASST,55014,,"b'Fabric; 7.25""W x 22""H x 4.5""D'",In stock,,,,"Fabric; 7.25""W x 22""H x 4.5""D",,6,$12.50,12,$12.00,24,$11.50,6,Hannas400,Hannas160,https://www.hannashandiworks.com/media/catalog/product/cache/bbf624d4e302b71a44cbbfb433873131/5/5/55014.JPG,55014.JPG,,,Hannas800,55014.JPG,
WACKY JACK O LANTERN TABLETOP,55015,,"b'Fabric & Twine; 12""Diameter x 12.5""H'",In stock,,,,"Fabric & Twine; 12""Diameter x 12.5""H",,4,$15.75,,,,,4,Hannas400,Hannas160,https://www.hannashandiworks.com/media/catalog/product/cache/bbf624d4e302b71a44cbbfb433873131/5/5/55015.JPG,55015.JPG,,,Hannas800,55015.JPG,
ANIMATED WACKY WITCH WALL HANGER,55016,,"b'Hangs 2\' Tall! Cackles and kicks legs; Requires 3 AA batteries, not included. Fabric and Mixed Material; 10.75""W x 24""H x 4""D'",In stock,,,,"Hangs 2' Tall! Cackles and kicks legs; Requires 3 AA batteries, not included. Fabric and Mixed Material; 10.75""W x 24""H x 4""D",,4,$15.20,,,,,4,Hannas400,Hannas160,https://www.hannashandiworks.com/media/catalog/product/cache/bbf624d4e302b71a44cbbfb433873131/5/5/55016.JPG,55016.JPG,,,Hannas800,55016.JPG,
WACKY WITCH SKELETON STANDER 2 ASST,55017,,"b'Weighted feet allow characters to stand upright when placed on flat, level surface. Fabric; 6""W x 18""H x 3.75""D'",In stock,,,,"Weighted feet allow characters to stand upright when placed on flat, level surface. Fabric; 6""W x 18""H x 3.75""D",,6,$10.50,12,$10.00,,,6,Hannas400,Hannas160,https://www.hannashandiworks.com/media/catalog/product/cache/bbf624d4e302b71a44cbbfb433873131/5/5/55017.JPG,55017.JPG,,,Hannas800,55017.JPG,
CREEPY EYEBALL LIGHT UP 2 ASST,55018,,"b'Lights Up! Requires LR 41 batteries, not included. Fabric; 2.25"" Diameter x 2.25""H'",In stock,,,,"Lights Up! Requires LR 41 batteries, not included. Fabric; 2.25"" Diameter x 2.25""H",,12,$3.50,24,$3.25,48,$3.00,12,Hannas400,Hannas160,https://www.hannashandiworks.com/media/catalog/product/cache/bbf624d4e302b71a44cbbfb433873131/5/5/55018-new.jpg,55018-new.jpg,,,Hannas800,55018-new.jpg,
WACKY ANIMATED GHOST TABLETOP,55019,,"b'Animated Cackle and Dances. Requires 3 AA batteries, not included. Fabric; 8.75""W x 17.25""H x 4.5""D'",In stock,,,,"Animated Cackle and Dances. Requires 3 AA batteries, not included. Fabric; 8.75""W x 17.25""H x 4.5""D",,4,$13.90,,,,,4,Hannas400,Hannas160,https://www.hannashandiworks.com/media/catalog/product/cache/bbf624d4e302b71a44cbbfb433873131/5/5/55019-new.JPG,55019-new.JPG,,,Hannas800,55019-new.JPG,
SKELETON COUPLE STANDER 2 ASST,55021,,"b'Fabric/Mixed Materials; 5.25""W x 15-16""H x 4""D'",In stock,,,,"Fabric/Mixed Materials; 5.25""W x 15-16""H x 4""D",,6,$14.90,12,$14.40,,,6,Hannas400,Hannas160,https://www.hannashandiworks.com/media/catalog/product/cache/bbf624d4e302b71a44cbbfb433873131/5/5/55021.JPG,55021.JPG,,,Hannas800,55021.JPG,
VAMPIRE BAT GNOME STANDER 2 ASST,55022,,"b'Fabric; 10""W x 19.5""H x 4.25""D'",In stock,,,,"Fabric; 10""W x 19.5""H x 4.25""D",,6,$9.90,12,$9.40,,,6,Hannas400,Hannas160,https://www.hannashandiworks.com/media/catalog/product/cache/bbf624d4e302b71a44cbbfb433873131/5/5/55022.JPG,55022.JPG,,,Hannas800,55022.JPG,
SKELETON COUPLE STRETCH LEG 2 ASST,55023,,"b'Stretch Legs! Over 2\' Tall! Fabric/Mixed Materials; 7.75""W x 22-32""H x 5.25""D'",In stock,$18.75,,,"Stretch Legs! Over 2' Tall! Fabric/Mixed Materials; 7.75""W x 22-32""H x 5.25""D",,4,$24.50,,,,,4,Hannas400,Hannas160,https://www.hannashandiworks.com/media/catalog/product/cache/bbf624d4e302b71a44cbbfb433873131/5/5/55023.JPG,55023.JPG,,,Hannas800,55023.JPG,
PUMPKIN PLAID DANGLE LEG 2 ASST,55025,,"b'Fabric/Mixed Material; 7.5""W x 23.5""H x 6.5""D'",In stock,,,,"Fabric/Mixed Material; 7.5""W x 23.5""H x 6.5""D",,6,$13.75,12,$13.00,24,$12.25,6,Hannas400,Hannas160,https://www.hannashandiworks.com/media/catalog/product/cache/bbf624d4e302b71a44cbbfb433873131/5/5/55025.JPG,55025.JPG,,,Hannas800,55025.JPG,
WIZARD FROG JACK O LANTERN WITH LIGHTS,55030,,"b'Lights Up! Requires 3 AAA batteries, not included. Composite Resin; 7""Dia x 13.25""H'",In stock,,,,"Lights Up! Requires 3 AAA batteries, not included. Composite Resin; 7""Dia x 13.25""H",,4,$14.75,8,$14.25,12,$13.75,4,Hannas400,Hannas160,https://www.hannashandiworks.com/media/catalog/product/cache/bbf624d4e302b71a44cbbfb433873131/5/5/55030.JPG,55030.JPG,,,Hannas800,55030.JPG,
SINISTER SKELETON WITH LIGHTS TABLETOP,55032,,"b'Lights Up! Requires 3 AAA batteries, not included. Composite Resin; 7.75""W x 15.5""H x 7""D'",In stock,,,,"Lights Up! Requires 3 AAA batteries, not included. Composite Resin; 7.75""W x 15.5""H x 7""D",,4,$19.75,8,$18.75,,,4,Hannas400,Hannas160,https://www.hannashandiworks.com/media/catalog/product/cache/bbf624d4e302b71a44cbbfb433873131/5/5/55032.JPG,55032.JPG,,,Hannas800,55032.JPG,
WIZARD GHOST JACK O LANTERN WITH LIGHTS,55034,,"b'Lights Up! Requires 3 AA batteries, not included. Composite Resin; 8.5""W x 17.5""H x 6.25""D'",In stock,,,,"Lights Up! Requires 3 AA batteries, not included. Composite Resin; 8.5""W x 17.5""H x 6.25""D",,4,$22.50,8,$21.50,,,4,Hannas400,Hannas160,https://www.hannashandiworks.com/media/catalog/product/cache/bbf624d4e302b71a44cbbfb433873131/5/5/55034.JPG,55034.JPG,,,Hannas800,55034.JPG,
SPOOKY GNOME WITH LANTERN STANDER,55035,,"b'Lantern holds tealight candle; not included. Composite Resin; 8.5""W x 17.75""H x 6.25""D'",In stock,,,,"Lantern holds tealight candle; not included. Composite Resin; 8.5""W x 17.75""H x 6.25""D",,4,$19.75,8,$18.75,,,4,Hannas400,Hannas160,https://www.hannashandiworks.com/media/catalog/product/cache/bbf624d4e302b71a44cbbfb433873131/5/5/55035.JPG,55035.JPG,,,Hannas800,55035.JPG,
JACK O LANTERN TEALIGHT HOLDER TABLETOP,55038,,"b'Composite Resin; 9.25""Diameter x 12.75""H'",In stock,,,,"Composite Resin; 9.25""Diameter x 12.75""H",,4,$19.90,8,$18.90,16,$17.90,4,Hannas400,Hannas160,https://www.hannashandiworks.com/media/catalog/product/cache/bbf624d4e302b71a44cbbfb433873131/5/5/55038.JPG,55038.JPG,,,Hannas800,55038.JPG,
GHOST AND JACK STACK WITH LIGHTS,55039,,"b'Lights Up! Multicolors! Requires 3 AAA batteries, not included. Composite Resin; 7.75""W x 18""H x 6.75""D'",In stock,,,,"Lights Up! Multicolors! Requires 3 AAA batteries, not included. Composite Resin; 7.75""W x 18""H x 6.75""D",,4,$21.50,8,$20.50,16,$19.50,4,Hannas400,Hannas160,https://www.hannashandiworks.com/media/catalog/product/cache/bbf624d4e302b71a44cbbfb433873131/5/5/55039.JPG,55039.JPG,,,Hannas800,55039.JPG,
WITCH HAT TABLETOP LIGHT UP,55040,,"b'Lights Up! Multicolors! Requires 3 AAA batteries, not included. Composite Resin; 9.75""Dia x 15.25""H'",In stock,,,,"Lights Up! Multicolors! Requires 3 AAA batteries, not included. Composite Resin; 9.75""Dia x 15.25""H",,4,$20.50,8,$19.50,16,$18.50,4,Hannas400,Hannas160,https://www.hannashandiworks.com/media/catalog/product/cache/bbf624d4e302b71a44cbbfb433873131/5/5/55040.JPG,55040.JPG,,,Hannas800,55040.JPG,
GHOST ON JACK O LANTERN TEALIGHT HOLDER,55041,,"b'Composite Resin; 7.75""Dia x 15.5""H'",In stock,,,,"Composite Resin; 7.75""Dia x 15.5""H",,4,$19.50,8,$18.50,16,$17.50,4,Hannas400,Hannas160,https://www.hannashandiworks.com/media/catalog/product/cache/bbf624d4e302b71a44cbbfb433873131/5/5/55041.JPG,55041.JPG,,,Hannas800,55041.JPG,
TOMBSTONE BOO SKULLY LIGHT UP,55042,,"b'Lights Up! Multicolors! Requires 3 AAA batteries, not included. Composite Resin; 12.25""W x 18.5""H x 5.75""D'",In stock,,,,"Lights Up! Multicolors! Requires 3 AAA batteries, not included. Composite Resin; 12.25""W x 18.5""H x 5.75""D",,2,$24.75,4,$23.75,,,2,Hannas400,Hannas160,https://www.hannashandiworks.com/media/catalog/product/cache/bbf624d4e302b71a44cbbfb433873131/5/5/55042.JPG,55042.JPG,,,Hannas800,55042.JPG,
TOMBSTONE RIP CANDLES LIGHT UP,55043,,"b'Lights Up! Requires 3 AAA batteries, not included. Composite Resin; 12""W x 18.25""H x 6""D'",In stock,,,,"Lights Up! Requires 3 AAA batteries, not included. Composite Resin; 12""W x 18.25""H x 6""D",,2,$24.75,4,$23.75,,,2,Hannas400,Hannas160,https://www.hannashandiworks.com/media/catalog/product/cache/bbf624d4e302b71a44cbbfb433873131/5/5/55043.JPG,55043.JPG,,,Hannas800,55043.JPG,
WITCHY BOOT AND BAT LIGHT UP STANDER,55045,,"b'Lights Up! Requires 2 AA batteries, not included. 3 modes: timer, timer flash, and off. Wood/Mixed Material; 15""W x 23""H x 3""D'",In stock,$24.00,,,"Lights Up! Requires 2 AA batteries, not included. 3 modes: timer, timer flash, and off. Wood/Mixed Material; 15""W x 23""H x 3""D",,2,$29.50,,,,,2,Hannas400,Hannas160,https://www.hannashandiworks.com/media/catalog/product/cache/bbf624d4e302b71a44cbbfb433873131/5/5/55045.JPG,55045.JPG,,,Hannas800,55045.JPG,
WOODEN WITCH HAT STANDER,55046,,"b'Wood; 16.5""W x 15.75""H x 2.25""D'",In stock,,,,"Wood; 16.5""W x 15.75""H x 2.25""D",,4,$13.75,8,$13.00,,,4,Hannas400,Hannas160,https://www.hannashandiworks.com/media/catalog/product/cache/bbf624d4e302b71a44cbbfb433873131/5/5/55046.JPG,55046.JPG,,,Hannas800,55046.JPG,
WOODEN JACK O LANTERN STANDER,55047,,"b'Wood/Metal; 7.25""W x 15.75""H x 2.25""D'",In stock,,,,"Wood/Metal; 7.25""W x 15.75""H x 2.25""D",,4,$8.50,8,$8.00,16,$7.50,4,Hannas400,Hannas160,https://www.hannashandiworks.com/media/catalog/product/cache/bbf624d4e302b71a44cbbfb433873131/5/5/55047.JPG,55047.JPG,,,Hannas800,55047.JPG,
SPOOKY BLACK CAT TABLETOP,55050,,"b'Wood; 12.5""W x 14""H x 2""D'",In stock,$11.75,,,"Wood; 12.5""W x 14""H x 2""D",,6,$14.50,,,,,6,Hannas400,Hannas160,https://www.hannashandiworks.com/media/catalog/product/cache/bbf624d4e302b71a44cbbfb433873131/5/5/55050.JPG,55050.JPG,,,Hannas800,55050.JPG,
BOO GHOST AND JACK O LANTERN EASEL,55052,,"b'Wood/Mixed Materials; 12.75""W x 18.5""H x 3.25""D'",In stock,,,,"Wood/Mixed Materials; 12.75""W x 18.5""H x 3.25""D",,6,$12.90,12,$12.40,24,$11.90,6,Hannas400,Hannas160,https://www.hannashandiworks.com/media/catalog/product/cache/bbf624d4e302b71a44cbbfb433873131/5/5/55052.JPG,55052.JPG,,,Hannas800,55052.JPG,
TRICK OR TREAT GHOST EASEL,55053,,"b'Wood/Mixed Materials; 11.5""W x 14.25""H x 3.25""D'",In stock,,,,"Wood/Mixed Materials; 11.5""W x 14.25""H x 3.25""D",,6,$10.90,12,$10.40,24,$9.90,6,Hannas400,Hannas160,https://www.hannashandiworks.com/media/catalog/product/cache/bbf624d4e302b71a44cbbfb433873131/5/5/55053.JPG,55053.JPG,,,Hannas800,55053.JPG,
TRICK OR TREAT WREATH,55054,,"b'Wood/Mixed Materials; 11.75""Dia x 1.5""D'",In stock,$11.50,,,"Wood/Mixed Materials; 11.75""Dia x 1.5""D",,6,$15.50,,,,,6,Hannas400,Hannas160,https://www.hannashandiworks.com/media/catalog/product/cache/bbf624d4e302b71a44cbbfb433873131/5/5/55054.JPG,55054.JPG,,,Hannas800,55054.JPG,
WITCH HAT JACK'O'LANTERN EASEL,55055,,"b'Wood/Mixed Materials; 12.5""W x 13.75""H x 3""D'",,,,,"Wood/Mixed Materials; 12.5""W x 13.75""H x 3""D",,NA,$11.50,12,$11.00,24,$10.50,NA,Hannas400,Hannas160,https://www.hannashandiworks.com/media/catalog/product/cache/bbf624d4e302b71a44cbbfb433873131/5/5/55055.JPG,55055.JPG,,,Hannas800,55055.JPG,
HALLOWEEN FRIENDS ORNAMENT WITH DISPLAY 4 ASST,55056,,"b'Wood/Wire; Display: 11""W x 12.25""H x 7.75""D; Ornaments: 2.25-3.25""W x 5-5.75""H x .25""D'",In stock,,,,"Wood/Wire; Display: 11""W x 12.25""H x 7.75""D; Ornaments: 2.25-3.25""W x 5-5.75""H x .25""D",,72,$1.85,144,$1.65,,,72,Hannas400,Hannas160,https://www.hannashandiworks.com/media/catalog/product/cache/bbf624d4e302b71a44cbbfb433873131/5/5/55056.JPG,55056.JPG,,,Hannas800,55056.JPG,
HAUNTED HOUSE WINDOW HANGER 2 ASST,55057,,"b'Wood/Rope Hanger; 8.5""W x 15""H x .5""D'",In stock,,,,"Wood/Rope Hanger; 8.5""W x 15""H x .5""D",,6,$8.25,12,$7.75,24,$7.25,6,Hannas400,Hannas160,https://www.hannashandiworks.com/media/catalog/product/cache/bbf624d4e302b71a44cbbfb433873131/5/5/55057.JPG,55057.JPG,,,Hannas800,55057.JPG,
HALLOWEEN FRIENDS PICK WITH DISPLAY 4 ASST,55058,,"b'Wood; Base: 9.75""W x 2.5""H x 4""D; Picks: 2-2.75""W x 11""H x .50""D'",In stock,,,,"Wood; Base: 9.75""W x 2.5""H x 4""D; Picks: 2-2.75""W x 11""H x .50""D",,24,$2.10,96,$1.90,,,24,Hannas400,Hannas160,https://www.hannashandiworks.com/media/catalog/product/cache/bbf624d4e302b71a44cbbfb433873131/5/5/55058.JPG,55058.JPG,,,Hannas800,55058.JPG,
BOO SPOOKY SCENE CUT OUT TABLETOP,55060,,"b'Wood; 8.75""W x 4""H x 1""D'",In stock,,,,"Wood; 8.75""W x 4""H x 1""D",,4,$4.00,12,$3.75,48,$3.50,4,Hannas400,Hannas160,https://www.hannashandiworks.com/media/catalog/product/cache/bbf624d4e302b71a44cbbfb433873131/5/5/55060.JPG,55060.JPG,,,Hannas800,55060.JPG,
SPIDER SPOOKY SCENE CUT OUT,55061,,"b'Wood; 6""W x 6.25""H x 1""D'",In stock,,,,"Wood; 6""W x 6.25""H x 1""D",,6,$4.90,12,$4.60,48,$4.30,6,Hannas400,Hannas160,https://www.hannashandiworks.com/media/catalog/product/cache/bbf624d4e302b71a44cbbfb433873131/5/5/55061.JPG,55061.JPG,,,Hannas800,55061.JPG,
PUMPKIN SPOOKY SCENE CUT OUT,55062,,"b'Wood; 6""W x 5.5""H x 1""D'",In stock,,,,"Wood; 6""W x 5.5""H x 1""D",,6,$4.25,12,$4.00,48,$3.75,6,Hannas400,Hannas160,https://www.hannashandiworks.com/media/catalog/product/cache/bbf624d4e302b71a44cbbfb433873131/5/5/55062.JPG,55062.JPG,,,Hannas800,55062.JPG,
HAUNTED HOUSE TABLETOP DECOR,55070,,"b'Metal/Wood; 15.75""W x 16.5""H x 2.25""D'",In stock,$11.25,,,"Metal/Wood; 15.75""W x 16.5""H x 2.25""D",,4,$14.90,,,,,4,Hannas400,Hannas160,https://www.hannashandiworks.com/media/catalog/product/cache/bbf624d4e302b71a44cbbfb433873131/5/5/55070.JPG,55070.JPG,,,Hannas800,55070.JPG,
CROW PERCH BOO TABLETOP DECOR,55071,,"b'Metal/Wood; 13.25""W x 7.25""H x 2.5""D'",In stock,,,,"Metal/Wood; 13.25""W x 7.25""H x 2.5""D",,4,$6.75,8,$6.25,,,4,Hannas400,Hannas160,https://www.hannashandiworks.com/media/catalog/product/cache/bbf624d4e302b71a44cbbfb433873131/5/5/55071.jpg,55071.jpg,,,Hannas800,55071.jpg,
TOP HAT SKELETON LAMP POST WITH LIGHT,55075,,"b'Lights Up! Requires 2 LR44 batteries, not included. Resin; 2.5""Dia x 12.75""H'",In stock,$11.25,,,"Lights Up! Requires 2 LR44 batteries, not included. Resin; 2.5""Dia x 12.75""H",,4,$15.50,,,,,4,Hannas400,Hannas160,https://www.hannashandiworks.com/media/catalog/product/cache/bbf624d4e302b71a44cbbfb433873131/5/5/55075.JPG,55075.JPG,,,Hannas800,55075.JPG,
BLACK SHROUD LANTERN WITH LIGHT,55076,,"b'Lights Up! Requires 4 LR44 batteries, not included (2 in base and 2 in lantern) Resin and Mixed Materials; 9""W x 16.25""H x 6""D'",In stock,$18.50,,,"Lights Up! Requires 4 LR44 batteries, not included (2 in base and 2 in lantern) Resin and Mixed Materials; 9""W x 16.25""H x 6""D",,4,$26.00,,,,,4,Hannas400,Hannas160,https://www.hannashandiworks.com/media/catalog/product/cache/bbf624d4e302b71a44cbbfb433873131/5/5/55076.JPG,55076.JPG,,,Hannas800,55076.JPG,
SPOOKY WITCHY BOOT TABLETOP,55078,,"b'Resin and Metal; 8.25""W x 15.5""H x 9""D'",In stock,,,,"Resin and Metal; 8.25""W x 15.5""H x 9""D",,4,$15.50,,,,,4,Hannas400,Hannas160,https://www.hannashandiworks.com/media/catalog/product/cache/bbf624d4e302b71a44cbbfb433873131/5/5/55078-2.JPG,55078-2.JPG,,,Hannas800,55078-2.JPG,
GHOSTLY DOG TRICK OR TREAT TABLETOP,55080,,"b'Resin; 4.25""W x 6""H x 3.25""D'",In stock,,,,"Resin; 4.25""W x 6""H x 3.25""D",,4,$7.00,12,$6.50,,,4,Hannas400,Hannas160,https://www.hannashandiworks.com/media/catalog/product/cache/bbf624d4e302b71a44cbbfb433873131/5/5/55080.JPG,55080.JPG,,,Hannas800,55080.JPG,
SPOOKY OWL TABLETOP 3 ASST,55081,,"b'Resin; 2.75""W x 3.25""H x 1.75""D'",In stock,,,,"Resin; 2.75""W x 3.25""H x 1.75""D",,6,$4.25,12,$3.75,,,6,Hannas400,Hannas160,https://www.hannashandiworks.com/media/catalog/product/cache/bbf624d4e302b71a44cbbfb433873131/5/5/55081-2.JPG,55081-2.JPG,,,Hannas800,55081-2.JPG,
SPOOKY HAUNTED HOUSE WITH LIGHTS 2 ASST,55082,,"b'Lights Up! Requires 2 LR44 batteries, not included. Resin; 5.5""W x 10.75""H x 3.75""D'",In stock,,,,"Lights Up! Requires 2 LR44 batteries, not included. Resin; 5.5""W x 10.75""H x 3.75""D",,4,$11.75,8,$11.25,16,$10.75,4,Hannas400,Hannas160,https://www.hannashandiworks.com/media/catalog/product/cache/bbf624d4e302b71a44cbbfb433873131/5/5/55082-2.JPG,55082-2.JPG,,,Hannas800,55082-2.JPG,
GHOST DOG WALKER TABLETOP 2 ASST,55083,,"b'Resin; 4""W x 5.75""H x 5.5""D'",In stock,,,,"Resin; 4""W x 5.75""H x 5.5""D",,4,$8.75,8,$8.25,16,$7.75,4,Hannas400,Hannas160,https://www.hannashandiworks.com/media/catalog/product/cache/bbf624d4e302b71a44cbbfb433873131/5/5/55083.JPG,55083.JPG,,,Hannas800,55083.JPG,
PAIL CUT OUT SPOOKY KITTY FACE 2 PIECE SET,55085,,"b'Metal; Large: 7.5""Dia x 8.25""H; Lg Handle: 8""H; Medium: 6.25""Dia x 7.25""H; Med Handle: 6.25""H'",In stock,,,,"Metal; Large: 7.5""Dia x 8.25""H; Lg Handle: 8""H; Medium: 6.25""Dia x 7.25""H; Med Handle: 6.25""H",,4,$10.50,8,$10.00,16,$9.50,4,Hannas400,Hannas160,https://www.hannashandiworks.com/media/catalog/product/cache/bbf624d4e302b71a44cbbfb433873131/5/5/55085.JPG,55085.JPG,,,Hannas800,55085.JPG,
PAIL CUT OUT JACK O LANTERN 2 PIECE SET,55087,,"b'Metal; Large: 8.25""Dia x 10.25""H; Lg Handle: 7.25""H; Medium: 6.25""Dia x 9""H; Med Handle: 5""H'",,$12.50,,,"Metal; Large: 8.25""Dia x 10.25""H; Lg Handle: 7.25""H; Medium: 6.25""Dia x 9""H; Med Handle: 5""H",,NA,$16.25,,,,,NA,Hannas400,Hannas160,https://www.hannashandiworks.com/media/catalog/product/cache/bbf624d4e302b71a44cbbfb433873131/5/5/55087.JPG,55087.JPG,,,Hannas800,55087.JPG,
FLOWERS GHOST WALL DECOR 2 ASST,55090,,"b'Wood; 11.75""W x 18""H x 1""D; 1 sawtooth hanger'",In stock,$8.90,,,"Wood; 11.75""W x 18""H x 1""D; 1 sawtooth hanger",,8,$12.50,,,,,8,Hannas400,Hannas160,https://www.hannashandiworks.com/media/catalog/product/cache/bbf624d4e302b71a44cbbfb433873131/5/5/55090.JPG,55090.JPG,,,Hannas800,55090.JPG,
JACK O LANTERN BOOS WALL SIGN 2 ASST,55092,,"b'Metal; 10.5""W x 16""H x .25""D; 1 Sawtooth Hanger'",In stock,,,,"Metal; 10.5""W x 16""H x .25""D; 1 Sawtooth Hanger",,4,$9.25,12,$8.75,24,$8.25,4,Hannas400,Hannas160,https://www.hannashandiworks.com/media/catalog/product/cache/bbf624d4e302b71a44cbbfb433873131/5/5/55092.JPG,55092.JPG,,,Hannas800,55092.JPG,
CRAZY WITCHES WALL SIGN,55093,,"b'Metal; 9.5""W x 16""H x .25""D; 1 sawtooth hanger'",In stock,,,,"Metal; 9.5""W x 16""H x .25""D; 1 sawtooth hanger",,4,$8.50,8,$8.00,,,4,Hannas400,Hannas160,https://www.hannashandiworks.com/media/catalog/product/cache/bbf624d4e302b71a44cbbfb433873131/5/5/55093.JPG,55093.JPG,,,Hannas800,55093.JPG,
COLONY OF BATS TABLETOP,55094,,"b'Metal; 11""W x 9.25""H x 2.25""D'",In stock,$10.50,,,"Metal; 11""W x 9.25""H x 2.25""D",,4,$15.00,,,,,4,Hannas400,Hannas160,https://www.hannashandiworks.com/media/catalog/product/cache/bbf624d4e302b71a44cbbfb433873131/5/5/55094.JPG,55094.JPG,,,Hannas800,55094.JPG,
WEBBED PHOTO FRAME,55096,,"b'Wood/Mixed Materials; 9.5""W x 11.5""H x 4.75""D'",In stock,,,,"Wood/Mixed Materials; 9.5""W x 11.5""H x 4.75""D",,4,$7.50,8,$7.00,,,4,Hannas400,Hannas160,https://www.hannashandiworks.com/media/catalog/product/cache/bbf624d4e302b71a44cbbfb433873131/5/5/55096.JPG,55096.JPG,,,Hannas800,55096.JPG,
TRIO OF BATS YARD STAKE,55099,,"b'Over 2\' Tall! Metal; 10""W x 32""H x .75""D'",In stock,$13.75,,,"Over 2' Tall! Metal; 10""W x 32""H x .75""D",,4,$17.00,,,,,4,Hannas400,Hannas160,https://www.hannashandiworks.com/media/catalog/product/cache/bbf624d4e302b71a44cbbfb433873131/5/5/55099.JPG,55099.JPG,,,Hannas800,55099.JPG,
WELCOME HALLOWEEN TABLETOP 2 ASST,55100,,"b'Metal/Wood; 8""W x 8""H x 1.5""D'",In stock,,,,"Metal/Wood; 8""W x 8""H x 1.5""D",,6,$6.00,12,$5.50,24,$5.00,6,Hannas400,Hannas160,https://www.hannashandiworks.com/media/catalog/product/cache/bbf624d4e302b71a44cbbfb433873131/5/5/55100.JPG,55100.JPG,,,Hannas800,55100.JPG,
HAUNTED HOUSE VERTICAL WALL ART,55102,,"b'Over 2\' Tall! Wood; 10""W x 35""H x 1""D; 1 sawtooth hanger'",In stock,$12.90,,,"Over 2' Tall! Wood; 10""W x 35""H x 1""D; 1 sawtooth hanger",,4,$17.50,,,,,4,Hannas400,Hannas160,https://www.hannashandiworks.com/media/catalog/product/cache/bbf624d4e302b71a44cbbfb433873131/5/5/55102.JPG,55102.JPG,,,Hannas800,55102.JPG,
WITCH BOOTS HAPPY HALLOWEEN TABLETOP,55103,,"b'Wood; 13""W x 5""H x 1.5""D'",In stock,,,,"Wood; 13""W x 5""H x 1.5""D",,4,$7.75,8,$7.25,16,$6.75,4,Hannas400,Hannas160,https://www.hannashandiworks.com/media/catalog/product/cache/bbf624d4e302b71a44cbbfb433873131/5/5/55103.JPG,55103.JPG,,,Hannas800,55103.JPG,
MOONRISE SPOOKY SCENE HANGER 2 ASST,55106,,"b'Wood/Rope Hanger; 15.75""W x 20.5""H x .75""D'",In stock,,,,"Wood/Rope Hanger; 15.75""W x 20.5""H x .75""D",,6,$10.50,12,$10.00,24,$9.50,6,Hannas400,Hannas160,https://www.hannashandiworks.com/media/catalog/product/cache/bbf624d4e302b71a44cbbfb433873131/5/5/55106.JPG,55106.JPG,,,Hannas800,55106.JPG,
TOIL AND TROUBLE WITCH SILHOUETTE TABLETOP,55107,,"b'Wood; 9.75""W x 12""H x 1.5""D'",In stock,,,,"Wood; 9.75""W x 12""H x 1.5""D",,4,$8.75,8,$8.25,12,$7.75,4,Hannas400,Hannas160,https://www.hannashandiworks.com/media/catalog/product/cache/bbf624d4e302b71a44cbbfb433873131/5/5/55107.JPG,55107.JPG,,,Hannas800,55107.JPG,
SPIDERS WEB WALL SHELF,55108,,"b'Wood/Metal; 15.75""W x 10.75""H x 4.75""D; 2 keyhole hangers'",In stock,$15.75,,,"Wood/Metal; 15.75""W x 10.75""H x 4.75""D; 2 keyhole hangers",,2,$20.50,,,,,2,Hannas400,Hannas160,https://www.hannashandiworks.com/media/catalog/product/cache/bbf624d4e302b71a44cbbfb433873131/5/5/55108.JPG,55108.JPG,,,Hannas800,55108.JPG,
GHOSTLY HAUNTED HOUSE YARD STAKE,55110,,"b'Over 2\' Tall! Metal; 22.5""W x 28""H x .25""D'",In stock,,,,"Over 2' Tall! Metal; 22.5""W x 28""H x .25""D",,4,$15.75,,,,,4,Hannas400,Hannas160,https://www.hannashandiworks.com/media/catalog/product/cache/bbf624d4e302b71a44cbbfb433873131/5/5/55110.JPG,55110.JPG,,,Hannas800,55110.JPG,
WITCHY CAULDRON TABLETOP TREAT JAR,55114,,"b'Ceramic; 9""W x 6.25""H x 7.75""D'",In stock,$12.90,,,"Ceramic; 9""W x 6.25""H x 7.75""D",,2,$18.00,,,,,2,Hannas400,Hannas160,https://www.hannashandiworks.com/media/catalog/product/cache/bbf624d4e302b71a44cbbfb433873131/5/5/55114.JPG,55114.JPG,,,Hannas800,55114.JPG,
SPIDERS WEB CHIP N DIP PLATE SET,55115,,"b'Ceramic; Dip Bowl: 4.25""Diameter x 1.75""H and Chip Plate: 12""Diameter x 1""H'",In stock,,,,"Ceramic; Dip Bowl: 4.25""Diameter x 1.75""H and Chip Plate: 12""Diameter x 1""H",,4,$11.75,,,,,4,Hannas400,Hannas160,https://www.hannashandiworks.com/media/catalog/product/cache/bbf624d4e302b71a44cbbfb433873131/5/5/55115.JPG,55115.JPG,,,Hannas800,55115.JPG,
WEBBY TRICK OR TREAT SNACK PLATE,55117,,"b'Ceramic; 12.25""W x 1""H x 4.5""D'",In stock,,,,"Ceramic; 12.25""W x 1""H x 4.5""D",,4,$6.65,8,$6.25,,,4,Hannas400,Hannas160,https://www.hannashandiworks.com/media/catalog/product/cache/bbf624d4e302b71a44cbbfb433873131/5/5/55117.JPG,55117.JPG,,,Hannas800,55117.JPG,
BOO TREAT PLATE LARGE,55118,,"b'Ceramic; 14""W x 1.5""H x 7.25""D'",In stock,,,,"Ceramic; 14""W x 1.5""H x 7.25""D",,4,$11.90,,,,,4,Hannas400,Hannas160,https://www.hannashandiworks.com/media/catalog/product/cache/bbf624d4e302b71a44cbbfb433873131/5/5/55118.JPG,55118.JPG,,,Hannas800,55118.JPG,
BOO GHOSTLY MUG 2 ASST,55120,,"b'Ceramic; 5.75""W x 4.25"" x 4""D'",In stock,,,,"Ceramic; 5.75""W x 4.25"" x 4""D",,4,$4.90,12,$4.60,32,$4.30,4,Hannas400,Hannas160,https://www.hannashandiworks.com/media/catalog/product/cache/bbf624d4e302b71a44cbbfb433873131/5/5/55120.JPG,55120.JPG,,,Hannas800,55120.JPG,
SPOOKY SKELETON SALT AND PEPPER SET,55121,,"b'Ceramic; Salt Shaker Head: 1.75""Dia x 2.5""H; Pepper Shaker Body: 2""Dia x 2.25H'",In stock,,,,"Ceramic; Salt Shaker Head: 1.75""Dia x 2.5""H; Pepper Shaker Body: 2""Dia x 2.25H",,4,$4.90,12,$4.60,,,4,Hannas400,Hannas160,https://www.hannashandiworks.com/media/catalog/product/cache/bbf624d4e302b71a44cbbfb433873131/5/5/55121.JPG,55121.JPG,,,Hannas800,55121.JPG,
GHOST JACK O LANTERN COOKIE JAR,55123,,"b'Ceramic; 6""Diameter x 10.5""H'",In stock,$12.50,,,"Ceramic; 6""Diameter x 10.5""H",,4,$17.00,,,,,4,Hannas400,Hannas160,https://www.hannashandiworks.com/media/catalog/product/cache/bbf624d4e302b71a44cbbfb433873131/5/5/55123.JPG,55123.JPG,,,Hannas800,55123.JPG,
GHOST JACK O LANTERN SALT AND PEPPER SET,55124,,"b'Ceramic; 2.25""Dia x 3H'",In stock,,,,"Ceramic; 2.25""Dia x 3H",,4,$4.90,8,$4.60,24,$4.30,4,Hannas400,Hannas160,https://www.hannashandiworks.com/media/catalog/product/cache/bbf624d4e302b71a44cbbfb433873131/5/5/55124.JPG,55124.JPG,,,Hannas800,55124.JPG,
JACK O LANTERN KITTY STANDER,55130,,"b'Over 2\' Tall! Wood; 17""W x 24.25""H x 4""D'",In stock,$24.50,,,"Over 2' Tall! Wood; 17""W x 24.25""H x 4""D",,2,$31.00,,,,,2,Hannas400,Hannas160,https://www.hannashandiworks.com/media/catalog/product/cache/bbf624d4e302b71a44cbbfb433873131/5/5/55130.JPG,55130.JPG,,,Hannas800,55130.JPG,
WITCH HAT GHOST DOG STANDER,55132,,"b'Over 2\' Tall! Wood; 18.5""W x 28.25""H x 4.75""D'",In stock,,,,"Over 2' Tall! Wood; 18.5""W x 28.25""H x 4.75""D",,2,$32.50,4,$30.50,,,2,Hannas400,Hannas160,https://www.hannashandiworks.com/media/catalog/product/cache/bbf624d4e302b71a44cbbfb433873131/5/5/55132.JPG,55132.JPG,,,Hannas800,55132.JPG,
SPOOKY SCENE FRAME CORNER CUT OUT 2 ASST,55136,,"b'Cut-Out Corner Decoration for Door or Window Frame. Metal; 12-13.5""W x 12""H x .25""D'",In stock,,,,"Cut-Out Corner Decoration for Door or Window Frame. Metal; 12-13.5""W x 12""H x .25""D",,12,$3.25,24,$3.10,48,$2.95,12,Hannas400,Hannas160,https://www.hannashandiworks.com/media/catalog/product/cache/bbf624d4e302b71a44cbbfb433873131/5/5/55136.JPG,55136.JPG,,,Hannas800,55136.JPG,
BLACK MAGIC WITCH TALL STANDER 2 ASST,55140,,"b'Over 2\' Tall! Fabric; 8.75""W x 31.5""H x 8""D'",In stock,$15.50,,,"Over 2' Tall! Fabric; 8.75""W x 31.5""H x 8""D",,6,$20.00,,,,,6,Hannas400,Hannas160,https://www.hannashandiworks.com/media/catalog/product/cache/bbf624d4e302b71a44cbbfb433873131/5/5/55140.JPG,55140.JPG,,,Hannas800,55140.JPG,
BLACK MAGIC WITCH DANGLE LEG 2 ASST,55141,,"b'Fabric & Mixed Materials; 13.25""W x 24.5""H x 5""D'",In stock,,,,"Fabric & Mixed Materials; 13.25""W x 24.5""H x 5""D",,6,$10.90,12,$10.40,24,$9.90,6,Hannas400,Hannas160,https://www.hannashandiworks.com/media/catalog/product/cache/bbf624d4e302b71a44cbbfb433873131/5/5/55141.JPG,55141.JPG,,,Hannas800,55141.JPG,
MIDNIGHT PUMPKIN HEAD STANDER 2 ASST,55142,,"b'Fabric & Mixed Materials; 6.5""W x 23-25""H x 4.25""D'",In stock,$10.50,,,"Fabric & Mixed Materials; 6.5""W x 23-25""H x 4.25""D",,6,$14.50,,,,,6,Hannas400,Hannas160,https://www.hannashandiworks.com/media/catalog/product/cache/bbf624d4e302b71a44cbbfb433873131/5/5/55142.JPG,55142.JPG,,,Hannas800,55142.JPG,
MIDNIGHT PUMPKIN HEAD BEAD LEG 2 ASST,55143,,"b'Fabric & Mixed Materials; 5.25""W x 17-18""H x 3.25""D'",In stock,,,,"Fabric & Mixed Materials; 5.25""W x 17-18""H x 3.25""D",,6,$7.25,12,$6.75,24,$6.25,6,Hannas400,Hannas160,https://www.hannashandiworks.com/media/catalog/product/cache/bbf624d4e302b71a44cbbfb433873131/5/5/55143.JPG,55143.JPG,,,Hannas800,55143.JPG,
JACK WITCH BOO PILLOW 3 ASST,55145,,"b'Fabric & Mixed Materials; 16.5""W x 16.5""H x 5.5""D'",In stock,$10.90,,,"Fabric & Mixed Materials; 16.5""W x 16.5""H x 5.5""D",,6,$15.50,,,,,6,Hannas400,Hannas160,https://www.hannashandiworks.com/media/catalog/product/cache/bbf624d4e302b71a44cbbfb433873131/5/5/55145.JPG,55145.JPG,,,Hannas800,55145.JPG,
SPIDERS WEB PUMPKIN TABLETOP 2 ASST,55150,,"b'Resin; 4.5-5""Dia x 4.75-5.75""H'",In stock,,,,"Resin; 4.5-5""Dia x 4.75-5.75""H",,6,$7.75,12,$7.25,24,$6.75,6,Hannas400,Hannas160,https://www.hannashandiworks.com/media/catalog/product/cache/bbf624d4e302b71a44cbbfb433873131/5/5/55150.JPG,55150.JPG,,,Hannas800,55150.JPG,
EEK BOO TRICK OR TREATER GHOST WITH LIGHTS 2 ASST,55151,,"b'Lights Up! Requires 2 LR44 batteries, not included. Resin; 3""Dia x 5.25""H'",,,,,"Lights Up! Requires 2 LR44 batteries, not included. Resin; 3""Dia x 5.25""H",,NA,$4.25,12,$4.00,24,$3.75,NA,Hannas400,Hannas160,https://www.hannashandiworks.com/media/catalog/product/cache/bbf624d4e302b71a44cbbfb433873131/5/5/55151.JPG,55151.JPG,,,Hannas800,55151.JPG,
GHOST KITTY TABLETOP 3 ASST,55152,,"b'Resin; 3-5""W x 3.5-4.5""H x 3.75-6""D'",In stock,,,,"Resin; 3-5""W x 3.5-4.5""H x 3.75-6""D",,6,$5.00,12,$4.50,,,6,Hannas400,Hannas160,https://www.hannashandiworks.com/media/catalog/product/cache/bbf624d4e302b71a44cbbfb433873131/5/5/55152.JPG,55152.JPG,,,Hannas800,55152.JPG,
HEART EYES JACK SKULL TABLETOP 2 ASST,55153,,"b'Resin; 5""Dia x 4.5""H'",,,,,"Resin; 5""Dia x 4.5""H",,NA,$6.90,16,$6.50,24,$6.10,NA,Hannas400,Hannas160,https://www.hannashandiworks.com/media/catalog/product/cache/bbf624d4e302b71a44cbbfb433873131/5/5/55153.JPG,55153.JPG,,,Hannas800,55153.JPG,
CANDY CORN TRICK OR TREATER TABLETOP 3 ASST,55154,,"b'Resin; 4""W x 5""H x 2.25""D'",In stock,,,,"Resin; 4""W x 5""H x 2.25""D",,6,$4.75,12,$4.50,24,$4.25,6,Hannas400,Hannas160,https://www.hannashandiworks.com/media/catalog/product/cache/bbf624d4e302b71a44cbbfb433873131/5/5/55154.JPG,55154.JPG,,,Hannas800,55154.JPG,
TRICK OR TREATER MINI GHOST TABLETOP 3 ASST,55155,,"b'Resin; 2.5""W x 3.5""H x 2""D'",,,,,"Resin; 2.5""W x 3.5""H x 2""D",,NA,$4.25,12,$3.75,,,NA,Hannas400,Hannas160,https://www.hannashandiworks.com/media/catalog/product/cache/bbf624d4e302b71a44cbbfb433873131/5/5/55155.JPG,55155.JPG,,,Hannas800,55155.JPG,
EEK BOO FAUX KNIT PUMPKINS TABLETOP 2 ASST,55156,,"b'Resin; 6.5""W x 4""H x 1.5""D'",In stock,,,,"Resin; 6.5""W x 4""H x 1.5""D",,6,$5.50,12,$5.00,24,$4.50,6,Hannas400,Hannas160,https://www.hannashandiworks.com/media/catalog/product/cache/bbf624d4e302b71a44cbbfb433873131/5/5/55156.JPG,55156.JPG,,,Hannas800,55156.JPG,
WITCHY CROW TABLETOP 3 ASST,55157,,"b'Resin; 3.75""W x 4""H x 2.5""D'",In stock,,,,"Resin; 3.75""W x 4""H x 2.5""D",,6,$3.75,24,$3.50,,,6,Hannas400,Hannas160,https://www.hannashandiworks.com/media/catalog/product/cache/bbf624d4e302b71a44cbbfb433873131/5/5/55157.JPG,55157.JPG,,,Hannas800,55157.JPG,
WIZARD HIGHLAND COW TABLETOP 2 ASST,55158,,"b'Resin; 3.5""W x 5""H x 3""D'",In stock,,,,"Resin; 3.5""W x 5""H x 3""D",,6,$5.75,12,$5.25,24,$4.75,6,Hannas400,Hannas160,https://www.hannashandiworks.com/media/catalog/product/cache/bbf624d4e302b71a44cbbfb433873131/5/5/55158.JPG,55158.JPG,,,Hannas800,55158.JPG,
TRICK OR TREATER HIGHLAND COW 3 ASST,55159,,"b'Resin; 3.25""W x 4.75""H x 2.5""D'",In stock,,,,"Resin; 3.25""W x 4.75""H x 2.5""D",,6,$5.25,12,$4.75,24,$4.25,6,Hannas400,Hannas160,https://www.hannashandiworks.com/media/catalog/product/cache/bbf624d4e302b71a44cbbfb433873131/5/5/55159.JPG,55159.JPG,,,Hannas800,55159.JPG,
WITCHY HIGHLAND COW TABLETOP 3 ASST,55160,,"b'Resin; 3.75""W x 5""H x 3""D'",In stock,,,,"Resin; 3.75""W x 5""H x 3""D",,6,$6.25,12,$5.75,24,$5.25,6,Hannas400,Hannas160,https://www.hannashandiworks.com/media/catalog/product/cache/bbf624d4e302b71a44cbbfb433873131/5/5/55160.JPG,55160.JPG,,,Hannas800,55160.JPG,
TRICK OR TREATER GHOST TABLETOP 3 ASST,55161,,"b'Resin; 2.75""W x 5""H x 2.75""D'",,,,,"Resin; 2.75""W x 5""H x 2.75""D",,NA,$4.85,12,$4.55,24,$4.25,NA,Hannas400,Hannas160,https://www.hannashandiworks.com/media/catalog/product/cache/bbf624d4e302b71a44cbbfb433873131/5/5/55161.JPG,55161.JPG,,,Hannas800,55161.JPG,
GHOST AND JACK O LANTERN LIGHT UP 2 PIECE SET,55162,,"b'Lights Up! Requires 2 AAA batteries, not included. Resin; Large: 9.25""W x 13""H x 5.75""D and Regular: 6""W x 7.75""H x 3.75""D'",In stock,$24.75,,,"Lights Up! Requires 2 AAA batteries, not included. Resin; Large: 9.25""W x 13""H x 5.75""D and Regular: 6""W x 7.75""H x 3.75""D",,2,$33.50,,,,,2,Hannas400,Hannas160,https://www.hannashandiworks.com/media/catalog/product/cache/bbf624d4e302b71a44cbbfb433873131/5/5/55162.JPG,55162.JPG,,,Hannas800,55162.JPG,
GHOSTLY TRIO LIGHT UP JACK O LANTERN,55163,,"b'Lights Up! Requires 2 AAA batteries, not included. Resin; 8.75""W x 10""H x 6""D'",In stock,$16.50,,,"Lights Up! Requires 2 AAA batteries, not included. Resin; 8.75""W x 10""H x 6""D",,4,$20.50,,,,,4,Hannas400,Hannas160,https://www.hannashandiworks.com/media/catalog/product/cache/bbf624d4e302b71a44cbbfb433873131/5/5/55163.JPG,55163.JPG,,,Hannas800,55163.JPG,
JACK O LANTERN CANDY CORN LIGHT 3 PIECE SET,55164,,"b'Lights Up! Requires 2 LR44 batteries, not included. Resin; Large: 5""W x 8""H x 4""D; Medium: 4.5""W x 6.5""H x 3.75""D; Small: 4""W x 5""H x 3""D'",,$21.50,,,"Lights Up! Requires 2 LR44 batteries, not included. Resin; Large: 5""W x 8""H x 4""D; Medium: 4.5""W x 6.5""H x 3.75""D; Small: 4""W x 5""H x 3""D",,NA,$27.50,,,,,NA,Hannas400,Hannas160,https://www.hannashandiworks.com/media/catalog/product/cache/bbf624d4e302b71a44cbbfb433873131/5/5/55164.JPG,55164.JPG,,,Hannas800,55164.JPG,
JACK O LANTERN PLUSHIE 2 ASST,55170,,"b'Fabric; 14.75""Dia x 12""H'",In stock,$17.00,,,"Fabric; 14.75""Dia x 12""H",,6,$23.50,,,,,6,Hannas400,Hannas160,https://www.hannashandiworks.com/media/catalog/product/cache/bbf624d4e302b71a44cbbfb433873131/5/5/55170.JPG,55170.JPG,,,Hannas800,55170.JPG,
PRIMITIVE PUMPKIN HEAD STANDER 2 ASST,55171,,"b'Fabric; 9-10""W x 30.5-32""H x 6.75""D'",In stock,,,,"Fabric; 9-10""W x 30.5-32""H x 6.75""D",,6,$14.75,,,,,6,Hannas400,Hannas160,https://www.hannashandiworks.com/media/catalog/product/cache/bbf624d4e302b71a44cbbfb433873131/5/5/55171.JPG,55171.JPG,,,Hannas800,55171.JPG,
PRIMITIVE PUMPKIN HEAD DANGLE LEG 2 ASST,55172,,"b'Fabric; 8.75""W x 31.5-33.25""H x 7.25""D'",In stock,,,,"Fabric; 8.75""W x 31.5-33.25""H x 7.25""D",,4,$14.75,,,,,4,Hannas400,Hannas160,https://www.hannashandiworks.com/media/catalog/product/cache/bbf624d4e302b71a44cbbfb433873131/5/5/55172.JPG,55172.JPG,,,Hannas800,55172.JPG,
PRIMITIVE PUMPKIN HEAD SITTER 2 ASST,55173,,"b'Fabric; 7.75""Dia x 17.5-20""H'",In stock,,,,"Fabric; 7.75""Dia x 17.5-20""H",,6,$12.50,12,$12.00,24,$11.50,6,Hannas400,Hannas160,https://www.hannashandiworks.com/media/catalog/product/cache/bbf624d4e302b71a44cbbfb433873131/5/5/55173.JPG,55173.JPG,,,Hannas800,55173.JPG,
PRIMITIVE PUMPKIN HEAD BEAD LEG 2 ASST,55174,,"b'Fabric/Mixed Material; 6.25""W x 22-23.5""H x 4.5""D'",In stock,,,,"Fabric/Mixed Material; 6.25""W x 22-23.5""H x 4.5""D",,6,$9.25,12,$8.75,24,$8.25,6,Hannas400,Hannas160,https://www.hannashandiworks.com/media/catalog/product/cache/bbf624d4e302b71a44cbbfb433873131/5/5/55174.JPG,55174.JPG,,,Hannas800,55174.JPG,
PRIMITIVE PUMPKIN HEAD ORNAMENT TRAY 2 ASST,55175,,"b'Fabric/Mixed Material; 3.75""W x 10.25""H x 2.75""D'",In stock,,,,"Fabric/Mixed Material; 3.75""W x 10.25""H x 2.75""D",,12,$3.05,48,$2.80,,,12,Hannas400,Hannas160,https://www.hannashandiworks.com/media/catalog/product/cache/bbf624d4e302b71a44cbbfb433873131/5/5/55175.JPG,55175.JPG,,,Hannas800,55175.JPG,
BOO GHOSTLY WALL BANNER,55180,,"b'3\' Tall! Poly-Canvas/Mixed Material; 13.25""W x 36""H x 1""D'",In stock,,,,"3' Tall! Poly-Canvas/Mixed Material; 13.25""W x 36""H x 1""D",,6,$9.90,12,$9.40,24,$8.90,6,Hannas400,Hannas160,https://www.hannashandiworks.com/media/catalog/product/cache/bbf624d4e302b71a44cbbfb433873131/5/5/55180.JPG,55180.JPG,,,Hannas800,55180.JPG,
GHOST JACK O LANTERN BIN 2 ASST,55182,,"b'Wood/Rope; 9""W x 6""H x 6""D'",In stock,,,,"Wood/Rope; 9""W x 6""H x 6""D",,4,$9.50,8,$9.00,16,$8.50,4,Hannas400,Hannas160,https://www.hannashandiworks.com/media/catalog/product/cache/bbf624d4e302b71a44cbbfb433873131/5/5/55182.JPG,55182.JPG,,,Hannas800,55182.JPG,
METALLIC JACK O LANTERN BELL HANGER 4 ASST,55185,,"b'Metal/Rope; 5.25""W x 10""H x 4.5""D'",In stock,,,,"Metal/Rope; 5.25""W x 10""H x 4.5""D",,8,$4.90,16,$4.50,24,$4.10,8,Hannas400,Hannas160,https://www.hannashandiworks.com/media/catalog/product/cache/bbf624d4e302b71a44cbbfb433873131/5/5/55185.JPG,55185.JPG,,,Hannas800,55185.JPG,
GHOST FACE CHURCH BELL HANGER 2 ASST,55186,,"b'Metal/Rope; 5.25""Dia x 12.25""H'",In stock,,,,"Metal/Rope; 5.25""Dia x 12.25""H",,6,$5.75,12,$5.25,,,6,Hannas400,Hannas160,https://www.hannashandiworks.com/media/catalog/product/cache/bbf624d4e302b71a44cbbfb433873131/5/5/55186.JPG,55186.JPG,,,Hannas800,55186.JPG,
BATTY JACK O LANTERN BELL HANGER 2 ASST,55187,,"b'Metal and Rope; 7.75""W x 13""H x 3.75""D'",In stock,,,,"Metal and Rope; 7.75""W x 13""H x 3.75""D",,6,$8.25,12,$7.75,,,6,Hannas400,Hannas160,https://www.hannashandiworks.com/media/catalog/product/cache/bbf624d4e302b71a44cbbfb433873131/5/5/55187.JPG,55187.JPG,,,Hannas800,55187.JPG,
TRICK OR TREAT JACK VERTICAL SIGN,54019,,"b'Over 2\' Tall! Metal; 8""W x 31\xbd""H x \xbe""D'",In stock,$10.25,,,"Over 2' Tall! Metal; 8""W x 31½""H x ¾""D",,4,$12.75,,,,,4,Hannas400,Hannas160,https://www.hannashandiworks.com/media/catalog/product/cache/bbf624d4e302b71a44cbbfb433873131/5/4/54019.JPG,54019.JPG,,,Hannas800,54019.JPG,
TRICK OR TREAT SPIDER WEB PORCH SIGN,54064,,"b'Over 3\' Tall! Wood; 10""W x 47\xbe""H x \xbd""D'",In stock,,,,"Over 3' Tall! Wood; 10""W x 47¾""H x ½""D",,4,$16.50,8,$15.50,,,4,Hannas400,Hannas160,https://www.hannashandiworks.com/media/catalog/product/cache/bbf624d4e302b71a44cbbfb433873131/5/4/54064.JPG,54064.JPG,,,Hannas800,54064.JPG,
STAMPED JACK O LANTERN BUCKET 3 PIECE SET,54090,,"b'Metal; Sm: 7\xbd""Dia x 8\xbd""H; Med: 8\xbe""Dia x 10\xbc""H; Lg: 10\xbc""Dia x 11\xbe""H'",In stock,$15.50,,,"Metal; Sm: 7½""Dia x 8½""H; Med: 8¾""Dia x 10¼""H; Lg: 10¼""Dia x 11¾""H",,3,$20.50,,,,,3,Hannas400,Hannas160,https://www.hannashandiworks.com/media/catalog/product/cache/bbf624d4e302b71a44cbbfb433873131/5/4/54090.JPG,54090.JPG,,,Hannas800,54090.JPG,
