,571144,,,,,,,,,,,,,,,,Homespice400,Homespice160,https://homespice.com/cdn/shop/files/mwi_azalea_2000_1_e43a92ec-6622-4a89-abc4-3adc22ec0136.jpg?v=1748253809,mwi_azalea_2000_1_e43a92ec-6622-4a89-abc4-3adc22ec0136.jpg?v=1748253809,,,Homespice800,mwi_azalea_2000_1_e43a92ec-6622-4a89-abc4-3adc22ec0136.jpg?v=1748253809,
,572141,,,,,,,,,,,,,,,,Homespice400,Homespice160,https://homespice.com/cdn/shop/files/mwi_azalea_2000_1_e43a92ec-6622-4a89-abc4-3adc22ec0136.jpg?v=1748253809,mwi_azalea_2000_1_e43a92ec-6622-4a89-abc4-3adc22ec0136.jpg?v=1748253809,,,Homespice800,mwi_azalea_2000_1_e43a92ec-6622-4a89-abc4-3adc22ec0136.jpg?v=1748253809,
,240053PS,,,,,,,,,,,,,,,,Homespice400,Homespice160,https://homespice.com/cdn/shop/files/mwi_azalea_2000_1_e43a92ec-6622-4a89-abc4-3adc22ec0136.jpg?v=1748253809,mwi_azalea_2000_1_e43a92ec-6622-4a89-abc4-3adc22ec0136.jpg?v=1748253809,,,Homespice800,mwi_azalea_2000_1_e43a92ec-6622-4a89-abc4-3adc22ec0136.jpg?v=1748253809,
,240069PS,,,,,,,,,,,,,,,,Homespice400,Homespice160,https://homespice.com/cdn/shop/files/mwi_azalea_2000_1_e43a92ec-6622-4a89-abc4-3adc22ec0136.jpg?v=1748253809,mwi_azalea_2000_1_e43a92ec-6622-4a89-abc4-3adc22ec0136.jpg?v=1748253809,,,Homespice800,mwi_azalea_2000_1_e43a92ec-6622-4a89-abc4-3adc22ec0136.jpg?v=1748253809,
,240039PS,,,,,,,,,,,,,,,,Homespice400,Homespice160,https://homespice.com/cdn/shop/files/mwi_azalea_2000_1_e43a92ec-6622-4a89-abc4-3adc22ec0136.jpg?v=1748253809,mwi_azalea_2000_1_e43a92ec-6622-4a89-abc4-3adc22ec0136.jpg?v=1748253809,,,Homespice800,mwi_azalea_2000_1_e43a92ec-6622-4a89-abc4-3adc22ec0136.jpg?v=1748253809,
,240169PS,,,,,,,,,,,,,,,,Homespice400,Homespice160,https://homespice.com/cdn/shop/files/mwi_azalea_2000_1_e43a92ec-6622-4a89-abc4-3adc22ec0136.jpg?v=1748253809,mwi_azalea_2000_1_e43a92ec-6622-4a89-abc4-3adc22ec0136.jpg?v=1748253809,,,Homespice800,mwi_azalea_2000_1_e43a92ec-6622-4a89-abc4-3adc22ec0136.jpg?v=1748253809,
,240005PS,,,,,,,,,,,,,,,,Homespice400,Homespice160,https://homespice.com/cdn/shop/files/mwi_azalea_2000_1_e43a92ec-6622-4a89-abc4-3adc22ec0136.jpg?v=1748253809,mwi_azalea_2000_1_e43a92ec-6622-4a89-abc4-3adc22ec0136.jpg?v=1748253809,,,Homespice800,mwi_azalea_2000_1_e43a92ec-6622-4a89-abc4-3adc22ec0136.jpg?v=1748253809,
,240021PS,,,,,,,,,,,,,,,,Homespice400,Homespice160,https://homespice.com/cdn/shop/files/mwi_azalea_2000_1_e43a92ec-6622-4a89-abc4-3adc22ec0136.jpg?v=1748253809,mwi_azalea_2000_1_e43a92ec-6622-4a89-abc4-3adc22ec0136.jpg?v=1748253809,,,Homespice800,mwi_azalea_2000_1_e43a92ec-6622-4a89-abc4-3adc22ec0136.jpg?v=1748253809,
,240129PS,,,,,,,,,,,,,,,,Homespice400,Homespice160,https://homespice.com/cdn/shop/files/azalea_8_x28__5_1c5b20e0-c83e-4f57-a644-b7eddecb9997.jpg?v=1745924853,azalea_8_x28__5_1c5b20e0-c83e-4f57-a644-b7eddecb9997.jpg?v=1745924853,,,Homespice800,azalea_8_x28__5_1c5b20e0-c83e-4f57-a644-b7eddecb9997.jpg?v=1745924853,
,240145PS,,,,,,,,,,,,,,,,Homespice400,Homespice160,https://homespice.com/cdn/shop/files/azalea_8_x28__5_1c5b20e0-c83e-4f57-a644-b7eddecb9997.jpg?v=1745924853,azalea_8_x28__5_1c5b20e0-c83e-4f57-a644-b7eddecb9997.jpg?v=1745924853,,,Homespice800,azalea_8_x28__5_1c5b20e0-c83e-4f57-a644-b7eddecb9997.jpg?v=1745924853,
,240097PS,,,,,,,,,,,,,,,,Homespice400,Homespice160,https://homespice.com/cdn/shop/files/mwi_azalea_2000_1_e43a92ec-6622-4a89-abc4-3adc22ec0136.jpg?v=1748253809,mwi_azalea_2000_1_e43a92ec-6622-4a89-abc4-3adc22ec0136.jpg?v=1748253809,,,Homespice800,mwi_azalea_2000_1_e43a92ec-6622-4a89-abc4-3adc22ec0136.jpg?v=1748253809,
,240113PS,,,,,,,,,,,,,,,,Homespice400,Homespice160,https://homespice.com/cdn/shop/files/mwi_azalea_2000_1_e43a92ec-6622-4a89-abc4-3adc22ec0136.jpg?v=1748253809,mwi_azalea_2000_1_e43a92ec-6622-4a89-abc4-3adc22ec0136.jpg?v=1748253809,,,Homespice800,mwi_azalea_2000_1_e43a92ec-6622-4a89-abc4-3adc22ec0136.jpg?v=1748253809,
,571717,,,,,,,,,,,,,,,,Homespice400,Homespice160,https://homespice.com/cdn/shop/files/mwi_chester_2000_2.jpg?v=1748254585,mwi_chester_2000_2.jpg?v=1748254585,,,Homespice800,mwi_chester_2000_2.jpg?v=1748254585,
,572714,,,,,,,,,,,,,,,,Homespice400,Homespice160,https://homespice.com/cdn/shop/files/mwi_chester_2000_2.jpg?v=1748254585,mwi_chester_2000_2.jpg?v=1748254585,,,Homespice800,mwi_chester_2000_2.jpg?v=1748254585,
,240057PS,,,,,,,,,,,,,,,,Homespice400,Homespice160,https://homespice.com/cdn/shop/files/mwi_chester_2000_2.jpg?v=1748254585,mwi_chester_2000_2.jpg?v=1748254585,,,Homespice800,mwi_chester_2000_2.jpg?v=1748254585,
,240073PS,,,,,,,,,,,,,,,,Homespice400,Homespice160,https://homespice.com/cdn/shop/files/mwi_chester_2000_2.jpg?v=1748254585,mwi_chester_2000_2.jpg?v=1748254585,,,Homespice800,mwi_chester_2000_2.jpg?v=1748254585,
,240033PS,,,,,,,,,,,,,,,,Homespice400,Homespice160,https://homespice.com/cdn/shop/files/mwi_chester_2000_2.jpg?v=1748254585,mwi_chester_2000_2.jpg?v=1748254585,,,Homespice800,mwi_chester_2000_2.jpg?v=1748254585,
,240163PS,,,,,,,,,,,,,,,,Homespice400,Homespice160,https://homespice.com/cdn/shop/files/mwi_chester_2000_2.jpg?v=1748254585,mwi_chester_2000_2.jpg?v=1748254585,,,Homespice800,mwi_chester_2000_2.jpg?v=1748254585,
,240009PS,,,,,,,,,,,,,,,,Homespice400,Homespice160,https://homespice.com/cdn/shop/files/mwi_chester_2000_2.jpg?v=1748254585,mwi_chester_2000_2.jpg?v=1748254585,,,Homespice800,mwi_chester_2000_2.jpg?v=1748254585,
,240025PS,,,,,,,,,,,,,,,,Homespice400,Homespice160,https://homespice.com/cdn/shop/files/mwi_chester_2000_2.jpg?v=1748254585,mwi_chester_2000_2.jpg?v=1748254585,,,Homespice800,mwi_chester_2000_2.jpg?v=1748254585,
,240133PS,,,,,,,,,,,,,,,,Homespice400,Homespice160,https://homespice.com/cdn/shop/files/chester_8_x28__10__3_556767bd-425f-4209-a950-f34a6bc2b5ca.jpg?v=1745925122,chester_8_x28__10__3_556767bd-425f-4209-a950-f34a6bc2b5ca.jpg?v=1745925122,,,Homespice800,chester_8_x28__10__3_556767bd-425f-4209-a950-f34a6bc2b5ca.jpg?v=1745925122,
,240149PS,,,,,,,,,,,,,,,,Homespice400,Homespice160,https://homespice.com/cdn/shop/files/chester_8_x28__10__3_556767bd-425f-4209-a950-f34a6bc2b5ca.jpg?v=1745925122,chester_8_x28__10__3_556767bd-425f-4209-a950-f34a6bc2b5ca.jpg?v=1745925122,,,Homespice800,chester_8_x28__10__3_556767bd-425f-4209-a950-f34a6bc2b5ca.jpg?v=1745925122,
,240101PS,,,,,,,,,,,,,,,,Homespice400,Homespice160,https://homespice.com/cdn/shop/files/mwi_chester_2000_2.jpg?v=1748254585,mwi_chester_2000_2.jpg?v=1748254585,,,Homespice800,mwi_chester_2000_2.jpg?v=1748254585,
,240117PS,,,,,,,,,,,,,,,,Homespice400,Homespice160,https://homespice.com/cdn/shop/files/mwi_chester_2000_2.jpg?v=1748254585,mwi_chester_2000_2.jpg?v=1748254585,,,Homespice800,mwi_chester_2000_2.jpg?v=1748254585,
,240083PS,,,,,,,,,,,,,,,,Homespice400,Homespice160,https://homespice.com/cdn/shop/files/mwi_cider_2000_1.jpg?v=1748253406,mwi_cider_2000_1.jpg?v=1748253406,,,Homespice800,mwi_cider_2000_1.jpg?v=1748253406,
,240089PS,,,,,,,,,,,,,,,,Homespice400,Homespice160,https://homespice.com/cdn/shop/files/mwi_cider_2000_1.jpg?v=1748253406,mwi_cider_2000_1.jpg?v=1748253406,,,Homespice800,mwi_cider_2000_1.jpg?v=1748253406,
,240052PS,,,,,,,,,,,,,,,,Homespice400,Homespice160,https://homespice.com/cdn/shop/files/mwi_cider_2000_1.jpg?v=1748253406,mwi_cider_2000_1.jpg?v=1748253406,,,Homespice800,mwi_cider_2000_1.jpg?v=1748253406,
,240068PS,,,,,,,,,,,,,,,,Homespice400,Homespice160,https://homespice.com/cdn/shop/files/mwi_cider_2000_1.jpg?v=1748253406,mwi_cider_2000_1.jpg?v=1748253406,,,Homespice800,mwi_cider_2000_1.jpg?v=1748253406,
,240038PS,,,,,,,,,,,,,,,,Homespice400,Homespice160,https://homespice.com/cdn/shop/files/mwi_cider_2000_1.jpg?v=1748253406,mwi_cider_2000_1.jpg?v=1748253406,,,Homespice800,mwi_cider_2000_1.jpg?v=1748253406,
,240168PS,,,,,,,,,,,,,,,,Homespice400,Homespice160,https://homespice.com/cdn/shop/files/mwi_cider_2000_1.jpg?v=1748253406,mwi_cider_2000_1.jpg?v=1748253406,,,Homespice800,mwi_cider_2000_1.jpg?v=1748253406,
,240159PS,,,,,,,,,,,,,,,,Homespice400,Homespice160,https://homespice.com/cdn/shop/files/mwi_cider_2000_1.jpg?v=1748253406,mwi_cider_2000_1.jpg?v=1748253406,,,Homespice800,mwi_cider_2000_1.jpg?v=1748253406,
,240004PS,,,,,,,,,,,,,,,,Homespice400,Homespice160,https://homespice.com/cdn/shop/files/mwi_cider_2000_1.jpg?v=1748253406,mwi_cider_2000_1.jpg?v=1748253406,,,Homespice800,mwi_cider_2000_1.jpg?v=1748253406,
,240020PS,,,,,,,,,,,,,,,,Homespice400,Homespice160,https://homespice.com/cdn/shop/files/mwi_cider_2000_1.jpg?v=1748253406,mwi_cider_2000_1.jpg?v=1748253406,,,Homespice800,mwi_cider_2000_1.jpg?v=1748253406,
,240128PS,,,,,,,,,,,,,,,,Homespice400,Homespice160,https://homespice.com/cdn/shop/files/chester_8_x28__6__3_f954a158-6a7c-48b2-8af0-39cb332f8d67.jpg?v=1745924900,chester_8_x28__6__3_f954a158-6a7c-48b2-8af0-39cb332f8d67.jpg?v=1745924900,,,Homespice800,chester_8_x28__6__3_f954a158-6a7c-48b2-8af0-39cb332f8d67.jpg?v=1745924900,
,240144PS,,,,,,,,,,,,,,,,Homespice400,Homespice160,https://homespice.com/cdn/shop/files/chester_8_x28__6__3_f954a158-6a7c-48b2-8af0-39cb332f8d67.jpg?v=1745924900,chester_8_x28__6__3_f954a158-6a7c-48b2-8af0-39cb332f8d67.jpg?v=1745924900,,,Homespice800,chester_8_x28__6__3_f954a158-6a7c-48b2-8af0-39cb332f8d67.jpg?v=1745924900,
,240096PS,,,,,,,,,,,,,,,,Homespice400,Homespice160,https://homespice.com/cdn/shop/files/mwi_cider_2000_1.jpg?v=1748253406,mwi_cider_2000_1.jpg?v=1748253406,,,Homespice800,mwi_cider_2000_1.jpg?v=1748253406,
,240112PS,,,,,,,,,,,,,,,,Homespice400,Homespice160,https://homespice.com/cdn/shop/files/mwi_cider_2000_1.jpg?v=1748253406,mwi_cider_2000_1.jpg?v=1748253406,,,Homespice800,mwi_cider_2000_1.jpg?v=1748253406,
,571120,,,,,,,,,,,,,,,,Homespice400,Homespice160,https://homespice.com/cdn/shop/files/mwi_cider_2000_1.jpg?v=1748253406,mwi_cider_2000_1.jpg?v=1748253406,,,Homespice800,mwi_cider_2000_1.jpg?v=1748253406,
,572127,,,,,,,,,,,,,,,,Homespice400,Homespice160,https://homespice.com/cdn/shop/files/mwi_cider_2000_1.jpg?v=1748253406,mwi_cider_2000_1.jpg?v=1748253406,,,Homespice800,mwi_cider_2000_1.jpg?v=1748253406,
,240085PS,,,,,,,,,,,,,,,,Homespice400,Homespice160,https://homespice.com/cdn/shop/files/mwi_denim_2000_2.jpg?v=1748254894,mwi_denim_2000_2.jpg?v=1748254894,,,Homespice800,mwi_denim_2000_2.jpg?v=1748254894,
,240091PS,,,,,,,,,,,,,,,,Homespice400,Homespice160,https://homespice.com/cdn/shop/files/mwi_denim_2000_2.jpg?v=1748254894,mwi_denim_2000_2.jpg?v=1748254894,,,Homespice800,mwi_denim_2000_2.jpg?v=1748254894,
,571687,,,,,,,,,,,,,,,,Homespice400,Homespice160,https://homespice.com/cdn/shop/files/mwi_denim_2000_2.jpg?v=1748254894,mwi_denim_2000_2.jpg?v=1748254894,,,Homespice800,mwi_denim_2000_2.jpg?v=1748254894,
,572684,,,,,,,,,,,,,,,,Homespice400,Homespice160,https://homespice.com/cdn/shop/files/mwi_denim_2000_2.jpg?v=1748254894,mwi_denim_2000_2.jpg?v=1748254894,,,Homespice800,mwi_denim_2000_2.jpg?v=1748254894,
,240056PS,,,,,,,,,,,,,,,,Homespice400,Homespice160,https://homespice.com/cdn/shop/files/mwi_denim_2000_2.jpg?v=1748254894,mwi_denim_2000_2.jpg?v=1748254894,,,Homespice800,mwi_denim_2000_2.jpg?v=1748254894,
,240072PS,,,,,,,,,,,,,,,,Homespice400,Homespice160,https://homespice.com/cdn/shop/files/mwi_denim_2000_2.jpg?v=1748254894,mwi_denim_2000_2.jpg?v=1748254894,,,Homespice800,mwi_denim_2000_2.jpg?v=1748254894,
,240042PS,,,,,,,,,,,,,,,,Homespice400,Homespice160,https://homespice.com/cdn/shop/files/mwi_denim_2000_2.jpg?v=1748254894,mwi_denim_2000_2.jpg?v=1748254894,,,Homespice800,mwi_denim_2000_2.jpg?v=1748254894,
,240172PS,,,,,,,,,,,,,,,,Homespice400,Homespice160,https://homespice.com/cdn/shop/files/mwi_denim_2000_2.jpg?v=1748254894,mwi_denim_2000_2.jpg?v=1748254894,,,Homespice800,mwi_denim_2000_2.jpg?v=1748254894,
,240161PS,,,,,,,,,,,,,,,,Homespice400,Homespice160,https://homespice.com/cdn/shop/files/mwi_denim_2000_2.jpg?v=1748254894,mwi_denim_2000_2.jpg?v=1748254894,,,Homespice800,mwi_denim_2000_2.jpg?v=1748254894,
,240008PS,,,,,,,,,,,,,,,,Homespice400,Homespice160,https://homespice.com/cdn/shop/files/mwi_denim_2000_2.jpg?v=1748254894,mwi_denim_2000_2.jpg?v=1748254894,,,Homespice800,mwi_denim_2000_2.jpg?v=1748254894,
,240024PS,,,,,,,,,,,,,,,,Homespice400,Homespice160,https://homespice.com/cdn/shop/files/mwi_denim_2000_2.jpg?v=1748254894,mwi_denim_2000_2.jpg?v=1748254894,,,Homespice800,mwi_denim_2000_2.jpg?v=1748254894,
,240132PS,,,,,,,,,,,,,,,,Homespice400,Homespice160,https://homespice.com/cdn/shop/files/denim_o_8_x28__5__1_1_100fcc89-d461-44e1-b387-5f10d5279f3b.jpg?v=1745925367,denim_o_8_x28__5__1_1_100fcc89-d461-44e1-b387-5f10d5279f3b.jpg?v=1745925367,,,Homespice800,denim_o_8_x28__5__1_1_100fcc89-d461-44e1-b387-5f10d5279f3b.jpg?v=1745925367,
,240148PS,,,,,,,,,,,,,,,,Homespice400,Homespice160,https://homespice.com/cdn/shop/files/denim_o_8_x28__5__1_1_100fcc89-d461-44e1-b387-5f10d5279f3b.jpg?v=1745925367,denim_o_8_x28__5__1_1_100fcc89-d461-44e1-b387-5f10d5279f3b.jpg?v=1745925367,,,Homespice800,denim_o_8_x28__5__1_1_100fcc89-d461-44e1-b387-5f10d5279f3b.jpg?v=1745925367,
,240100PS,,,,,,,,,,,,,,,,Homespice400,Homespice160,https://homespice.com/cdn/shop/files/mwi_denim_2000_2.jpg?v=1748254894,mwi_denim_2000_2.jpg?v=1748254894,,,Homespice800,mwi_denim_2000_2.jpg?v=1748254894,
,240116PS,,,,,,,,,,,,,,,,Homespice400,Homespice160,https://homespice.com/cdn/shop/files/mwi_denim_2000_2.jpg?v=1748254894,mwi_denim_2000_2.jpg?v=1748254894,,,Homespice800,mwi_denim_2000_2.jpg?v=1748254894,
,571830,,,,,,,,,,,,,,,,Homespice400,Homespice160,https://homespice.com/cdn/shop/files/mwi_flinthill_2000_2_1.jpg?v=1745416790,mwi_flinthill_2000_2_1.jpg?v=1745416790,,,Homespice800,mwi_flinthill_2000_2_1.jpg?v=1745416790,
,572837,,,,,,,,,,,,,,,,Homespice400,Homespice160,https://homespice.com/cdn/shop/files/mwi_flinthill_2000_2_1.jpg?v=1745416790,mwi_flinthill_2000_2_1.jpg?v=1745416790,,,Homespice800,mwi_flinthill_2000_2_1.jpg?v=1745416790,
,240063PS,,,,,,,,,,,,,,,,Homespice400,Homespice160,https://homespice.com/cdn/shop/files/mwi_flinthill_2000_2_1.jpg?v=1745416790,mwi_flinthill_2000_2_1.jpg?v=1745416790,,,Homespice800,mwi_flinthill_2000_2_1.jpg?v=1745416790,
,240079PS,,,,,,,,,,,,,,,,Homespice400,Homespice160,https://homespice.com/cdn/shop/files/mwi_flinthill_2000_2_1.jpg?v=1745416790,mwi_flinthill_2000_2_1.jpg?v=1745416790,,,Homespice800,mwi_flinthill_2000_2_1.jpg?v=1745416790,
,240047PS,,,,,,,,,,,,,,,,Homespice400,Homespice160,https://homespice.com/cdn/shop/files/mwi_flinthill_2000_2_1.jpg?v=1745416790,mwi_flinthill_2000_2_1.jpg?v=1745416790,,,Homespice800,mwi_flinthill_2000_2_1.jpg?v=1745416790,
,240177PS,,,,,,,,,,,,,,,,Homespice400,Homespice160,https://homespice.com/cdn/shop/files/mwi_flinthill_2000_2_1.jpg?v=1745416790,mwi_flinthill_2000_2_1.jpg?v=1745416790,,,Homespice800,mwi_flinthill_2000_2_1.jpg?v=1745416790,
,240015PS,,,,,,,,,,,,,,,,Homespice400,Homespice160,https://homespice.com/cdn/shop/files/mwi_flinthill_2000_2_1.jpg?v=1745416790,mwi_flinthill_2000_2_1.jpg?v=1745416790,,,Homespice800,mwi_flinthill_2000_2_1.jpg?v=1745416790,
,240031PS,,,,,,,,,,,,,,,,Homespice400,Homespice160,https://homespice.com/cdn/shop/files/mwi_flinthill_2000_2_1.jpg?v=1745416790,mwi_flinthill_2000_2_1.jpg?v=1745416790,,,Homespice800,mwi_flinthill_2000_2_1.jpg?v=1745416790,
,240139PS,,,,,,,,,,,,,,,,Homespice400,Homespice160,,,,,Homespice800,,
,240155PS,,,,,,,,,,,,,,,,Homespice400,Homespice160,https://homespice.com/cdn/shop/files/flint_hill_8_x28__9__1_a99d5bc6-ac2e-4e19-b7c6-8eb3e54f0b6d.jpg?v=1748253675,flint_hill_8_x28__9__1_a99d5bc6-ac2e-4e19-b7c6-8eb3e54f0b6d.jpg?v=1748253675,,,Homespice800,flint_hill_8_x28__9__1_a99d5bc6-ac2e-4e19-b7c6-8eb3e54f0b6d.jpg?v=1748253675,
,240107PS,,,,,,,,,,,,,,,,Homespice400,Homespice160,https://homespice.com/cdn/shop/files/mwi_flinthill_2000_2_1.jpg?v=1745416790,mwi_flinthill_2000_2_1.jpg?v=1745416790,,,Homespice800,mwi_flinthill_2000_2_1.jpg?v=1745416790,
,240123PS,,,,,,,,,,,,,,,,Homespice400,Homespice160,https://homespice.com/cdn/shop/files/mwi_flinthill_2000_2_1.jpg?v=1745416790,mwi_flinthill_2000_2_1.jpg?v=1745416790,,,Homespice800,mwi_flinthill_2000_2_1.jpg?v=1745416790,
,240086PS,,,,,,,,,,,,,,,,Homespice400,Homespice160,https://homespice.com/cdn/shop/files/mwi_gingerbread_2000_1.jpg?v=1748255039,mwi_gingerbread_2000_1.jpg?v=1748255039,,,Homespice800,mwi_gingerbread_2000_1.jpg?v=1748255039,
,240092PS,,,,,,,,,,,,,,,,Homespice400,Homespice160,https://homespice.com/cdn/shop/files/mwi_gingerbread_2000_1.jpg?v=1748255039,mwi_gingerbread_2000_1.jpg?v=1748255039,,,Homespice800,mwi_gingerbread_2000_1.jpg?v=1748255039,
,571809,,,,,,,,,,,,,,,,Homespice400,Homespice160,https://homespice.com/cdn/shop/files/mwi_gingerbread_2000_1.jpg?v=1748255039,mwi_gingerbread_2000_1.jpg?v=1748255039,,,Homespice800,mwi_gingerbread_2000_1.jpg?v=1748255039,
,572806,,,,,,,,,,,,,,,,Homespice400,Homespice160,https://homespice.com/cdn/shop/files/mwi_gingerbread_2000_1.jpg?v=1748255039,mwi_gingerbread_2000_1.jpg?v=1748255039,,,Homespice800,mwi_gingerbread_2000_1.jpg?v=1748255039,
,240062PS,,,,,,,,,,,,,,,,Homespice400,Homespice160,https://homespice.com/cdn/shop/files/mwi_gingerbread_2000_1.jpg?v=1748255039,mwi_gingerbread_2000_1.jpg?v=1748255039,,,Homespice800,mwi_gingerbread_2000_1.jpg?v=1748255039,
,240078PS,,,,,,,,,,,,,,,,Homespice400,Homespice160,https://homespice.com/cdn/shop/files/mwi_gingerbread_2000_1.jpg?v=1748255039,mwi_gingerbread_2000_1.jpg?v=1748255039,,,Homespice800,mwi_gingerbread_2000_1.jpg?v=1748255039,
,240046PS,,,,,,,,,,,,,,,,Homespice400,Homespice160,https://homespice.com/cdn/shop/files/mwi_gingerbread_2000_1.jpg?v=1748255039,mwi_gingerbread_2000_1.jpg?v=1748255039,,,Homespice800,mwi_gingerbread_2000_1.jpg?v=1748255039,
,240176PS,,,,,,,,,,,,,,,,Homespice400,Homespice160,https://homespice.com/cdn/shop/files/mwi_gingerbread_2000_1.jpg?v=1748255039,mwi_gingerbread_2000_1.jpg?v=1748255039,,,Homespice800,mwi_gingerbread_2000_1.jpg?v=1748255039,
,240162PS,,,,,,,,,,,,,,,,Homespice400,Homespice160,https://homespice.com/cdn/shop/files/mwi_gingerbread_2000_1.jpg?v=1748255039,mwi_gingerbread_2000_1.jpg?v=1748255039,,,Homespice800,mwi_gingerbread_2000_1.jpg?v=1748255039,
,240014PS,,,,,,,,,,,,,,,,Homespice400,Homespice160,https://homespice.com/cdn/shop/files/mwi_gingerbread_2000_1.jpg?v=1748255039,mwi_gingerbread_2000_1.jpg?v=1748255039,,,Homespice800,mwi_gingerbread_2000_1.jpg?v=1748255039,
,240030PS,,,,,,,,,,,,,,,,Homespice400,Homespice160,https://homespice.com/cdn/shop/files/mwi_gingerbread_2000_1.jpg?v=1748255039,mwi_gingerbread_2000_1.jpg?v=1748255039,,,Homespice800,mwi_gingerbread_2000_1.jpg?v=1748255039,
,240138PS,,,,,,,,,,,,,,,,Homespice400,Homespice160,https://homespice.com/cdn/shop/files/mwi_gingerbread_2000_1.jpg?v=1748255039,mwi_gingerbread_2000_1.jpg?v=1748255039,,,Homespice800,mwi_gingerbread_2000_1.jpg?v=1748255039,
,240154PS,,,,,,,,,,,,,,,,Homespice400,Homespice160,https://homespice.com/cdn/shop/files/mwi_gingerbread_2000_1.jpg?v=1748255039,mwi_gingerbread_2000_1.jpg?v=1748255039,,,Homespice800,mwi_gingerbread_2000_1.jpg?v=1748255039,
,240106PS,,,,,,,,,,,,,,,,Homespice400,Homespice160,https://homespice.com/cdn/shop/files/mwi_gingerbread_2000_1.jpg?v=1748255039,mwi_gingerbread_2000_1.jpg?v=1748255039,,,Homespice800,mwi_gingerbread_2000_1.jpg?v=1748255039,
,240122PS,,,,,,,,,,,,,,,,Homespice400,Homespice160,https://homespice.com/cdn/shop/files/mwi_gingerbread_2000_1.jpg?v=1748255039,mwi_gingerbread_2000_1.jpg?v=1748255039,,,Homespice800,mwi_gingerbread_2000_1.jpg?v=1748255039,
,571755,,,,,,,,,,,,,,,,Homespice400,Homespice160,https://homespice.com/cdn/shop/files/gloucester-jute-accessories.jpg?v=1745416862,gloucester-jute-accessories.jpg?v=1745416862,,,Homespice800,gloucester-jute-accessories.jpg?v=1745416862,
,572752,,,,,,,,,,,,,,,,Homespice400,Homespice160,https://homespice.com/cdn/shop/files/gloucester-jute-accessories.jpg?v=1745416862,gloucester-jute-accessories.jpg?v=1745416862,,,Homespice800,gloucester-jute-accessories.jpg?v=1745416862,
,240060PS,,,,,,,,,,,,,,,,Homespice400,Homespice160,https://homespice.com/cdn/shop/files/gloucester-jute-accessories.jpg?v=1745416862,gloucester-jute-accessories.jpg?v=1745416862,,,Homespice800,gloucester-jute-accessories.jpg?v=1745416862,
,240076PS,,,,,,,,,,,,,,,,Homespice400,Homespice160,https://homespice.com/cdn/shop/files/gloucester-jute-accessories.jpg?v=1745416862,gloucester-jute-accessories.jpg?v=1745416862,,,Homespice800,gloucester-jute-accessories.jpg?v=1745416862,
,240044PS,,,,,,,,,,,,,,,,Homespice400,Homespice160,https://homespice.com/cdn/shop/files/gloucester-jute-accessories.jpg?v=1745416862,gloucester-jute-accessories.jpg?v=1745416862,,,Homespice800,gloucester-jute-accessories.jpg?v=1745416862,
,240174PS,,,,,,,,,,,,,,,,Homespice400,Homespice160,https://homespice.com/cdn/shop/files/gloucester-jute-accessories.jpg?v=1745416862,gloucester-jute-accessories.jpg?v=1745416862,,,Homespice800,gloucester-jute-accessories.jpg?v=1745416862,
,240012PS,,,,,,,,,,,,,,,,Homespice400,Homespice160,https://homespice.com/cdn/shop/files/gloucester-jute-accessories.jpg?v=1745416862,gloucester-jute-accessories.jpg?v=1745416862,,,Homespice800,gloucester-jute-accessories.jpg?v=1745416862,
,240028PS,,,,,,,,,,,,,,,,Homespice400,Homespice160,https://homespice.com/cdn/shop/files/gloucester-jute-accessories.jpg?v=1745416862,gloucester-jute-accessories.jpg?v=1745416862,,,Homespice800,gloucester-jute-accessories.jpg?v=1745416862,
,240136PS,,,,,,,,,,,,,,,,Homespice400,Homespice160,https://homespice.com/cdn/shop/files/gloucester_8_x28__11__1_501d9fb7-933c-4c00-9e18-475b9f4895be.jpg?v=1745925208,gloucester_8_x28__11__1_501d9fb7-933c-4c00-9e18-475b9f4895be.jpg?v=1745925208,,,Homespice800,gloucester_8_x28__11__1_501d9fb7-933c-4c00-9e18-475b9f4895be.jpg?v=1745925208,
,240152PS,,,,,,,,,,,,,,,,Homespice400,Homespice160,https://homespice.com/cdn/shop/files/gloucester_8_x28__11__1_501d9fb7-933c-4c00-9e18-475b9f4895be.jpg?v=1745925208,gloucester_8_x28__11__1_501d9fb7-933c-4c00-9e18-475b9f4895be.jpg?v=1745925208,,,Homespice800,gloucester_8_x28__11__1_501d9fb7-933c-4c00-9e18-475b9f4895be.jpg?v=1745925208,
,240104PS,,,,,,,,,,,,,,,,Homespice400,Homespice160,https://homespice.com/cdn/shop/files/gloucester-jute-accessories.jpg?v=1745416862,gloucester-jute-accessories.jpg?v=1745416862,,,Homespice800,gloucester-jute-accessories.jpg?v=1745416862,
,240120PS,,,,,,,,,,,,,,,,Homespice400,Homespice160,https://homespice.com/cdn/shop/files/gloucester-jute-accessories.jpg?v=1745416862,gloucester-jute-accessories.jpg?v=1745416862,,,Homespice800,gloucester-jute-accessories.jpg?v=1745416862,
,571854,,,,,,,,,,,,,,,,Homespice400,Homespice160,https://homespice.com/cdn/shop/files/mwi_grey_cloud_2000_2.jpg?v=1745417559,mwi_grey_cloud_2000_2.jpg?v=1745417559,,,Homespice800,mwi_grey_cloud_2000_2.jpg?v=1745417559,
,572851,,,,,,,,,,,,,,,,Homespice400,Homespice160,https://homespice.com/cdn/shop/files/mwi_grey_cloud_2000_2.jpg?v=1745417559,mwi_grey_cloud_2000_2.jpg?v=1745417559,,,Homespice800,mwi_grey_cloud_2000_2.jpg?v=1745417559,
,240064PS,,,,,,,,,,,,,,,,Homespice400,Homespice160,https://homespice.com/cdn/shop/files/mwi_grey_cloud_2000_2.jpg?v=1745417559,mwi_grey_cloud_2000_2.jpg?v=1745417559,,,Homespice800,mwi_grey_cloud_2000_2.jpg?v=1745417559,
,240080PS,,,,,,,,,,,,,,,,Homespice400,Homespice160,https://homespice.com/cdn/shop/files/mwi_grey_cloud_2000_2.jpg?v=1745417559,mwi_grey_cloud_2000_2.jpg?v=1745417559,,,Homespice800,mwi_grey_cloud_2000_2.jpg?v=1745417559,
,240048PS,,,,,,,,,,,,,,,,Homespice400,Homespice160,https://homespice.com/cdn/shop/files/mwi_grey_cloud_2000_2.jpg?v=1745417559,mwi_grey_cloud_2000_2.jpg?v=1745417559,,,Homespice800,mwi_grey_cloud_2000_2.jpg?v=1745417559,
,240178PS,,,,,,,,,,,,,,,,Homespice400,Homespice160,https://homespice.com/cdn/shop/files/mwi_grey_cloud_2000_2.jpg?v=1745417559,mwi_grey_cloud_2000_2.jpg?v=1745417559,,,Homespice800,mwi_grey_cloud_2000_2.jpg?v=1745417559,
,240016PS,,,,,,,,,,,,,,,,Homespice400,Homespice160,https://homespice.com/cdn/shop/files/mwi_grey_cloud_2000_2.jpg?v=1745417559,mwi_grey_cloud_2000_2.jpg?v=1745417559,,,Homespice800,mwi_grey_cloud_2000_2.jpg?v=1745417559,
,240032PS,,,,,,,,,,,,,,,,Homespice400,Homespice160,https://homespice.com/cdn/shop/files/mwi_grey_cloud_2000_2.jpg?v=1745417559,mwi_grey_cloud_2000_2.jpg?v=1745417559,,,Homespice800,mwi_grey_cloud_2000_2.jpg?v=1745417559,
,240140PS,,,,,,,,,,,,,,,,Homespice400,Homespice160,https://homespice.com/cdn/shop/files/grey_cloud_8_x28__5__2_de8bea87-d4e8-4f09-8728-e4954c5a4998.jpg?v=1748255331,grey_cloud_8_x28__5__2_de8bea87-d4e8-4f09-8728-e4954c5a4998.jpg?v=1748255331,,,Homespice800,grey_cloud_8_x28__5__2_de8bea87-d4e8-4f09-8728-e4954c5a4998.jpg?v=1748255331,
,240156PS,,,,,,,,,,,,,,,,Homespice400,Homespice160,https://homespice.com/cdn/shop/files/grey_cloud_8_x28__5__2_de8bea87-d4e8-4f09-8728-e4954c5a4998.jpg?v=1748255331,grey_cloud_8_x28__5__2_de8bea87-d4e8-4f09-8728-e4954c5a4998.jpg?v=1748255331,,,Homespice800,grey_cloud_8_x28__5__2_de8bea87-d4e8-4f09-8728-e4954c5a4998.jpg?v=1748255331,
,240108PS,,,,,,,,,,,,,,,,Homespice400,Homespice160,https://homespice.com/cdn/shop/files/mwi_grey_cloud_2000_2.jpg?v=1745417559,mwi_grey_cloud_2000_2.jpg?v=1745417559,,,Homespice800,mwi_grey_cloud_2000_2.jpg?v=1745417559,
,240124PS,,,,,,,,,,,,,,,,Homespice400,Homespice160,https://homespice.com/cdn/shop/files/mwi_grey_cloud_2000_2.jpg?v=1745417559,mwi_grey_cloud_2000_2.jpg?v=1745417559,,,Homespice800,mwi_grey_cloud_2000_2.jpg?v=1745417559,
,240081PS,,,,,,,,,,,,,,,,Homespice400,Homespice160,https://homespice.com/cdn/shop/files/mwi_harvest_2000_2.jpg?v=1745416818,mwi_harvest_2000_2.jpg?v=1745416818,,,Homespice800,mwi_harvest_2000_2.jpg?v=1745416818,
,240087PS,,,,,,,,,,,,,,,,Homespice400,Homespice160,https://homespice.com/cdn/shop/files/mwi_harvest_2000_2.jpg?v=1745416818,mwi_harvest_2000_2.jpg?v=1745416818,,,Homespice800,mwi_harvest_2000_2.jpg?v=1745416818,
,571076,,,,,,,,,,,,,,,,Homespice400,Homespice160,https://homespice.com/cdn/shop/files/mwi_harvest_2000_2.jpg?v=1745416818,mwi_harvest_2000_2.jpg?v=1745416818,,,Homespice800,mwi_harvest_2000_2.jpg?v=1745416818,
,572073,,,,,,,,,,,,,,,,Homespice400,Homespice160,https://homespice.com/cdn/shop/files/mwi_harvest_2000_2.jpg?v=1745416818,mwi_harvest_2000_2.jpg?v=1745416818,,,Homespice800,mwi_harvest_2000_2.jpg?v=1745416818,
,240050PS,,,,,,,,,,,,,,,,Homespice400,Homespice160,https://homespice.com/cdn/shop/files/mwi_harvest_2000_2.jpg?v=1745416818,mwi_harvest_2000_2.jpg?v=1745416818,,,Homespice800,mwi_harvest_2000_2.jpg?v=1745416818,
,240066PS,,,,,,,,,,,,,,,,Homespice400,Homespice160,https://homespice.com/cdn/shop/files/mwi_harvest_2000_2.jpg?v=1745416818,mwi_harvest_2000_2.jpg?v=1745416818,,,Homespice800,mwi_harvest_2000_2.jpg?v=1745416818,
,240036PS,,,,,,,,,,,,,,,,Homespice400,Homespice160,https://homespice.com/cdn/shop/files/mwi_harvest_2000_2.jpg?v=1745416818,mwi_harvest_2000_2.jpg?v=1745416818,,,Homespice800,mwi_harvest_2000_2.jpg?v=1745416818,
,240166PS,,,,,,,,,,,,,,,,Homespice400,Homespice160,https://homespice.com/cdn/shop/files/mwi_harvest_2000_2.jpg?v=1745416818,mwi_harvest_2000_2.jpg?v=1745416818,,,Homespice800,mwi_harvest_2000_2.jpg?v=1745416818,
,240157PS,,,,,,,,,,,,,,,,Homespice400,Homespice160,https://homespice.com/cdn/shop/files/mwi_harvest_2000_2.jpg?v=1745416818,mwi_harvest_2000_2.jpg?v=1745416818,,,Homespice800,mwi_harvest_2000_2.jpg?v=1745416818,
,240002PS,,,,,,,,,,,,,,,,Homespice400,Homespice160,https://homespice.com/cdn/shop/files/mwi_harvest_2000_2.jpg?v=1745416818,mwi_harvest_2000_2.jpg?v=1745416818,,,Homespice800,mwi_harvest_2000_2.jpg?v=1745416818,
,240018PS,,,,,,,,,,,,,,,,Homespice400,Homespice160,https://homespice.com/cdn/shop/files/mwi_harvest_2000_2.jpg?v=1745416818,mwi_harvest_2000_2.jpg?v=1745416818,,,Homespice800,mwi_harvest_2000_2.jpg?v=1745416818,
,240126PS,,,,,,,,,,,,,,,,Homespice400,Homespice160,https://homespice.com/cdn/shop/files/harvest_8_x28__9__1_73369e85-d134-4c07-8f60-a99a50ecccfe.jpg?v=1745924949,harvest_8_x28__9__1_73369e85-d134-4c07-8f60-a99a50ecccfe.jpg?v=1745924949,,,Homespice800,harvest_8_x28__9__1_73369e85-d134-4c07-8f60-a99a50ecccfe.jpg?v=1745924949,
,240142PS,,,,,,,,,,,,,,,,Homespice400,Homespice160,https://homespice.com/cdn/shop/files/harvest_8_x28__9__1_73369e85-d134-4c07-8f60-a99a50ecccfe.jpg?v=1745924949,harvest_8_x28__9__1_73369e85-d134-4c07-8f60-a99a50ecccfe.jpg?v=1745924949,,,Homespice800,harvest_8_x28__9__1_73369e85-d134-4c07-8f60-a99a50ecccfe.jpg?v=1745924949,
,240094PS,,,,,,,,,,,,,,,,Homespice400,Homespice160,https://homespice.com/cdn/shop/files/mwi_harvest_2000_2.jpg?v=1745416818,mwi_harvest_2000_2.jpg?v=1745416818,,,Homespice800,mwi_harvest_2000_2.jpg?v=1745416818,
,240110PS,,,,,,,,,,,,,,,,Homespice400,Homespice160,https://homespice.com/cdn/shop/files/mwi_harvest_2000_2.jpg?v=1745416818,mwi_harvest_2000_2.jpg?v=1745416818,,,Homespice800,mwi_harvest_2000_2.jpg?v=1745416818,
,571793,,,,,,,,,,,,,,,,Homespice400,Homespice160,https://homespice.com/cdn/shop/files/highland-jute-accessories.jpg?v=1745416870,highland-jute-accessories.jpg?v=1745416870,,,Homespice800,highland-jute-accessories.jpg?v=1745416870,
,572790,,,,,,,,,,,,,,,,Homespice400,Homespice160,https://homespice.com/cdn/shop/files/highland-jute-accessories.jpg?v=1745416870,highland-jute-accessories.jpg?v=1745416870,,,Homespice800,highland-jute-accessories.jpg?v=1745416870,
,240061PS,,,,,,,,,,,,,,,,Homespice400,Homespice160,https://homespice.com/cdn/shop/files/highland-jute-accessories.jpg?v=1745416870,highland-jute-accessories.jpg?v=1745416870,,,Homespice800,highland-jute-accessories.jpg?v=1745416870,
,240077PS,,,,,,,,,,,,,,,,Homespice400,Homespice160,https://homespice.com/cdn/shop/files/highland-jute-accessories.jpg?v=1745416870,highland-jute-accessories.jpg?v=1745416870,,,Homespice800,highland-jute-accessories.jpg?v=1745416870,
,240045PS,,,,,,,,,,,,,,,,Homespice400,Homespice160,https://homespice.com/cdn/shop/files/highland-jute-accessories.jpg?v=1745416870,highland-jute-accessories.jpg?v=1745416870,,,Homespice800,highland-jute-accessories.jpg?v=1745416870,
,240175PS,,,,,,,,,,,,,,,,Homespice400,Homespice160,https://homespice.com/cdn/shop/files/highland-jute-accessories.jpg?v=1745416870,highland-jute-accessories.jpg?v=1745416870,,,Homespice800,highland-jute-accessories.jpg?v=1745416870,
,240013PS,,,,,,,,,,,,,,,,Homespice400,Homespice160,https://homespice.com/cdn/shop/files/highland-jute-accessories.jpg?v=1745416870,highland-jute-accessories.jpg?v=1745416870,,,Homespice800,highland-jute-accessories.jpg?v=1745416870,
,240029PS,,,,,,,,,,,,,,,,Homespice400,Homespice160,https://homespice.com/cdn/shop/files/highland-jute-accessories.jpg?v=1745416870,highland-jute-accessories.jpg?v=1745416870,,,Homespice800,highland-jute-accessories.jpg?v=1745416870,
,240137PS,,,,,,,,,,,,,,,,Homespice400,Homespice160,https://homespice.com/cdn/shop/files/highland-jute-accessories.jpg?v=1745416870,highland-jute-accessories.jpg?v=1745416870,,,Homespice800,highland-jute-accessories.jpg?v=1745416870,
,240153PS,,,,,,,,,,,,,,,,Homespice400,Homespice160,https://homespice.com/cdn/shop/files/highland-jute-accessories.jpg?v=1745416870,highland-jute-accessories.jpg?v=1745416870,,,Homespice800,highland-jute-accessories.jpg?v=1745416870,
,240105PS,,,,,,,,,,,,,,,,Homespice400,Homespice160,https://homespice.com/cdn/shop/files/highland-jute-accessories.jpg?v=1745416870,highland-jute-accessories.jpg?v=1745416870,,,Homespice800,highland-jute-accessories.jpg?v=1745416870,
,240121PS,,,,,,,,,,,,,,,,Homespice400,Homespice160,https://homespice.com/cdn/shop/files/highland-jute-accessories.jpg?v=1745416870,highland-jute-accessories.jpg?v=1745416870,,,Homespice800,highland-jute-accessories.jpg?v=1745416870,
,240084PS,,,,,,,,,,,,,,,,Homespice400,Homespice160,https://homespice.com/cdn/shop/files/mwi_kilimanjaro_2000_1.jpg?v=1745924996,mwi_kilimanjaro_2000_1.jpg?v=1745924996,,,Homespice800,mwi_kilimanjaro_2000_1.jpg?v=1745924996,
,240090PS,,,,,,,,,,,,,,,,Homespice400,Homespice160,https://homespice.com/cdn/shop/files/mwi_kilimanjaro_2000_1.jpg?v=1745924996,mwi_kilimanjaro_2000_1.jpg?v=1745924996,,,Homespice800,mwi_kilimanjaro_2000_1.jpg?v=1745924996,
,571212,,,,,,,,,,,,,,,,Homespice400,Homespice160,https://homespice.com/cdn/shop/files/mwi_kilimanjaro_2000_1.jpg?v=1745924996,mwi_kilimanjaro_2000_1.jpg?v=1745924996,,,Homespice800,mwi_kilimanjaro_2000_1.jpg?v=1745924996,
,572219,,,,,,,,,,,,,,,,Homespice400,Homespice160,https://homespice.com/cdn/shop/files/mwi_kilimanjaro_2000_1.jpg?v=1745924996,mwi_kilimanjaro_2000_1.jpg?v=1745924996,,,Homespice800,mwi_kilimanjaro_2000_1.jpg?v=1745924996,
,240054PS,,,,,,,,,,,,,,,,Homespice400,Homespice160,https://homespice.com/cdn/shop/files/mwi_kilimanjaro_2000_1.jpg?v=1745924996,mwi_kilimanjaro_2000_1.jpg?v=1745924996,,,Homespice800,mwi_kilimanjaro_2000_1.jpg?v=1745924996,
,240070PS,,,,,,,,,,,,,,,,Homespice400,Homespice160,https://homespice.com/cdn/shop/files/mwi_kilimanjaro_2000_1.jpg?v=1745924996,mwi_kilimanjaro_2000_1.jpg?v=1745924996,,,Homespice800,mwi_kilimanjaro_2000_1.jpg?v=1745924996,
,240040PS,,,,,,,,,,,,,,,,Homespice400,Homespice160,https://homespice.com/cdn/shop/files/mwi_kilimanjaro_2000_1.jpg?v=1745924996,mwi_kilimanjaro_2000_1.jpg?v=1745924996,,,Homespice800,mwi_kilimanjaro_2000_1.jpg?v=1745924996,
,240170PS,,,,,,,,,,,,,,,,Homespice400,Homespice160,https://homespice.com/cdn/shop/files/mwi_kilimanjaro_2000_1.jpg?v=1745924996,mwi_kilimanjaro_2000_1.jpg?v=1745924996,,,Homespice800,mwi_kilimanjaro_2000_1.jpg?v=1745924996,
,240160PS,,,,,,,,,,,,,,,,Homespice400,Homespice160,https://homespice.com/cdn/shop/files/mwi_kilimanjaro_2000_1.jpg?v=1745924996,mwi_kilimanjaro_2000_1.jpg?v=1745924996,,,Homespice800,mwi_kilimanjaro_2000_1.jpg?v=1745924996,
,240006PS,,,,,,,,,,,,,,,,Homespice400,Homespice160,https://homespice.com/cdn/shop/files/mwi_kilimanjaro_2000_1.jpg?v=1745924996,mwi_kilimanjaro_2000_1.jpg?v=1745924996,,,Homespice800,mwi_kilimanjaro_2000_1.jpg?v=1745924996,
,240022PS,,,,,,,,,,,,,,,,Homespice400,Homespice160,https://homespice.com/cdn/shop/files/mwi_kilimanjaro_2000_1.jpg?v=1745924996,mwi_kilimanjaro_2000_1.jpg?v=1745924996,,,Homespice800,mwi_kilimanjaro_2000_1.jpg?v=1745924996,
,240130PS,,,,,,,,,,,,,,,,Homespice400,Homespice160,https://homespice.com/cdn/shop/files/kilimanjaro_8_x28__1__1_1_0a411a68-af31-4b24-94ca-4c73dfbf2189.jpg?v=1745924997,kilimanjaro_8_x28__1__1_1_0a411a68-af31-4b24-94ca-4c73dfbf2189.jpg?v=1745924997,,,Homespice800,kilimanjaro_8_x28__1__1_1_0a411a68-af31-4b24-94ca-4c73dfbf2189.jpg?v=1745924997,
,240146PS,,,,,,,,,,,,,,,,Homespice400,Homespice160,https://homespice.com/cdn/shop/files/kilimanjaro_8_x28__1__1_1_0a411a68-af31-4b24-94ca-4c73dfbf2189.jpg?v=1745924997,kilimanjaro_8_x28__1__1_1_0a411a68-af31-4b24-94ca-4c73dfbf2189.jpg?v=1745924997,,,Homespice800,kilimanjaro_8_x28__1__1_1_0a411a68-af31-4b24-94ca-4c73dfbf2189.jpg?v=1745924997,
,240098PS,,,,,,,,,,,,,,,,Homespice400,Homespice160,https://homespice.com/cdn/shop/files/mwi_kilimanjaro_2000_1.jpg?v=1745924996,mwi_kilimanjaro_2000_1.jpg?v=1745924996,,,Homespice800,mwi_kilimanjaro_2000_1.jpg?v=1745924996,
,240114PS,,,,,,,,,,,,,,,,Homespice400,Homespice160,https://homespice.com/cdn/shop/files/mwi_kilimanjaro_2000_1.jpg?v=1745924996,mwi_kilimanjaro_2000_1.jpg?v=1745924996,,,Homespice800,mwi_kilimanjaro_2000_1.jpg?v=1745924996,
,240082PS,,,,,,,,,,,,,,,,Homespice400,Homespice160,https://homespice.com/cdn/shop/files/mwi_kingston_2000.jpg?v=1745416832,mwi_kingston_2000.jpg?v=1745416832,,,Homespice800,mwi_kingston_2000.jpg?v=1745416832,
,240088PS,,,,,,,,,,,,,,,,Homespice400,Homespice160,https://homespice.com/cdn/shop/files/mwi_kingston_2000.jpg?v=1745416832,mwi_kingston_2000.jpg?v=1745416832,,,Homespice800,mwi_kingston_2000.jpg?v=1745416832,
,240051PS,,,,,,,,,,,,,,,,Homespice400,Homespice160,https://homespice.com/cdn/shop/files/mwi_kingston_2000.jpg?v=1745416832,mwi_kingston_2000.jpg?v=1745416832,,,Homespice800,mwi_kingston_2000.jpg?v=1745416832,
,240067PS,,,,,,,,,,,,,,,,Homespice400,Homespice160,https://homespice.com/cdn/shop/files/mwi_kingston_2000.jpg?v=1745416832,mwi_kingston_2000.jpg?v=1745416832,,,Homespice800,mwi_kingston_2000.jpg?v=1745416832,
,240037PS,,,,,,,,,,,,,,,,Homespice400,Homespice160,https://homespice.com/cdn/shop/files/mwi_kingston_2000.jpg?v=1745416832,mwi_kingston_2000.jpg?v=1745416832,,,Homespice800,mwi_kingston_2000.jpg?v=1745416832,
,240167PS,,,,,,,,,,,,,,,,Homespice400,Homespice160,https://homespice.com/cdn/shop/files/mwi_kingston_2000.jpg?v=1745416832,mwi_kingston_2000.jpg?v=1745416832,,,Homespice800,mwi_kingston_2000.jpg?v=1745416832,
,240158PS,,,,,,,,,,,,,,,,Homespice400,Homespice160,https://homespice.com/cdn/shop/files/mwi_kingston_2000.jpg?v=1745416832,mwi_kingston_2000.jpg?v=1745416832,,,Homespice800,mwi_kingston_2000.jpg?v=1745416832,
,240003PS,,,,,,,,,,,,,,,,Homespice400,Homespice160,https://homespice.com/cdn/shop/files/mwi_kingston_2000.jpg?v=1745416832,mwi_kingston_2000.jpg?v=1745416832,,,Homespice800,mwi_kingston_2000.jpg?v=1745416832,
,240019PS,,,,,,,,,,,,,,,,Homespice400,Homespice160,https://homespice.com/cdn/shop/files/mwi_kingston_2000.jpg?v=1745416832,mwi_kingston_2000.jpg?v=1745416832,,,Homespice800,mwi_kingston_2000.jpg?v=1745416832,
,240127PS,,,,,,,,,,,,,,,,Homespice400,Homespice160,https://homespice.com/cdn/shop/files/kingston_8_x28__10__1_1_c3625fd6-3e1f-49da-936a-be743c80549e.jpg?v=1748253341,kingston_8_x28__10__1_1_c3625fd6-3e1f-49da-936a-be743c80549e.jpg?v=1748253341,,,Homespice800,kingston_8_x28__10__1_1_c3625fd6-3e1f-49da-936a-be743c80549e.jpg?v=1748253341,
,240143PS,,,,,,,,,,,,,,,,Homespice400,Homespice160,https://homespice.com/cdn/shop/files/kingston_8_x28__10__1_1_c3625fd6-3e1f-49da-936a-be743c80549e.jpg?v=1748253341,kingston_8_x28__10__1_1_c3625fd6-3e1f-49da-936a-be743c80549e.jpg?v=1748253341,,,Homespice800,kingston_8_x28__10__1_1_c3625fd6-3e1f-49da-936a-be743c80549e.jpg?v=1748253341,
,240095PS,,,,,,,,,,,,,,,,Homespice400,Homespice160,https://homespice.com/cdn/shop/files/mwi_kingston_2000.jpg?v=1745416832,mwi_kingston_2000.jpg?v=1745416832,,,Homespice800,mwi_kingston_2000.jpg?v=1745416832,
,240111PS,,,,,,,,,,,,,,,,Homespice400,Homespice160,https://homespice.com/cdn/shop/files/mwi_kingston_2000.jpg?v=1745416832,mwi_kingston_2000.jpg?v=1745416832,,,Homespice800,mwi_kingston_2000.jpg?v=1745416832,
,571090,,,,,,,,,,,,,,,,Homespice400,Homespice160,https://homespice.com/cdn/shop/files/mwi_kingston_2000.jpg?v=1745416832,mwi_kingston_2000.jpg?v=1745416832,,,Homespice800,mwi_kingston_2000.jpg?v=1745416832,
,572097,,,,,,,,,,,,,,,,Homespice400,Homespice160,https://homespice.com/cdn/shop/files/mwi_kingston_2000.jpg?v=1745416832,mwi_kingston_2000.jpg?v=1745416832,,,Homespice800,mwi_kingston_2000.jpg?v=1745416832,
,571724,,,,,,,,,,,,,,,,Homespice400,Homespice160,https://homespice.com/cdn/shop/files/manchester-jute-accessories.jpg?v=1745416877,manchester-jute-accessories.jpg?v=1745416877,,,Homespice800,manchester-jute-accessories.jpg?v=1745416877,
,572721,,,,,,,,,,,,,,,,Homespice400,Homespice160,https://homespice.com/cdn/shop/files/manchester-jute-accessories.jpg?v=1745416877,manchester-jute-accessories.jpg?v=1745416877,,,Homespice800,manchester-jute-accessories.jpg?v=1745416877,
,240058PS,,,,,,,,,,,,,,,,Homespice400,Homespice160,https://homespice.com/cdn/shop/files/manchester-jute-accessories.jpg?v=1745416877,manchester-jute-accessories.jpg?v=1745416877,,,Homespice800,manchester-jute-accessories.jpg?v=1745416877,
,240074PS,,,,,,,,,,,,,,,,Homespice400,Homespice160,https://homespice.com/cdn/shop/files/manchester-jute-accessories.jpg?v=1745416877,manchester-jute-accessories.jpg?v=1745416877,,,Homespice800,manchester-jute-accessories.jpg?v=1745416877,
,240034PS,,,,,,,,,,,,,,,,Homespice400,Homespice160,https://homespice.com/cdn/shop/files/manchester-jute-accessories.jpg?v=1745416877,manchester-jute-accessories.jpg?v=1745416877,,,Homespice800,manchester-jute-accessories.jpg?v=1745416877,
,240164PS,,,,,,,,,,,,,,,,Homespice400,Homespice160,https://homespice.com/cdn/shop/files/manchester-jute-accessories.jpg?v=1745416877,manchester-jute-accessories.jpg?v=1745416877,,,Homespice800,manchester-jute-accessories.jpg?v=1745416877,
,240010PS,,,,,,,,,,,,,,,,Homespice400,Homespice160,https://homespice.com/cdn/shop/files/manchester-jute-accessories.jpg?v=1745416877,manchester-jute-accessories.jpg?v=1745416877,,,Homespice800,manchester-jute-accessories.jpg?v=1745416877,
,240026PS,,,,,,,,,,,,,,,,Homespice400,Homespice160,https://homespice.com/cdn/shop/files/manchester-jute-accessories.jpg?v=1745416877,manchester-jute-accessories.jpg?v=1745416877,,,Homespice800,manchester-jute-accessories.jpg?v=1745416877,
,240134PS,,,,,,,,,,,,,,,,Homespice400,Homespice160,https://homespice.com/cdn/shop/files/manchester_8_x28__4__1_be59f5a9-eb62-4c97-a665-155297609da2.jpg?v=1745925281,manchester_8_x28__4__1_be59f5a9-eb62-4c97-a665-155297609da2.jpg?v=1745925281,,,Homespice800,manchester_8_x28__4__1_be59f5a9-eb62-4c97-a665-155297609da2.jpg?v=1745925281,
,240150PS,,,,,,,,,,,,,,,,Homespice400,Homespice160,https://homespice.com/cdn/shop/files/manchester_8_x28__4__1_be59f5a9-eb62-4c97-a665-155297609da2.jpg?v=1745925281,manchester_8_x28__4__1_be59f5a9-eb62-4c97-a665-155297609da2.jpg?v=1745925281,,,Homespice800,manchester_8_x28__4__1_be59f5a9-eb62-4c97-a665-155297609da2.jpg?v=1745925281,
,240102PS,,,,,,,,,,,,,,,,Homespice400,Homespice160,https://homespice.com/cdn/shop/files/manchester-jute-accessories.jpg?v=1745416877,manchester-jute-accessories.jpg?v=1745416877,,,Homespice800,manchester-jute-accessories.jpg?v=1745416877,
,240118PS,,,,,,,,,,,,,,,,Homespice400,Homespice160,https://homespice.com/cdn/shop/files/manchester-jute-accessories.jpg?v=1745416877,manchester-jute-accessories.jpg?v=1745416877,,,Homespice800,manchester-jute-accessories.jpg?v=1745416877,
,571748,,,,,,,,,,,,,,,,Homespice400,Homespice160,https://homespice.com/cdn/shop/files/mwi_pinecone_2000.jpg?v=1748254690,mwi_pinecone_2000.jpg?v=1748254690,,,Homespice800,mwi_pinecone_2000.jpg?v=1748254690,
,572745,,,,,,,,,,,,,,,,Homespice400,Homespice160,https://homespice.com/cdn/shop/files/mwi_pinecone_2000.jpg?v=1748254690,mwi_pinecone_2000.jpg?v=1748254690,,,Homespice800,mwi_pinecone_2000.jpg?v=1748254690,
,240059PS,,,,,,,,,,,,,,,,Homespice400,Homespice160,https://homespice.com/cdn/shop/files/mwi_pinecone_2000.jpg?v=1748254690,mwi_pinecone_2000.jpg?v=1748254690,,,Homespice800,mwi_pinecone_2000.jpg?v=1748254690,
,240075PS,,,,,,,,,,,,,,,,Homespice400,Homespice160,https://homespice.com/cdn/shop/files/mwi_pinecone_2000.jpg?v=1748254690,mwi_pinecone_2000.jpg?v=1748254690,,,Homespice800,mwi_pinecone_2000.jpg?v=1748254690,
,240043PS,,,,,,,,,,,,,,,,Homespice400,Homespice160,https://homespice.com/cdn/shop/files/mwi_pinecone_2000.jpg?v=1748254690,mwi_pinecone_2000.jpg?v=1748254690,,,Homespice800,mwi_pinecone_2000.jpg?v=1748254690,
,240173PS,,,,,,,,,,,,,,,,Homespice400,Homespice160,https://homespice.com/cdn/shop/files/mwi_pinecone_2000.jpg?v=1748254690,mwi_pinecone_2000.jpg?v=1748254690,,,Homespice800,mwi_pinecone_2000.jpg?v=1748254690,
,240011PS,,,,,,,,,,,,,,,,Homespice400,Homespice160,https://homespice.com/cdn/shop/files/mwi_pinecone_2000.jpg?v=1748254690,mwi_pinecone_2000.jpg?v=1748254690,,,Homespice800,mwi_pinecone_2000.jpg?v=1748254690,
,240027PS,,,,,,,,,,,,,,,,Homespice400,Homespice160,https://homespice.com/cdn/shop/files/mwi_pinecone_2000.jpg?v=1748254690,mwi_pinecone_2000.jpg?v=1748254690,,,Homespice800,mwi_pinecone_2000.jpg?v=1748254690,
,240135PS,,,,,,,,,,,,,,,,Homespice400,Homespice160,https://homespice.com/cdn/shop/files/pinecone_8_x28__10__1_49fc3aa2-bc23-4f19-a91a-c66d0cd322b3.jpg?v=1745925320,pinecone_8_x28__10__1_49fc3aa2-bc23-4f19-a91a-c66d0cd322b3.jpg?v=1745925320,,,Homespice800,pinecone_8_x28__10__1_49fc3aa2-bc23-4f19-a91a-c66d0cd322b3.jpg?v=1745925320,
,240151PS,,,,,,,,,,,,,,,,Homespice400,Homespice160,https://homespice.com/cdn/shop/files/pinecone_8_x28__10__1_49fc3aa2-bc23-4f19-a91a-c66d0cd322b3.jpg?v=1745925320,pinecone_8_x28__10__1_49fc3aa2-bc23-4f19-a91a-c66d0cd322b3.jpg?v=1745925320,,,Homespice800,pinecone_8_x28__10__1_49fc3aa2-bc23-4f19-a91a-c66d0cd322b3.jpg?v=1745925320,
,240103PS,,,,,,,,,,,,,,,,Homespice400,Homespice160,https://homespice.com/cdn/shop/files/mwi_pinecone_2000.jpg?v=1748254690,mwi_pinecone_2000.jpg?v=1748254690,,,Homespice800,mwi_pinecone_2000.jpg?v=1748254690,
,240119PS,,,,,,,,,,,,,,,,Homespice400,Homespice160,https://homespice.com/cdn/shop/files/mwi_pinecone_2000.jpg?v=1748254690,mwi_pinecone_2000.jpg?v=1748254690,,,Homespice800,mwi_pinecone_2000.jpg?v=1748254690,
,571564,,,,,,,,,,,,,,,,Homespice400,Homespice160,https://homespice.com/cdn/shop/files/prescott-jute-accessories.jpg?v=1745416900,prescott-jute-accessories.jpg?v=1745416900,,,Homespice800,prescott-jute-accessories.jpg?v=1745416900,
,572561,,,,,,,,,,,,,,,,Homespice400,Homespice160,https://homespice.com/cdn/shop/files/prescott-jute-accessories.jpg?v=1745416900,prescott-jute-accessories.jpg?v=1745416900,,,Homespice800,prescott-jute-accessories.jpg?v=1745416900,
,240055PS,,,,,,,,,,,,,,,,Homespice400,Homespice160,https://homespice.com/cdn/shop/files/prescott-jute-accessories.jpg?v=1745416900,prescott-jute-accessories.jpg?v=1745416900,,,Homespice800,prescott-jute-accessories.jpg?v=1745416900,
,240071PS,,,,,,,,,,,,,,,,Homespice400,Homespice160,https://homespice.com/cdn/shop/files/prescott-jute-accessories.jpg?v=1745416900,prescott-jute-accessories.jpg?v=1745416900,,,Homespice800,prescott-jute-accessories.jpg?v=1745416900,
,240041PS,,,,,,,,,,,,,,,,Homespice400,Homespice160,https://homespice.com/cdn/shop/files/prescott-jute-accessories.jpg?v=1745416900,prescott-jute-accessories.jpg?v=1745416900,,,Homespice800,prescott-jute-accessories.jpg?v=1745416900,
,240171PS,,,,,,,,,,,,,,,,Homespice400,Homespice160,https://homespice.com/cdn/shop/files/prescott-jute-accessories.jpg?v=1745416900,prescott-jute-accessories.jpg?v=1745416900,,,Homespice800,prescott-jute-accessories.jpg?v=1745416900,
,240007PS,,,,,,,,,,,,,,,,Homespice400,Homespice160,https://homespice.com/cdn/shop/files/prescott-jute-accessories.jpg?v=1745416900,prescott-jute-accessories.jpg?v=1745416900,,,Homespice800,prescott-jute-accessories.jpg?v=1745416900,
,240023PS,,,,,,,,,,,,,,,,Homespice400,Homespice160,https://homespice.com/cdn/shop/files/prescott-jute-accessories.jpg?v=1745416900,prescott-jute-accessories.jpg?v=1745416900,,,Homespice800,prescott-jute-accessories.jpg?v=1745416900,
,240131PS,,,,,,,,,,,,,,,,Homespice400,Homespice160,https://homespice.com/cdn/shop/files/prescott_8_x28__4__1_1_25e2ed77-a06f-417b-8ae4-64bc9fe3cc77.jpg?v=1745925407,prescott_8_x28__4__1_1_25e2ed77-a06f-417b-8ae4-64bc9fe3cc77.jpg?v=1745925407,,,Homespice800,prescott_8_x28__4__1_1_25e2ed77-a06f-417b-8ae4-64bc9fe3cc77.jpg?v=1745925407,
,240147PS,,,,,,,,,,,,,,,,Homespice400,Homespice160,https://homespice.com/cdn/shop/files/prescott_8_x28__4__1_1_25e2ed77-a06f-417b-8ae4-64bc9fe3cc77.jpg?v=1745925407,prescott_8_x28__4__1_1_25e2ed77-a06f-417b-8ae4-64bc9fe3cc77.jpg?v=1745925407,,,Homespice800,prescott_8_x28__4__1_1_25e2ed77-a06f-417b-8ae4-64bc9fe3cc77.jpg?v=1745925407,
,240099PS,,,,,,,,,,,,,,,,Homespice400,Homespice160,https://homespice.com/cdn/shop/files/prescott-jute-accessories.jpg?v=1745416900,prescott-jute-accessories.jpg?v=1745416900,,,Homespice800,prescott-jute-accessories.jpg?v=1745416900,
,240115PS,,,,,,,,,,,,,,,,Homespice400,Homespice160,https://homespice.com/cdn/shop/files/prescott-jute-accessories.jpg?v=1745416900,prescott-jute-accessories.jpg?v=1745416900,,,Homespice800,prescott-jute-accessories.jpg?v=1745416900,
,240125PS,,,,,,,,,,,,,,,,Homespice400,Homespice160,https://homespice.com/cdn/shop/files/russett_8_x28__10__1_1.jpg?v=1745417519,russett_8_x28__10__1_1.jpg?v=1745417519,,,Homespice800,russett_8_x28__10__1_1.jpg?v=1745417519,
,240141PS,,,,,,,,,,,,,,,,Homespice400,Homespice160,https://homespice.com/cdn/shop/files/russett_8_x28__10__1_1.jpg?v=1745417519,russett_8_x28__10__1_1.jpg?v=1745417519,,,Homespice800,russett_8_x28__10__1_1.jpg?v=1745417519,
,501141,,,,,,,,,,,,,,,,Homespice400,Homespice160,https://homespice.com/cdn/shop/files/azalea_7.jpg?v=1745417021,azalea_7.jpg?v=1745417021,,,Homespice800,azalea_7.jpg?v=1745417021,
,511140,,,,,,,,,,,,,,,,Homespice400,Homespice160,https://homespice.com/cdn/shop/files/azalea_8.jpg?v=1745417308,azalea_8.jpg?v=1745417308,,,Homespice800,azalea_8.jpg?v=1745417308,
,502148,,,,,,,,,,,,,,,,Homespice400,Homespice160,https://homespice.com/cdn/shop/files/azalea_7.jpg?v=1745417021,azalea_7.jpg?v=1745417021,,,Homespice800,azalea_7.jpg?v=1745417021,
,512147,,,,,,,,,,,,,,,,Homespice400,Homespice160,https://homespice.com/cdn/shop/files/azalea_8.jpg?v=1745417308,azalea_8.jpg?v=1745417308,,,Homespice800,azalea_8.jpg?v=1745417308,
,501714,,,,,,,,,,,,,,,,Homespice400,Homespice160,https://homespice.com/cdn/shop/files/Chester_7_2.jpg?v=1745417172,Chester_7_2.jpg?v=1745417172,,,Homespice800,Chester_7_2.jpg?v=1745417172,
,511713,,,,,,,,,,,,,,,,Homespice400,Homespice160,https://homespice.com/cdn/shop/files/chester_8.jpg?v=1745417473,chester_8.jpg?v=1745417473,,,Homespice800,chester_8.jpg?v=1745417473,
,502711,,,,,,,,,,,,,,,,Homespice400,Homespice160,https://homespice.com/cdn/shop/files/Chester_7_2.jpg?v=1745417172,Chester_7_2.jpg?v=1745417172,,,Homespice800,Chester_7_2.jpg?v=1745417172,
,512710,,,,,,,,,,,,,,,,Homespice400,Homespice160,https://homespice.com/cdn/shop/files/chester_8.jpg?v=1745417473,chester_8.jpg?v=1745417473,,,Homespice800,chester_8.jpg?v=1745417473,
,500120,,,,,,,,,,,,,,,,Homespice400,Homespice160,https://homespice.com/cdn/shop/files/cider_barn_red_oval_jute_braided_rug-silo_6.jpg?v=1745417028,cider_barn_red_oval_jute_braided_rug-silo_6.jpg?v=1745417028,,,Homespice800,cider_barn_red_oval_jute_braided_rug-silo_6.jpg?v=1745417028,
,510129,,,,,,,,,,,,,,,,Homespice400,Homespice160,https://homespice.com/cdn/shop/files/cider_barn_red_rectangular_jute_braided_rug-silo_6.jpg?v=1745417314,cider_barn_red_rectangular_jute_braided_rug-silo_6.jpg?v=1745417314,,,Homespice800,cider_barn_red_rectangular_jute_braided_rug-silo_6.jpg?v=1745417314,
,501127,,,,,,,,,,,,,,,,Homespice400,Homespice160,https://homespice.com/cdn/shop/files/cider_barn_red_oval_jute_braided_rug-silo_6.jpg?v=1745417028,cider_barn_red_oval_jute_braided_rug-silo_6.jpg?v=1745417028,,,Homespice800,cider_barn_red_oval_jute_braided_rug-silo_6.jpg?v=1745417028,
,511126,,,,,,,,,,,,,,,,Homespice400,Homespice160,https://homespice.com/cdn/shop/files/cider_barn_red_rectangular_jute_braided_rug-silo_6.jpg?v=1745417314,cider_barn_red_rectangular_jute_braided_rug-silo_6.jpg?v=1745417314,,,Homespice800,cider_barn_red_rectangular_jute_braided_rug-silo_6.jpg?v=1745417314,
,502124,,,,,,,,,,,,,,,,Homespice400,Homespice160,https://homespice.com/cdn/shop/files/cider_barn_red_oval_jute_braided_rug-silo_6.jpg?v=1745417028,cider_barn_red_oval_jute_braided_rug-silo_6.jpg?v=1745417028,,,Homespice800,cider_barn_red_oval_jute_braided_rug-silo_6.jpg?v=1745417028,
,512123,,,,,,,,,,,,,,,,Homespice400,Homespice160,https://homespice.com/cdn/shop/files/cider_barn_red_rectangular_jute_braided_rug-silo_6.jpg?v=1745417314,cider_barn_red_rectangular_jute_braided_rug-silo_6.jpg?v=1745417314,,,Homespice800,cider_barn_red_rectangular_jute_braided_rug-silo_6.jpg?v=1745417314,
,500687,,,,,,,,,,,,,,,,Homespice400,Homespice160,https://homespice.com/cdn/shop/files/oval_denim_bedroom1_2000_1_1.jpg?v=1745416913,oval_denim_bedroom1_2000_1_1.jpg?v=1745416913,,,Homespice800,oval_denim_bedroom1_2000_1_1.jpg?v=1745416913,
,510686,,,,,,,,,,,,,,,,Homespice400,Homespice160,https://homespice.com/cdn/shop/files/denim_blue_rectangular_jute_braided_rug-silo.jpg?v=1745417192,denim_blue_rectangular_jute_braided_rug-silo.jpg?v=1745417192,,,Homespice800,denim_blue_rectangular_jute_braided_rug-silo.jpg?v=1745417192,
,501684,,,,,,,,,,,,,,,,Homespice400,Homespice160,https://homespice.com/cdn/shop/files/oval_denim_bedroom1_2000_1_1.jpg?v=1745416913,oval_denim_bedroom1_2000_1_1.jpg?v=1745416913,,,Homespice800,oval_denim_bedroom1_2000_1_1.jpg?v=1745416913,
,511683,,,,,,,,,,,,,,,,Homespice400,Homespice160,https://homespice.com/cdn/shop/files/denim_blue_rectangular_jute_braided_rug-silo.jpg?v=1745417192,denim_blue_rectangular_jute_braided_rug-silo.jpg?v=1745417192,,,Homespice800,denim_blue_rectangular_jute_braided_rug-silo.jpg?v=1745417192,
,502681,,,,,,,,,,,,,,,,Homespice400,Homespice160,https://homespice.com/cdn/shop/files/oval_denim_bedroom1_2000_1_1.jpg?v=1745416913,oval_denim_bedroom1_2000_1_1.jpg?v=1745416913,,,Homespice800,oval_denim_bedroom1_2000_1_1.jpg?v=1745416913,
,512680,,,,,,,,,,,,,,,,Homespice400,Homespice160,https://homespice.com/cdn/shop/files/denim_blue_rectangular_jute_braided_rug-silo.jpg?v=1745417192,denim_blue_rectangular_jute_braided_rug-silo.jpg?v=1745417192,,,Homespice800,denim_blue_rectangular_jute_braided_rug-silo.jpg?v=1745417192,
,501837,,,,,,,,,,,,,,,,Homespice400,Homespice160,https://homespice.com/cdn/shop/files/oval_flinthill_bedroom_2000_1.jpg?v=1745416932,oval_flinthill_bedroom_2000_1.jpg?v=1745416932,,,Homespice800,oval_flinthill_bedroom_2000_1.jpg?v=1745416932,
,511836,,,,,,,,,,,,,,,,Homespice400,Homespice160,https://homespice.com/cdn/shop/files/flint_hill_grey_rectangular_jute_braided_rug-silo.jpg?v=1745417211,flint_hill_grey_rectangular_jute_braided_rug-silo.jpg?v=1745417211,,,Homespice800,flint_hill_grey_rectangular_jute_braided_rug-silo.jpg?v=1745417211,
,502834,,,,,,,,,,,,,,,,Homespice400,Homespice160,https://homespice.com/cdn/shop/files/oval_flinthill_bedroom_2000_1.jpg?v=1745416932,oval_flinthill_bedroom_2000_1.jpg?v=1745416932,,,Homespice800,oval_flinthill_bedroom_2000_1.jpg?v=1745416932,
,512833,,,,,,,,,,,,,,,,Homespice400,Homespice160,https://homespice.com/cdn/shop/files/flint_hill_grey_rectangular_jute_braided_rug-silo.jpg?v=1745417211,flint_hill_grey_rectangular_jute_braided_rug-silo.jpg?v=1745417211,,,Homespice800,flint_hill_grey_rectangular_jute_braided_rug-silo.jpg?v=1745417211,
,500809,,,,,,,,,,,,,,,,Homespice400,Homespice160,https://homespice.com/cdn/shop/files/gingerbread_brown_deep_red_oval_jute_braided_rug-silo.jpg?v=1745417122,gingerbread_brown_deep_red_oval_jute_braided_rug-silo.jpg?v=1745417122,,,Homespice800,gingerbread_brown_deep_red_oval_jute_braided_rug-silo.jpg?v=1745417122,
,510808,,,,,,,,,,,,,,,,Homespice400,Homespice160,https://homespice.com/cdn/shop/files/gingerbread_brown_deep_red_rectangular_jute_braided_rug-silo.jpg?v=1745417416,gingerbread_brown_deep_red_rectangular_jute_braided_rug-silo.jpg?v=1745417416,,,Homespice800,gingerbread_brown_deep_red_rectangular_jute_braided_rug-silo.jpg?v=1745417416,
,501806,,,,,,,,,,,,,,,,Homespice400,Homespice160,https://homespice.com/cdn/shop/files/gingerbread_brown_deep_red_oval_jute_braided_rug-silo.jpg?v=1745417122,gingerbread_brown_deep_red_oval_jute_braided_rug-silo.jpg?v=1745417122,,,Homespice800,gingerbread_brown_deep_red_oval_jute_braided_rug-silo.jpg?v=1745417122,
,511805,,,,,,,,,,,,,,,,Homespice400,Homespice160,https://homespice.com/cdn/shop/files/gingerbread_brown_deep_red_rectangular_jute_braided_rug-silo.jpg?v=1745417416,gingerbread_brown_deep_red_rectangular_jute_braided_rug-silo.jpg?v=1745417416,,,Homespice800,gingerbread_brown_deep_red_rectangular_jute_braided_rug-silo.jpg?v=1745417416,
,502803,,,,,,,,,,,,,,,,Homespice400,Homespice160,https://homespice.com/cdn/shop/files/gingerbread_brown_deep_red_oval_jute_braided_rug-silo.jpg?v=1745417122,gingerbread_brown_deep_red_oval_jute_braided_rug-silo.jpg?v=1745417122,,,Homespice800,gingerbread_brown_deep_red_oval_jute_braided_rug-silo.jpg?v=1745417122,
,512802,,,,,,,,,,,,,,,,Homespice400,Homespice160,https://homespice.com/cdn/shop/files/gingerbread_brown_deep_red_rectangular_jute_braided_rug-silo.jpg?v=1745417416,gingerbread_brown_deep_red_rectangular_jute_braided_rug-silo.jpg?v=1745417416,,,Homespice800,gingerbread_brown_deep_red_rectangular_jute_braided_rug-silo.jpg?v=1745417416,
,511751,,,,,,,,,,,,,,,,Homespice400,Homespice160,https://homespice.com/cdn/shop/files/Gloucester_3_2.jpg?v=1745417454,Gloucester_3_2.jpg?v=1745417454,,,Homespice800,Gloucester_3_2.jpg?v=1745417454,
,512758,,,,,,,,,,,,,,,,Homespice400,Homespice160,https://homespice.com/cdn/shop/files/Gloucester_3_2.jpg?v=1745417454,Gloucester_3_2.jpg?v=1745417454,,,Homespice800,Gloucester_3_2.jpg?v=1745417454,
,501851,,,,,,,,,,,,,,,,Homespice400,Homespice160,,,,,Homespice800,,
,511850,,,,,,,,,,,,,,,,Homespice400,Homespice160,https://homespice.com/cdn/shop/files/grey-cloud_jute-braided-rug.jpg?v=1745417546,grey-cloud_jute-braided-rug.jpg?v=1745417546,,,Homespice800,grey-cloud_jute-braided-rug.jpg?v=1745417546,
,502858,,,,,,,,,,,,,,,,Homespice400,Homespice160,,,,,Homespice800,,
,512857,,,,,,,,,,,,,,,,Homespice400,Homespice160,https://homespice.com/cdn/shop/files/grey-cloud_jute-braided-rug.jpg?v=1745417546,grey-cloud_jute-braided-rug.jpg?v=1745417546,,,Homespice800,grey-cloud_jute-braided-rug.jpg?v=1745417546,
,500076,,,,,,,,,,,,,,,,Homespice400,Homespice160,https://homespice.com/cdn/shop/files/harvest_beige_tan_oval_jute_braided_rug-silo.jpg?v=1745417039,harvest_beige_tan_oval_jute_braided_rug-silo.jpg?v=1745417039,,,Homespice800,harvest_beige_tan_oval_jute_braided_rug-silo.jpg?v=1745417039,
,510075,,,,,,,,,,,,,,,,Homespice400,Homespice160,https://homespice.com/cdn/shop/files/harvest_beige_tan_rectangular_jute_braided_rug-silo.jpg?v=1745417325,harvest_beige_tan_rectangular_jute_braided_rug-silo.jpg?v=1745417325,,,Homespice800,harvest_beige_tan_rectangular_jute_braided_rug-silo.jpg?v=1745417325,
,501073,,,,,,,,,,,,,,,,Homespice400,Homespice160,https://homespice.com/cdn/shop/files/harvest_beige_tan_oval_jute_braided_rug-silo.jpg?v=1745417039,harvest_beige_tan_oval_jute_braided_rug-silo.jpg?v=1745417039,,,Homespice800,harvest_beige_tan_oval_jute_braided_rug-silo.jpg?v=1745417039,
,511072,,,,,,,,,,,,,,,,Homespice400,Homespice160,https://homespice.com/cdn/shop/files/harvest_beige_tan_rectangular_jute_braided_rug-silo.jpg?v=1745417325,harvest_beige_tan_rectangular_jute_braided_rug-silo.jpg?v=1745417325,,,Homespice800,harvest_beige_tan_rectangular_jute_braided_rug-silo.jpg?v=1745417325,
,502070,,,,,,,,,,,,,,,,Homespice400,Homespice160,https://homespice.com/cdn/shop/files/harvest_beige_tan_oval_jute_braided_rug-silo.jpg?v=1745417039,harvest_beige_tan_oval_jute_braided_rug-silo.jpg?v=1745417039,,,Homespice800,harvest_beige_tan_oval_jute_braided_rug-silo.jpg?v=1745417039,
,512079,,,,,,,,,,,,,,,,Homespice400,Homespice160,https://homespice.com/cdn/shop/files/harvest_beige_tan_rectangular_jute_braided_rug-silo.jpg?v=1745417325,harvest_beige_tan_rectangular_jute_braided_rug-silo.jpg?v=1745417325,,,Homespice800,harvest_beige_tan_rectangular_jute_braided_rug-silo.jpg?v=1745417325,
,501790,,,,,,,,,,,,,,,,Homespice400,Homespice160,https://homespice.com/cdn/shop/files/highland_multi_oval_jute_braided_rug-silo.jpg?v=1745417128,highland_multi_oval_jute_braided_rug-silo.jpg?v=1745417128,,,Homespice800,highland_multi_oval_jute_braided_rug-silo.jpg?v=1745417128,
,511799,,,,,,,,,,,,,,,,Homespice400,Homespice160,https://homespice.com/cdn/shop/files/highland_multi_rectangular_jute_braided_rug-silo.jpg?v=1745417422,highland_multi_rectangular_jute_braided_rug-silo.jpg?v=1745417422,,,Homespice800,highland_multi_rectangular_jute_braided_rug-silo.jpg?v=1745417422,
,502797,,,,,,,,,,,,,,,,Homespice400,Homespice160,https://homespice.com/cdn/shop/files/highland_multi_oval_jute_braided_rug-silo.jpg?v=1745417128,highland_multi_oval_jute_braided_rug-silo.jpg?v=1745417128,,,Homespice800,highland_multi_oval_jute_braided_rug-silo.jpg?v=1745417128,
,512796,,,,,,,,,,,,,,,,Homespice400,Homespice160,https://homespice.com/cdn/shop/files/highland_multi_rectangular_jute_braided_rug-silo.jpg?v=1745417422,highland_multi_rectangular_jute_braided_rug-silo.jpg?v=1745417422,,,Homespice800,highland_multi_rectangular_jute_braided_rug-silo.jpg?v=1745417422,
,510211,,,,,,,,,,,,,,,,Homespice400,Homespice160,https://homespice.com/cdn/shop/files/kilimanjaro_black_rectangular_jute_braided_rug_silo.jpg?v=1745417332,kilimanjaro_black_rectangular_jute_braided_rug_silo.jpg?v=1745417332,,,Homespice800,kilimanjaro_black_rectangular_jute_braided_rug_silo.jpg?v=1745417332,
,500212,,,,,,,,,,,,,,,,Homespice400,Homespice160,https://homespice.com/cdn/shop/files/kilimanjaro_black_oval_jute_braided_rug-silo.jpg?v=1745417045,kilimanjaro_black_oval_jute_braided_rug-silo.jpg?v=1745417045,,,Homespice800,kilimanjaro_black_oval_jute_braided_rug-silo.jpg?v=1745417045,
,501219,,,,,,,,,,,,,,,,Homespice400,Homespice160,https://homespice.com/cdn/shop/files/oval_kilimanjaro_bedroom_2000_1.jpg?v=1745417045,oval_kilimanjaro_bedroom_2000_1.jpg?v=1745417045,,,Homespice800,oval_kilimanjaro_bedroom_2000_1.jpg?v=1745417045,
,511218,,,,,,,,,,,,,,,,Homespice400,Homespice160,https://homespice.com/cdn/shop/files/kilimanjaro_black_rectangular_jute_braided_rug_silo.jpg?v=1745417332,kilimanjaro_black_rectangular_jute_braided_rug_silo.jpg?v=1745417332,,,Homespice800,kilimanjaro_black_rectangular_jute_braided_rug_silo.jpg?v=1745417332,
,502216,,,,,,,,,,,,,,,,Homespice400,Homespice160,https://homespice.com/cdn/shop/files/kilimanjaro_black_oval_jute_braided_rug-silo.jpg?v=1745417045,kilimanjaro_black_oval_jute_braided_rug-silo.jpg?v=1745417045,,,Homespice800,kilimanjaro_black_oval_jute_braided_rug-silo.jpg?v=1745417045,
,512215,,,,,,,,,,,,,,,,Homespice400,Homespice160,https://homespice.com/cdn/shop/files/kilimanjaro_black_rectangular_jute_braided_rug_silo.jpg?v=1745417332,kilimanjaro_black_rectangular_jute_braided_rug_silo.jpg?v=1745417332,,,Homespice800,kilimanjaro_black_rectangular_jute_braided_rug_silo.jpg?v=1745417332,
,500090,,,,,,,,,,,,,,,,Homespice400,Homespice160,https://homespice.com/cdn/shop/files/kingston_multi_oval_jute_braided_rug-silo.jpg?v=1745417051,kingston_multi_oval_jute_braided_rug-silo.jpg?v=1745417051,,,Homespice800,kingston_multi_oval_jute_braided_rug-silo.jpg?v=1745417051,
,510099,,,,,,,,,,,,,,,,Homespice400,Homespice160,https://homespice.com/cdn/shop/files/kingston_multi_rectangular_jute_braided_rug-silo.jpg?v=1745417338,kingston_multi_rectangular_jute_braided_rug-silo.jpg?v=1745417338,,,Homespice800,kingston_multi_rectangular_jute_braided_rug-silo.jpg?v=1745417338,
,501097,,,,,,,,,,,,,,,,Homespice400,Homespice160,https://homespice.com/cdn/shop/files/kingston_multi_oval_jute_braided_rug-silo.jpg?v=1745417051,kingston_multi_oval_jute_braided_rug-silo.jpg?v=1745417051,,,Homespice800,kingston_multi_oval_jute_braided_rug-silo.jpg?v=1745417051,
,511096,,,,,,,,,,,,,,,,Homespice400,Homespice160,https://homespice.com/cdn/shop/files/kingston_multi_rectangular_jute_braided_rug-silo.jpg?v=1745417338,kingston_multi_rectangular_jute_braided_rug-silo.jpg?v=1745417338,,,Homespice800,kingston_multi_rectangular_jute_braided_rug-silo.jpg?v=1745417338,
,502094,,,,,,,,,,,,,,,,Homespice400,Homespice160,https://homespice.com/cdn/shop/files/kingston_multi_oval_jute_braided_rug-silo.jpg?v=1745417051,kingston_multi_oval_jute_braided_rug-silo.jpg?v=1745417051,,,Homespice800,kingston_multi_oval_jute_braided_rug-silo.jpg?v=1745417051,
,512093,,,,,,,,,,,,,,,,Homespice400,Homespice160,https://homespice.com/cdn/shop/files/kingston_multi_rectangular_jute_braided_rug-silo.jpg?v=1745417338,kingston_multi_rectangular_jute_braided_rug-silo.jpg?v=1745417338,,,Homespice800,kingston_multi_rectangular_jute_braided_rug-silo.jpg?v=1745417338,
,501721,,,,,,,,,,,,,,,,Homespice400,Homespice160,https://homespice.com/cdn/shop/files/manchester_black_oval_jute_braided_rug-silo.jpg?v=1745417148,manchester_black_oval_jute_braided_rug-silo.jpg?v=1745417148,,,Homespice800,manchester_black_oval_jute_braided_rug-silo.jpg?v=1745417148,
,511720,,,,,,,,,,,,,,,,Homespice400,Homespice160,https://homespice.com/cdn/shop/files/manchester_black_rectangular_jute_braided_rug-silo.jpg?v=1745417441,manchester_black_rectangular_jute_braided_rug-silo.jpg?v=1745417441,,,Homespice800,manchester_black_rectangular_jute_braided_rug-silo.jpg?v=1745417441,
,502728,,,,,,,,,,,,,,,,Homespice400,Homespice160,https://homespice.com/cdn/shop/files/manchester_black_oval_jute_braided_rug-silo.jpg?v=1745417148,manchester_black_oval_jute_braided_rug-silo.jpg?v=1745417148,,,Homespice800,manchester_black_oval_jute_braided_rug-silo.jpg?v=1745417148,
,512727,,,,,,,,,,,,,,,,Homespice400,Homespice160,https://homespice.com/cdn/shop/files/manchester_black_rectangular_jute_braided_rug-silo.jpg?v=1745417441,manchester_black_rectangular_jute_braided_rug-silo.jpg?v=1745417441,,,Homespice800,manchester_black_rectangular_jute_braided_rug-silo.jpg?v=1745417441,
,501745,,,,,,,,,,,,,,,,Homespice400,Homespice160,https://homespice.com/cdn/shop/files/pinecone_green_oval_jute_braided_rug-silo.jpg?v=1745417154,pinecone_green_oval_jute_braided_rug-silo.jpg?v=1745417154,,,Homespice800,pinecone_green_oval_jute_braided_rug-silo.jpg?v=1745417154,
,511744,,,,,,,,,,,,,,,,Homespice400,Homespice160,https://homespice.com/cdn/shop/files/pinecone_green_rectangular_jute_braided_rug-silo.jpg?v=1745417448,pinecone_green_rectangular_jute_braided_rug-silo.jpg?v=1745417448,,,Homespice800,pinecone_green_rectangular_jute_braided_rug-silo.jpg?v=1745417448,
,502742,,,,,,,,,,,,,,,,Homespice400,Homespice160,https://homespice.com/cdn/shop/files/pinecone_green_oval_jute_braided_rug-silo.jpg?v=1745417154,pinecone_green_oval_jute_braided_rug-silo.jpg?v=1745417154,,,Homespice800,pinecone_green_oval_jute_braided_rug-silo.jpg?v=1745417154,
,512741,,,,,,,,,,,,,,,,Homespice400,Homespice160,https://homespice.com/cdn/shop/files/pinecone_green_rectangular_jute_braided_rug-silo.jpg?v=1745417448,pinecone_green_rectangular_jute_braided_rug-silo.jpg?v=1745417448,,,Homespice800,pinecone_green_rectangular_jute_braided_rug-silo.jpg?v=1745417448,
,501561,,,,,,,,,,,,,,,,Homespice400,Homespice160,https://homespice.com/cdn/shop/files/oval_prescott_bedroom_2000_1_1.jpg?v=1745416948,oval_prescott_bedroom_2000_1_1.jpg?v=1745416948,,,Homespice800,oval_prescott_bedroom_2000_1_1.jpg?v=1745416948,
,511560,,,,,,,,,,,,,,,,Homespice400,Homespice160,https://homespice.com/cdn/shop/files/prescott_black_rectangular_jute_braided_rug-silo_2e05399b-d3a5-42aa-a434-1854601b9a29.jpg?v=1745417229,prescott_black_rectangular_jute_braided_rug-silo_2e05399b-d3a5-42aa-a434-1854601b9a29.jpg?v=1745417229,,,Homespice800,prescott_black_rectangular_jute_braided_rug-silo_2e05399b-d3a5-42aa-a434-1854601b9a29.jpg?v=1745417229,
,502568,,,,,,,,,,,,,,,,Homespice400,Homespice160,https://homespice.com/cdn/shop/files/oval_prescott_bedroom_2000_1_1.jpg?v=1745416948,oval_prescott_bedroom_2000_1_1.jpg?v=1745416948,,,Homespice800,oval_prescott_bedroom_2000_1_1.jpg?v=1745416948,
,512567,,,,,,,,,,,,,,,,Homespice400,Homespice160,https://homespice.com/cdn/shop/files/prescott_black_rectangular_jute_braided_rug-silo_2e05399b-d3a5-42aa-a434-1854601b9a29.jpg?v=1745417229,prescott_black_rectangular_jute_braided_rug-silo_2e05399b-d3a5-42aa-a434-1854601b9a29.jpg?v=1745417229,,,Homespice800,prescott_black_rectangular_jute_braided_rug-silo_2e05399b-d3a5-42aa-a434-1854601b9a29.jpg?v=1745417229,
,501042,,,,,,,,,,,,,,,,Homespice400,Homespice160,https://homespice.com/cdn/shop/files/russett_beige_oval_jute_braided_rug-silo.jpg?v=1745417058,russett_beige_oval_jute_braided_rug-silo.jpg?v=1745417058,,,Homespice800,russett_beige_oval_jute_braided_rug-silo.jpg?v=1745417058,
,511041,,,,,,,,,,,,,,,,Homespice400,Homespice160,https://homespice.com/cdn/shop/files/russett_beige_rectangular_jute_braided_rug-silo.jpg?v=1745417345,russett_beige_rectangular_jute_braided_rug-silo.jpg?v=1745417345,,,Homespice800,russett_beige_rectangular_jute_braided_rug-silo.jpg?v=1745417345,
,502049,,,,,,,,,,,,,,,,Homespice400,Homespice160,https://homespice.com/cdn/shop/files/russett_beige_oval_jute_braided_rug-silo.jpg?v=1745417058,russett_beige_oval_jute_braided_rug-silo.jpg?v=1745417058,,,Homespice800,russett_beige_oval_jute_braided_rug-silo.jpg?v=1745417058,
,512048,,,,,,,,,,,,,,,,Homespice400,Homespice160,https://homespice.com/cdn/shop/files/russett_beige_rectangular_jute_braided_rug-silo.jpg?v=1745417345,russett_beige_rectangular_jute_braided_rug-silo.jpg?v=1745417345,,,Homespice800,russett_beige_rectangular_jute_braided_rug-silo.jpg?v=1745417345,
