C24587 Rudy the Baby Reindeer,C24587,,,,,,,,,3,12.0,6,10.8,,,3,Honeyme400,Honeyme160,https://cdn11.bigcommerce.com/s-lbfvygiv1l/images/stencil/original/products/4062/8948/C24587__93037.1720708775.jpg,C24587__93037.1720708775.jpg,,,Honeyme800,C24587__93037.1720708775.jpg,
C24588 Rudolph the Reindeer,C24588,,,,,,,,,3,15.5,6,13.950000000000001,,,3,Honeyme400,Honeyme160,https://cdn11.bigcommerce.com/s-lbfvygiv1l/images/stencil/original/products/4063/8947/C24588__48138.1720708761.jpg,C24588__48138.1720708761.jpg,,,Honeyme800,C24588__48138.1720708761.jpg,
C24590 Large Reindeer Head Ornament,C24590,,,,,,,,,6,5.5,12,4.95,,,6,Honeyme400,Honeyme160,https://cdn11.bigcommerce.com/s-lbfvygiv1l/images/stencil/original/products/4064/8946/C24590__80909.1720708748.jpg,C24590__80909.1720708748.jpg,,,Honeyme800,C24590__80909.1720708748.jpg,
C24592 Large Reindeer Head Wand,C24592,,,,,,,,,6,6.25,12,5.625,,,6,Honeyme400,Honeyme160,https://cdn11.bigcommerce.com/s-lbfvygiv1l/images/stencil/original/products/4065/8945/C24592__97471.1720708737.jpg,C24592__97471.1720708737.jpg,,,Honeyme800,C24592__97471.1720708737.jpg,
C24593 Tiny the Baby Elf,C24593,,,,,,,,,3,11.25,6,10.125,,,3,Honeyme400,Honeyme160,https://cdn11.bigcommerce.com/s-lbfvygiv1l/images/stencil/original/products/4066/8944/C24593__42349.1720708728.jpg,C24593__42349.1720708728.jpg,,,Honeyme800,C24593__42349.1720708728.jpg,
C24594 Tinker the Baby Elf,C24594,,,,,,,,,3,11.25,6,10.125,,,3,Honeyme400,Honeyme160,https://cdn11.bigcommerce.com/s-lbfvygiv1l/images/stencil/original/products/4067/8943/C24594__11967.1720708719.jpg,C24594__11967.1720708719.jpg,,,Honeyme800,C24594__11967.1720708719.jpg,
C24595 Bitsy the Baby Elf,C24595,,,,,,,,,3,11.25,6,10.125,,,3,Honeyme400,Honeyme160,https://cdn11.bigcommerce.com/s-lbfvygiv1l/images/stencil/original/products/4068/8942/C24595__16076.1720708710.jpg,C24595__16076.1720708710.jpg,,,Honeyme800,C24595__16076.1720708710.jpg,
C24596 Ziggy the Elf,C24596,,,,,,,,,3,13.25,6,11.925,,,3,Honeyme400,Honeyme160,https://cdn11.bigcommerce.com/s-lbfvygiv1l/images/stencil/original/products/4069/8941/C24596__83671.1720708700.jpg,C24596__83671.1720708700.jpg,,,Honeyme800,C24596__83671.1720708700.jpg,
C24597 Zippy the Elf,C24597,,,,,,,,,3,13.25,6,11.925,,,3,Honeyme400,Honeyme160,https://cdn11.bigcommerce.com/s-lbfvygiv1l/images/stencil/original/products/4070/8953/C24597__64888.1720720166.jpg,C24597__64888.1720720166.jpg,,,Honeyme800,C24597__64888.1720720166.jpg,
C24598 Wizzle the Elf,C24598,,,,,,,,,2,15.75,4,14.175,,,2,Honeyme400,Honeyme160,https://cdn11.bigcommerce.com/s-lbfvygiv1l/images/stencil/original/products/4071/8940/C24598__97254.1720708637.jpg,C24598__97254.1720708637.jpg,,,Honeyme800,C24598__97254.1720708637.jpg,
C24599 Baby Elf Head Ornament Set (3A),C24599,,,,,,,,,3,15.75,6,14.175,,,3,Honeyme400,Honeyme160,https://cdn11.bigcommerce.com/s-lbfvygiv1l/images/stencil/original/products/4072/8939/C24599__35070.1720708625.jpg,C24599__35070.1720708625.jpg,,,Honeyme800,C24599__35070.1720708625.jpg,
C24600 Baby Elf Head Wand Set (3A),C24600,,,,,,,,,2,17.0,4,15.3,,,2,Honeyme400,Honeyme160,https://cdn11.bigcommerce.com/s-lbfvygiv1l/images/stencil/original/products/4073/8938/C24600__40582.1720708614.jpg,C24600__40582.1720708614.jpg,,,Honeyme800,C24600__40582.1720708614.jpg,
C24633 Nick the Baby Santa,C24633,,,,,,,,,3,11.25,6,10.125,,,3,Honeyme400,Honeyme160,https://cdn11.bigcommerce.com/s-lbfvygiv1l/images/stencil/original/products/4074/8937/C24633__02801.1720708604.jpg,C24633__02801.1720708604.jpg,,,Honeyme800,C24633__02801.1720708604.jpg,
C24634 Kris the Baby Santa,C24634,,,,,,,,,3,11.25,6,10.125,,,3,Honeyme400,Honeyme160,https://cdn11.bigcommerce.com/s-lbfvygiv1l/images/stencil/original/products/4075/8936/C24634__80109.1720708578.jpg,C24634__80109.1720708578.jpg,,,Honeyme800,C24634__80109.1720708578.jpg,
C24635 Jolly the Baby Santa,C24635,,,,,,,,,3,11.25,6,10.125,,,3,Honeyme400,Honeyme160,https://cdn11.bigcommerce.com/s-lbfvygiv1l/images/stencil/original/products/4076/8935/C24635__08719.1720708569.jpg,C24635__08719.1720708569.jpg,,,Honeyme800,C24635__08719.1720708569.jpg,
C24636 Santa - Up on the Roof Top,C24636,,,,,,,,,3,13.25,6,11.925,,,3,Honeyme400,Honeyme160,https://cdn11.bigcommerce.com/s-lbfvygiv1l/images/stencil/original/products/4077/8934/C24636__77022.1720708557.jpg,C24636__77022.1720708557.jpg,,,Honeyme800,C24636__77022.1720708557.jpg,
C24637 Claus - Up on the Roof Top,C24637,,,,,,,,,3,15.5,6,13.950000000000001,,,3,Honeyme400,Honeyme160,https://cdn11.bigcommerce.com/s-lbfvygiv1l/images/stencil/original/products/4078/8933/C24637__82269.1720708541.jpg,C24637__82269.1720708541.jpg,,,Honeyme800,C24637__82269.1720708541.jpg,
C24638 Mr. C - Up on the Roof Top,C24638,,,,,,,,,2,18.0,4,16.2,,,2,Honeyme400,Honeyme160,https://cdn11.bigcommerce.com/s-lbfvygiv1l/images/stencil/original/products/4079/8932/C24638__85146.1720708530.jpg,C24638__85146.1720708530.jpg,,,Honeyme800,C24638__85146.1720708530.jpg,
C24639 Holly the Mrs. Claus,C24639,,,,,,,,,3,11.25,6,10.125,,,3,Honeyme400,Honeyme160,https://cdn11.bigcommerce.com/s-lbfvygiv1l/images/stencil/original/products/4080/8931/C24639__73270.1720708519.jpg,C24639__73270.1720708519.jpg,,,Honeyme800,C24639__73270.1720708519.jpg,
C24640 Merry the Mrs. Claus,C24640,,,,,,,,,3,11.25,6,10.125,,,3,Honeyme400,Honeyme160,https://cdn11.bigcommerce.com/s-lbfvygiv1l/images/stencil/original/products/4081/8930/C24640__84031.1720708509.jpg,C24640__84031.1720708509.jpg,,,Honeyme800,C24640__84031.1720708509.jpg,
C24641 Carol the Mrs. Claus,C24641,,,,,,,,,3,13.25,6,11.925,,,3,Honeyme400,Honeyme160,https://cdn11.bigcommerce.com/s-lbfvygiv1l/images/stencil/original/products/4082/8929/C24641__46848.1720708498.jpg,C24641__46848.1720708498.jpg,,,Honeyme800,C24641__46848.1720708498.jpg,
C24642 Mrs. C - Up on the Roof Top,C24642,,,,,,,,,2,18.0,4,16.2,,,2,Honeyme400,Honeyme160,https://cdn11.bigcommerce.com/s-lbfvygiv1l/images/stencil/original/products/4083/8928/C24642__93005.1720708489.jpg,C24642__93005.1720708489.jpg,,,Honeyme800,C24642__93005.1720708489.jpg,
C24643 Baby Santa Head Ornament Set (2A),C24643,,,,,,,,,3,10.25,6,9.225,,,3,Honeyme400,Honeyme160,https://cdn11.bigcommerce.com/s-lbfvygiv1l/images/stencil/original/products/4084/8927/C24643__08948.1720708480.jpg,C24643__08948.1720708480.jpg,,,Honeyme800,C24643__08948.1720708480.jpg,
C24644 Baby Mrs. Claus Head Ornament Set (2A),C24644,,,,,,,,,3,10.25,6,9.225,,,3,Honeyme400,Honeyme160,https://cdn11.bigcommerce.com/s-lbfvygiv1l/images/stencil/original/products/4085/8926/C24644__33039.1720708470.jpg,C24644__33039.1720708470.jpg,,,Honeyme800,C24644__33039.1720708470.jpg,
C24645 Baby Santa Head Wand Set (2A),C24645,,,,,,,,,3,11.25,6,10.125,,,3,Honeyme400,Honeyme160,https://cdn11.bigcommerce.com/s-lbfvygiv1l/images/stencil/original/products/4086/8925/C24645__22280.1720708459.jpg,C24645__22280.1720708459.jpg,,,Honeyme800,C24645__22280.1720708459.jpg,
C24646 Baby Mrs. Claus Head Wand Set (2A),C24646,,,,,,,,,3,11.25,6,10.125,,,3,Honeyme400,Honeyme160,https://cdn11.bigcommerce.com/s-lbfvygiv1l/images/stencil/original/products/4087/8924/C24646__40940.1720708409.jpg,C24646__40940.1720708409.jpg,,,Honeyme800,C24646__40940.1720708409.jpg,
C24690 Fred the Curly Nose Snowman,C24690,,,,,,,,,3,14.0,6,12.6,,,3,Honeyme400,Honeyme160,https://cdn11.bigcommerce.com/s-lbfvygiv1l/images/stencil/original/products/4088/8923/C24690__48644.1720708395.jpg,C24690__48644.1720708395.jpg,,,Honeyme800,C24690__48644.1720708395.jpg,
C24691 Ford the Curly Nose Snowman,C24691,,,,,,,,,3,16.25,6,14.625,,,3,Honeyme400,Honeyme160,https://cdn11.bigcommerce.com/s-lbfvygiv1l/images/stencil/original/products/4089/8922/C24691__35946.1720708387.jpg,C24691__35946.1720708387.jpg,,,Honeyme800,C24691__35946.1720708387.jpg,
C24692 Fritz the Curly Nose Snowman,C24692,,,,,,,,,2,18.5,4,16.650000000000002,,,2,Honeyme400,Honeyme160,https://cdn11.bigcommerce.com/s-lbfvygiv1l/images/stencil/original/products/4090/8921/C24692__85022.1720708377.jpg,C24692__85022.1720708377.jpg,,,Honeyme800,C24692__85022.1720708377.jpg,
C24693 Forest the Curly Nose Snowman,C24693,,,,,,,,,1,25.25,2,22.725,,,1,Honeyme400,Honeyme160,https://cdn11.bigcommerce.com/s-lbfvygiv1l/images/stencil/original/products/4091/8920/C24693__82817.1720708367.jpg,C24693__82817.1720708367.jpg,,,Honeyme800,C24693__82817.1720708367.jpg,
C24694 Finn the Curly Nose Snowman,C24694,,,,,,,,,2,16.75,4,15.075000000000001,,,2,Honeyme400,Honeyme160,https://cdn11.bigcommerce.com/s-lbfvygiv1l/images/stencil/original/products/4092/8919/C24694__42354.1720708358.jpg,C24694__42354.1720708358.jpg,,,Honeyme800,C24694__42354.1720708358.jpg,
C24695 Felix the Curly Nose Snowman,C24695,,,,,,,,,2,21.5,4,19.35,,,2,Honeyme400,Honeyme160,https://cdn11.bigcommerce.com/s-lbfvygiv1l/images/stencil/original/products/4093/8918/C24695__69568.1720708349.jpg,C24695__69568.1720708349.jpg,,,Honeyme800,C24695__69568.1720708349.jpg,
C24696 Finley the Curly Nose Snowman,C24696,,,,,,,,,1,31.5,2,28.35,,,1,Honeyme400,Honeyme160,https://cdn11.bigcommerce.com/s-lbfvygiv1l/images/stencil/original/products/4094/8917/C24696__66324.1720708334.jpg,C24696__66324.1720708334.jpg,,,Honeyme800,C24696__66324.1720708334.jpg,
C24700 Hope the Snowy Snowman Angel,C24700,,,,,,,,,3,12.0,6,10.8,,,3,Honeyme400,Honeyme160,https://cdn11.bigcommerce.com/s-lbfvygiv1l/images/stencil/original/products/4095/8916/C24700__55426.1720708316.jpg,C24700__55426.1720708316.jpg,,,Honeyme800,C24700__55426.1720708316.jpg,
C24701 Love the Snowy Snowman Angel,C24701,,,,,,,,,3,12.0,6,10.8,,,3,Honeyme400,Honeyme160,https://cdn11.bigcommerce.com/s-lbfvygiv1l/images/stencil/original/products/4096/8915/C24701__50163.1720708305.jpg,C24701__50163.1720708305.jpg,,,Honeyme800,C24701__50163.1720708305.jpg,
C24702 Faith the Snowy Snowman Angel,C24702,,,,,,,,,3,14.5,6,13.05,,,3,Honeyme400,Honeyme160,https://cdn11.bigcommerce.com/s-lbfvygiv1l/images/stencil/original/products/4097/8914/C24702__79754.1720708295.jpg,C24702__79754.1720708295.jpg,,,Honeyme800,C24702__79754.1720708295.jpg,
C24703 Joy the Snowy Snowman Angel,C24703,,,,,,,,,3,14.5,6,13.05,,,3,Honeyme400,Honeyme160,https://cdn11.bigcommerce.com/s-lbfvygiv1l/images/stencil/original/products/4098/8913/C24703__81133.1720708279.jpg,C24703__81133.1720708279.jpg,,,Honeyme800,C24703__81133.1720708279.jpg,
C24704 Charm the Snowy Snowman Angel,C24704,,,,,,,,,3,15.75,6,14.175,,,3,Honeyme400,Honeyme160,https://cdn11.bigcommerce.com/s-lbfvygiv1l/images/stencil/original/products/4099/8912/C24704__05606.1720708267.jpg,C24704__05606.1720708267.jpg,,,Honeyme800,C24704__05606.1720708267.jpg,
C24705 Believe the Snowy Snowman Angel,C24705,,,,,,,,,2,18.0,4,16.2,,,2,Honeyme400,Honeyme160,https://cdn11.bigcommerce.com/s-lbfvygiv1l/images/stencil/original/products/4100/8911/C24705__88966.1720708257.jpg,C24705__88966.1720708257.jpg,,,Honeyme800,C24705__88966.1720708257.jpg,
C24707 Peace the Snowy Snowman Angel,C24707,,,,,,,,,2,20.75,4,18.675,,,2,Honeyme400,Honeyme160,https://cdn11.bigcommerce.com/s-lbfvygiv1l/images/stencil/original/products/4101/8910/C24707__86350.1720708246.jpg,C24707__86350.1720708246.jpg,,,Honeyme800,C24707__86350.1720708246.jpg,
C24750 Wade the Snowman,C24750,,,,,,,,,3,11.0,6,9.9,,,3,Honeyme400,Honeyme160,https://cdn11.bigcommerce.com/s-lbfvygiv1l/images/stencil/original/products/4102/8909/C24750__44664.1720708233.jpg,C24750__44664.1720708233.jpg,,,Honeyme800,C24750__44664.1720708233.jpg,
C24751 West the Snowman,C24751,,,,,,,,,3,11.0,6,9.9,,,3,Honeyme400,Honeyme160,https://cdn11.bigcommerce.com/s-lbfvygiv1l/images/stencil/original/products/4103/8908/C24751__77836.1720708223.jpg,C24751__77836.1720708223.jpg,,,Honeyme800,C24751__77836.1720708223.jpg,
C24752 Witt the Snowman,C24752,,,,,,,,,3,11.0,6,9.9,,,3,Honeyme400,Honeyme160,https://cdn11.bigcommerce.com/s-lbfvygiv1l/images/stencil/original/products/4104/8907/C24752__74433.1720708213.jpg,C24752__74433.1720708213.jpg,,,Honeyme800,C24752__74433.1720708213.jpg,
C24753 Wilber the Snowman,C24753,,,,,,,,,3,13.0,6,11.700000000000001,,,3,Honeyme400,Honeyme160,https://cdn11.bigcommerce.com/s-lbfvygiv1l/images/stencil/original/products/4105/8952/C24753__02356.1720717003.jpg,C24753__02356.1720717003.jpg,,,Honeyme800,C24753__02356.1720717003.jpg,
C24754 Winter the Snowman,C24754,,,,,,,,,3,13.0,6,11.700000000000001,,,3,Honeyme400,Honeyme160,https://cdn11.bigcommerce.com/s-lbfvygiv1l/images/stencil/original/products/4106/8906/C24754__62764.1720708113.jpg,C24754__62764.1720708113.jpg,,,Honeyme800,C24754__62764.1720708113.jpg,
C24755 Wicket the Snowman,C24755,,,,,,,,,3,13.0,6,11.700000000000001,,,3,Honeyme400,Honeyme160,https://cdn11.bigcommerce.com/s-lbfvygiv1l/images/stencil/original/products/4107/8905/C24755__86645.1720708102.jpg,C24755__86645.1720708102.jpg,,,Honeyme800,C24755__86645.1720708102.jpg,
C24756 Waffles the Snowman,C24756,,,,,,,,,3,14.75,6,13.275,,,3,Honeyme400,Honeyme160,https://cdn11.bigcommerce.com/s-lbfvygiv1l/images/stencil/original/products/4108/8904/C24756__11307.1720708092.jpg,C24756__11307.1720708092.jpg,,,Honeyme800,C24756__11307.1720708092.jpg,
C23700-Chip The Gingerbread,C23700-Chip,,,,,,,,,3,12.0,6,10.8,,,3,Honeyme400,Honeyme160,https://cdn11.bigcommerce.com/s-lbfvygiv1l/images/stencil/original/products/3832/8621/C23700__06866.1688675479.jpg,C23700__06866.1688675479.jpg,,,Honeyme800,C23700__06866.1688675479.jpg,
C25919 Simple Snowman Shaped Frame,C25919,,,,,,,,,2,13.75,4,12.375,,,2,Honeyme400,Honeyme160,https://cdn11.bigcommerce.com/s-lbfvygiv1l/images/stencil/original/products/4479/9268/C259191__92883.1754259166.JPG,C259191__92883.1754259166.JPG,,,Honeyme800,C259191__92883.1754259166.JPG,
C25920 Small Simple Snowman Doodle Ornament,C25920,,,,,,,,,24,1.25,48,1.125,,,24,Honeyme400,Honeyme160,https://cdn11.bigcommerce.com/s-lbfvygiv1l/images/stencil/original/products/4480/9269/C259201__16838.1754259200.JPG,C259201__16838.1754259200.JPG,,,Honeyme800,C259201__16838.1754259200.JPG,
C25921 Medium Simple Snowman Doodle Ornament,C25921,,,,,,,,,12,2.0,24,1.8,,,12,Honeyme400,Honeyme160,https://cdn11.bigcommerce.com/s-lbfvygiv1l/images/stencil/original/products/4481/9270/C259211__82058.1754259228.jpg,C259211__82058.1754259228.jpg,,,Honeyme800,C259211__82058.1754259228.jpg,
C25922 Large Simple Snowman Doodle Ornament,C25922,,,,,,,,,12,2.75,24,2.475,,,12,Honeyme400,Honeyme160,https://cdn11.bigcommerce.com/s-lbfvygiv1l/images/stencil/original/products/4482/9285/C259221__51653.1754264276.JPG,C259221__51653.1754264276.JPG,,,Honeyme800,C259221__51653.1754264276.JPG,
C25923 Small Simple Snowman Doodle Sitter,C25923,,,,,,,,,8,3.5,16,3.15,,,8,Honeyme400,Honeyme160,https://cdn11.bigcommerce.com/s-lbfvygiv1l/images/stencil/original/products/4483/9286/C259231__18838.1754264308.JPG,C259231__18838.1754264308.JPG,,,Honeyme800,C259231__18838.1754264308.JPG,
C25924 Medium Simple Snowman Doodle Sitter,C25924,,,,,,,,,4,5.25,8,4.7250000000000005,,,4,Honeyme400,Honeyme160,https://cdn11.bigcommerce.com/s-lbfvygiv1l/images/stencil/original/products/4484/9271/C259241__13211.1754259263.JPG,C259241__13211.1754259263.JPG,,,Honeyme800,C259241__13211.1754259263.JPG,
C25926 Hanging Simple Snowman Doodle with Beads,C25926,,,,,,,,,3,8.5,6,7.65,,,3,Honeyme400,Honeyme160,https://cdn11.bigcommerce.com/s-lbfvygiv1l/images/stencil/original/products/4485/9272/C259261__27810.1754259295.JPG,C259261__27810.1754259295.JPG,,,Honeyme800,C259261__27810.1754259295.JPG,
C25927 Simple Snowman & Snowflake Doodle Garland,C25927,,,,,,,,,2,11.25,4,10.125,,,2,Honeyme400,Honeyme160,https://cdn11.bigcommerce.com/s-lbfvygiv1l/images/stencil/original/products/4486/9287/C259271__17966.1754264342.JPG,C259271__17966.1754264342.JPG,,,Honeyme800,C259271__17966.1754264342.JPG,
C25928 Dangle Simple Snowman & Snowflake Doodle Garland Set (3A),C25928,,,,,,,,,2,13.25,4,11.925,,,2,Honeyme400,Honeyme160,https://cdn11.bigcommerce.com/s-lbfvygiv1l/images/stencil/original/products/4487/9288/C259281__11537.1754264370.JPG,C259281__11537.1754264370.JPG,,,Honeyme800,C259281__11537.1754264370.JPG,
C25929 Small Snowflake Doodle Ornament,C25929,,,,,,,,,24,1.0,48,0.9,,,24,Honeyme400,Honeyme160,https://cdn11.bigcommerce.com/s-lbfvygiv1l/images/stencil/original/products/4488/9283/C259291__23941.1754264161.JPG,C259291__23941.1754264161.JPG,,,Honeyme800,C259291__23941.1754264161.JPG,
C25930 Medium Snowflake Doodle Ornament,C25930,,,,,,,,,24,1.25,48,1.125,,,24,Honeyme400,Honeyme160,https://cdn11.bigcommerce.com/s-lbfvygiv1l/images/stencil/original/products/4489/9289/C259301__09362.1754264443.jpg,C259301__09362.1754264443.jpg,,,Honeyme800,C259301__09362.1754264443.jpg,
C25931 Large Snowflake Doodle Ornament,C25931,,,,,,,,,12,1.75,24,1.575,,,12,Honeyme400,Honeyme160,https://cdn11.bigcommerce.com/s-lbfvygiv1l/images/stencil/original/products/4490/9273/C259311__27420.1754259323.JPG,C259311__27420.1754259323.JPG,,,Honeyme800,C259311__27420.1754259323.JPG,
C25932 Medium Snowflake Doodle Sitter,C25932,,,,,,,,,8,3.0,16,2.7,,,8,Honeyme400,Honeyme160,https://cdn11.bigcommerce.com/s-lbfvygiv1l/images/stencil/original/products/4491/9290/C259321__70553.1754264474.JPG,C259321__70553.1754264474.JPG,,,Honeyme800,C259321__70553.1754264474.JPG,
C25933 Large Snowflake Doodle Sitter,C25933,,,,,,,,,6,3.5,12,3.15,,,6,Honeyme400,Honeyme160,https://cdn11.bigcommerce.com/s-lbfvygiv1l/images/stencil/original/products/4492/9274/C259331__46962.1754259357.JPG,C259331__46962.1754259357.JPG,,,Honeyme800,C259331__46962.1754259357.JPG,
C25934 Hanging Snowflake & Snowman Head Doodle with Beads Ornament Set (3A),C25934,,,,,,,,,2,13.0,4,11.700000000000001,,,2,Honeyme400,Honeyme160,https://cdn11.bigcommerce.com/s-lbfvygiv1l/images/stencil/original/products/4493/9291/C259341__28628.1754264504.JPG,C259341__28628.1754264504.JPG,,,Honeyme800,C259341__28628.1754264504.JPG,
C25940 Small Freezer Space Snowman Ornament,C25940,,,,,,,,,24,1.25,48,1.125,,,24,Honeyme400,Honeyme160,https://cdn11.bigcommerce.com/s-lbfvygiv1l/images/stencil/original/products/4494/9298/C259401__81542.1754265196.JPG,C259401__81542.1754265196.JPG,,,Honeyme800,C259401__81542.1754265196.JPG,
C25941 Medium Freezer Space Snowman Ornament,C25941,,,,,,,,,12,2.0,24,1.8,,,12,Honeyme400,Honeyme160,https://cdn11.bigcommerce.com/s-lbfvygiv1l/images/stencil/original/products/4495/9292/C259411__57400.1754264562.jpg,C259411__57400.1754264562.jpg,,,Honeyme800,C259411__57400.1754264562.jpg,
