"This too shall pass, Glass Stone",W-120,"Home|Inspirational|This too shall pass, Glass Stone","This too shall pass. Glass stone, about 1.25"" in diameter. Various colors. There is a minimum order quantity of 6 stones.",,,,,,,6,3.99,10,,,,6,Lifeforce400,Lifeforce160,https://cdn11.bigcommerce.com/s-l8fm6tm/images/stencil/800x800/products/1099/5409/this_too_shall_pass_800__11054.1537453957.jpg?c=2,this_too_shall_pass_800__11054.1537453957.jpg?c=2,,,Lifeforce800,this_too_shall_pass_800__11054.1537453957.jpg?c=2
"Inspiration Magnet, If you can dream it, you can do it.",IM5,"Home|Inspirational|Inspiration Magnet, If you can dream it, you can do it.","If you can dream it, you can do it. I believe that this is true, because what you give your attention to is what you get. Believe it and forces will align to make it happen. Just in case you need reminding, put this beautiful Sea Stone magnet on your fridge. It's 1.25 inches in diameter and made from recycled glass. The frosted sea glass has a satiny finish. The Inspiration Magnets come in a myriad of colors. Please let us choose. There is a minimum order quantity of 6 magnets.",,,,,,,6,4.49,10,,,,6,Lifeforce400,Lifeforce160,https://cdn11.bigcommerce.com/s-l8fm6tm/images/stencil/800x800/products/2467/6284/if_you_can_dream_it__63571.1551989332.jpg?c=2,if_you_can_dream_it__63571.1551989332.jpg?c=2,,,Lifeforce800,if_you_can_dream_it__63571.1551989332.jpg?c=2
"Respect, Glass Stone",F-98,"Home|Individual Items|Glass Stones, Shiny|Focus Stones|Respect, Glass Stone","Respect stone use it as a reward for people who have been considerate of others. This stone is also a part of the Character Builder assortment. Available in multiple colors, and  is an inch and a quarter in diameter. There is a minimum order quantity of 6 stones.",,,,,,,6,3.99,10,,,,6,Lifeforce400,Lifeforce160,https://cdn11.bigcommerce.com/s-l8fm6tm/images/stencil/800x800/products/509/5652/respect_800__11805.1537800009.jpg?c=2,respect_800__11805.1537800009.jpg?c=2,,,Lifeforce800,respect_800__11805.1537800009.jpg?c=2
"Peace with Winter Rose, Language of Flower Heart",FH13,"Home|Individual Items|Hearts|The Language of Flowers Hearts|Peace with Winter Rose, Language of Flower Heart","The Winter Rose represents Peace in the Language of Flowers.
The Language of Flowers hearts are 1.75"" across and come in white, pink and lilac. They come with sheer, heart-shaped pouches, also in white, pink and lilac. There is a minimum order quantity of 6 hearts.",,,,,,,1,17.95,4,,,,1,Lifeforce400,Lifeforce160,https://cdn11.bigcommerce.com/s-l8fm6tm/images/stencil/800x800/products/4309/8697/peace_winter_rose__32106.1653584178.jpg?c=2,peace_winter_rose__32106.1653584178.jpg?c=2,,,Lifeforce800,peace_winter_rose__32106.1653584178.jpg?c=2
"Be still before the Lord and wait patiently for him...Psalm 37:7, Glass Stone",S-6,"Home|Religious|Be still before the Lord and wait patiently for him...Psalm 37:7, Glass Stone","Be still before the Lord and wait patiently for him...Psalm 37:7. Glass stone, 1.25"", various colors. There is a minimum order quantity of 6 stones.",,,,,,,6,3.99,10,,,,6,Lifeforce400,Lifeforce160,https://cdn11.bigcommerce.com/s-l8fm6tm/images/stencil/800x800/products/936/7731/be_still_before_the_lord_opal_orange__47341.1583523425.jpg?c=2,be_still_before_the_lord_opal_orange__47341.1583523425.jpg?c=2,,,Lifeforce800,be_still_before_the_lord_opal_orange__47341.1583523425.jpg?c=2
"I am a friend of Bill's, Glass Stone",W-113,"Home|Inspirational|I am a friend of Bill's, Glass Stone","I am a friend of Bill's. Glass stone, about 1.25"" in diameter. Various colors. There is a minimum order quantity of 6 stones.",,,,,,,6,3.99,10,,,,6,Lifeforce400,Lifeforce160,https://cdn11.bigcommerce.com/s-l8fm6tm/images/stencil/800x800/products/1092/5150/I_am_a_friend_of_bills_800__38830.1536348007.jpg?c=2,I_am_a_friend_of_bills_800__38830.1536348007.jpg?c=2,,,Lifeforce800,I_am_a_friend_of_bills_800__38830.1536348007.jpg?c=2
"Knowledge, Glass Stone",F-108,"Home|Individual Items|Glass Stones, Shiny|Focus Stones|Knowledge, Glass Stone","Knowledge from the focus stone collection would be a great graduation gift, or table decoration. 1.25"" glass stone, assorted colors, if you have a preference please let us know. There is a minimum order quantity of 6 stones.",,,,,,,6,3.99,10,,,,6,Lifeforce400,Lifeforce160,https://cdn11.bigcommerce.com/s-l8fm6tm/images/stencil/800x800/products/405/5632/knowledge_800__25640.1537651455.jpg?c=2,knowledge_800__25640.1537651455.jpg?c=2,,,Lifeforce800,knowledge_800__25640.1537651455.jpg?c=2
"Home USA 250, Wooden Magnet",WMHOME,"Home|Holidays|USA 250|Home USA 250, Wooden Magnet","Home USA 250 Wooden Magnet – Heartfelt Pride for the Red, White & Blue
Celebrate America’s 250th anniversary with our Home USA 250 Wooden Magnet. This bold and colorful design spells out “HOME” with a heart-shaped American flag in place of the “O,” symbolizing love for country and the comforts of home. It’s a cheerful and patriotic touch for fridges, lockers, or office spaces.
Why Choose Our Home USA 250 Wooden Magnet?
Patriotic Design: The stars and stripes pattern makes a vibrant statement of American pride.
Crafted from Real Wood: Durable, eco-conscious, and printed in the USA.
Perfect for All-American Homes: A great gift or addition to your USA 250 collection.
Compact & Gift-Ready: Lightweight and sized to suit any magnetic surface.
A Fun and Festive Way to Say 'Home'
Whether you’re marking a milestone year or simply showing your love for the land you live in, this magnet is a charming way to celebrate what “home” truly means. Ideal for July 4th, housewarmings, or patriotic decor all year round.
Mix and Match
Combine 32 wooden magnets from the collection to reach out lowest wholesale price of $3.50 per magnet. 
 ",,,,,,,1,7,32,,,,1,Lifeforce400,Lifeforce160,https://cdn11.bigcommerce.com/s-l8fm6tm/images/stencil/800x800/products/4677/13192/Home_USA_FLAG_2000x2000_1__27237.1748446385.png?c=2,Home_USA_FLAG_2000x2000_1__27237.1748446385.png?c=2,,,Lifeforce800,Home_USA_FLAG_2000x2000_1__27237.1748446385.png?c=2
"You're an Angel, Glass Stone",L-68,"Home|Individual Items|Glass Stones, Shiny|Love Stones|You're an Angel, Glass Stone","You're an Angel glass stone. Available in the Angel Stone collection and also the Love Stone assortment. Makes a very sweet little gift. Approximately 1.25"" in diameter, available in multiple colors but if you have a preference please let us know. There is a minimum order quantity of 6 stones.",,,,,,,6,3.99,10,,,,6,Lifeforce400,Lifeforce160,https://cdn11.bigcommerce.com/s-l8fm6tm/images/stencil/800x800/products/647/12677/Youre_An_Angel__41756.1743160415.png?c=2,Youre_An_Angel__41756.1743160415.png?c=2,,,Lifeforce800,Youre_An_Angel__41756.1743160415.png?c=2
"Chakra - Sacral, Glass Stone",CK-6,"Home|New Age|Chakra - Sacral, Glass Stone","Sacral Chakra Stones – Balance Your Energy with our Glass Stones
Our Sacral Chakra stones are designed to help balance and energize your sacral chakra, associated with creativity, passion, and emotional well-being. These 1.25"" orange glass stones feature the words Sacral Chakra and it's associated attributes, representing the energy center located just below the navel, responsible for your sense of creativity, sensuality, and connection.
Perfect for meditation, spiritual healing, or as a thoughtful gift. There is a minimum order quantity of 6 stones.",,,,,,,6,3.99,10,,,,6,Lifeforce400,Lifeforce160,https://cdn11.bigcommerce.com/s-l8fm6tm/images/stencil/800x800/products/3441/9556/Sacral_Chakra_ORANGE__45173.1686149628.png?c=2,Sacral_Chakra_ORANGE__45173.1686149628.png?c=2,,,Lifeforce800,Sacral_Chakra_ORANGE__45173.1686149628.png?c=2
Mermaid Message Slate Coasters,,Home|Inspirational|Mermaid Message Slate Coasters,"Mermaid Message Slate Coasters
The law of attraction states that you get what you think about most. When you think positive thoughts, you can attract positive things into your life.
Inspired by one of our best-selling stone assortments, this Mermaid Message Slate Coaster set features 12 words to serve as a gentle reminder to focus on positive affirmations.
What sets our coasters apart from most others on the market is our ability to add colored print to the slate. Our specially developed printing techniques ensure the print will stand the test of time.
Coasters are sold in packs of four and retail for $39.95. They are not dishwasher friendly. The coasters have 4 non-slip feet to prevent scratches and ensure a secure grip on any surface. 
The coasters are tied together with twine so they can be easily displayed.
Our slate is locally sourced and printed in house at our MA facility.
Special Offer for Wholesale Buyers: Mix and match a variety of coaster sets to qualify for our lowest wholesale pricing ($20 per set). Contact us for custom orders.",,,,,,,1,39.95,5,,,,1,Lifeforce400,Lifeforce160,https://cdn11.bigcommerce.com/s-l8fm6tm/images/stencil/800x800/products/4435/9453/IMG_4506_2__22110.1681378454.png?c=2,IMG_4506_2__22110.1681378454.png?c=2,,,Lifeforce800,IMG_4506_2__22110.1681378454.png?c=2
"Kiss Me, I'm Irish, Glass Stone",H-26,"Home|Irish|Kiss Me, I'm Irish, Glass Stone","Kiss Me I'm Irish glass stone, 1.25"" printed on various shades of green. Available singly or by the thousands, depending on how many kisses you're hoping for. There is a minimum order quantity of 6 stones. ",,,,,,,6,3.99,10,,,,6,Lifeforce400,Lifeforce160,https://cdn11.bigcommerce.com/s-l8fm6tm/images/stencil/800x800/products/535/12695/Kiss_Me_Im_Irish_2__03354.1743172349.png?c=2,Kiss_Me_Im_Irish_2__03354.1743172349.png?c=2,,,Lifeforce800,Kiss_Me_Im_Irish_2__03354.1743172349.png?c=2
You are not alone.,L-116,"Home|Individual Items|Glass Stones, Shiny|Love Stones|You are not alone.","You are not alone glass stone. 1.25"" in various colors. There is a minimum order quantity of 6 stones.",,,,,,,6,3.99,10,,,,6,Lifeforce400,Lifeforce160,https://cdn11.bigcommerce.com/s-l8fm6tm/images/stencil/800x800/products/598/5746/you_are_not_alone_800__13391.1537816634.jpg?c=2,you_are_not_alone_800__13391.1537816634.jpg?c=2,,,Lifeforce800,you_are_not_alone_800__13391.1537816634.jpg?c=2
"12 Power Stones, Zeal",1212,"Home|New Age|12 Power Stones, Zeal","12 Power Stones, Zeal, orange glass stone, 1.25"" in diameter. There is a minimum order quantity of 6 stones.",,,,,,,6,3.99,10,,,,6,Lifeforce400,Lifeforce160,https://cdn11.bigcommerce.com/s-l8fm6tm/images/stencil/800x800/products/1237/5542/zeal_800__75297.1537560888.jpg?c=2,zeal_800__75297.1537560888.jpg?c=2,,,Lifeforce800,zeal_800__75297.1537560888.jpg?c=2
"Sea Stone, Replica Sea Glass Stone, Faith",SEA7,"Home|Individual Items|Glass Stones, Frosted|Sea Stones|Sea Stone, Replica Sea Glass Stone, Faith","Beautiful frosted glass stone that says Faith. One and a quarter inches in diameter. Many, many colors. Please trust us to choose. There is a minimum order quantity of 6 stones.",,,,,,,6,3.99,10,,,,6,Lifeforce400,Lifeforce160,https://cdn11.bigcommerce.com/s-l8fm6tm/images/stencil/800x800/products/2255/4400/sea_stone_faith_red__85641.1520541685.jpg?c=2,sea_stone_faith_red__85641.1520541685.jpg?c=2,,,Lifeforce800,sea_stone_faith_red__85641.1520541685.jpg?c=2
"Modern Let All That You Do, Be In Love, Acrylic Magnet",AMAG27,"Home|Hospital|Modern Let All That You Do, Be In Love, Acrylic Magnet","Our modern religious magnets are the perfect addition to any home or setting in which you would like to be reminded of God's messages in a thoughtful way with a modern presentation.
Let love and faith be your guide!
Visually beautiful, with a meaningful message, our magnets are going to attract your attention!
This magnet features the quote: “Let All That You Do, Be in Love - 1 Corinthians 16:14” printed on a pink and white geometric background design with white lettering.
A Perfect gift for those of any age who use scripture in their daily life and apply its timeless message to our modern day world.
Our timeless straightforward designs let the scripture speak for itself.
-Each magnet measures approximately 3.75” x 2.75” x ⅛”
-Made from high quality acrylic
-Digitally printed
-Made in the USA/Massachusetts",,,,,,,1,7,16,,,,1,Lifeforce400,Lifeforce160,https://cdn11.bigcommerce.com/s-l8fm6tm/images/stencil/800x800/products/4510/10717/Let_All_That_You_Do-Camera_7__07845.1712762106.png?c=2,Let_All_That_You_Do-Camera_7__07845.1712762106.png?c=2,,,Lifeforce800,Let_All_That_You_Do-Camera_7__07845.1712762106.png?c=2
"Leadership, Glass Stone",F-94,"Home|Individual Items|Glass Stones, Shiny|Focus Stones|Leadership, Glass Stone","Leadership. Also available in the Character Builder Assortment. Great reward for kids. 1.25"" glass stone, assorted colors. There is a minimum order quantity of 6 stones.",,,,,,,6,3.99,10,,,,6,Lifeforce400,Lifeforce160,https://cdn11.bigcommerce.com/s-l8fm6tm/images/stencil/800x800/products/506/5634/leadership_800__22028.1537651665.jpg?c=2,leadership_800__22028.1537651665.jpg?c=2,,,Lifeforce800,leadership_800__22028.1537651665.jpg?c=2
"Ave Maria, Glass Stone",M-94,"Home|Individual Items|Glass Stones, Shiny|Miscellaneous Stones|Ave Maria, Glass Stone","Ave Maria is Latin for Hail Mary, and is the beginning of a very important prayer in the Catholic faith. These glass stones are 1.25"" in diameter and come in assorted colors. The full prayer is:
Hail Mary, full of grace, the Lord is with thee, blessed art thou among women, and blessed is the fruit of thy womb, Jesus. Holy Mary, Mother of God, pray for us sinners, now and at the hour of our death. Amen.
There is a minimum order quantity of 6 stones.",,,,,,,6,3.99,10,,,,6,Lifeforce400,Lifeforce160,https://cdn11.bigcommerce.com/s-l8fm6tm/images/stencil/800x800/products/2280/5609/ave_maria_800__18522.1537648132.jpg?c=2,ave_maria_800__18522.1537648132.jpg?c=2,,,Lifeforce800,ave_maria_800__18522.1537648132.jpg?c=2
"My Love, My Valentine, Wooden Postcard",PCMLMV,"Home|Holidays|My Love, My Valentine, Wooden Postcard","My Love My Valentine, Wooden Postcard
Share your love with our My Love, My Valentine, Wooden Postcard. Featuring a watercolor illustration of a bold red heart framed by a dreamy blue sky and fluffy clouds, this card expresses deep affection in a unique way. Made from sustainably sourced wood, this eco-friendly Valentine’s Day card offers a heartfelt message—""My love, my valentine""—making it a perfect keepsake for your special someone.
Ideal for both retail and wholesale buyers, this wooden postcard is a memorable way to celebrate Valentine's Day. Whether you're sending a romantic message or stocking up for Valentine's Day sales, this card adds a special touch to any occasion.
Key Features:
Eco-Friendly Material: Crafted from sustainably sourced wood, making it a thoughtful choice for nature lovers.
Heartfelt Design: Beautiful watercolor artwork with a red heart against a dreamy sky.
Durable Keepsake: Designed to last, unlike traditional paper cards, making it a cherished memento.
Ready to Mail: Send it directly through the mail—no envelope required for easy delivery.
Wholesale Options Available: Great for boutique shops or retailers looking for unique Valentine’s Day cards.
Make this Valentine's Day unforgettable with a wooden postcard that shows how much you care. Give a gift that speaks to the heart with our My Love, My Valentine, Wooden Postcard.
To reach our lowest wholesale price of $2.99 per postcard, simply mix and match a total of 16 postcards from our collection. Interested in custom designs? We offer low minimums—contact us for more information on creating your own unique postcards.
To avoid any potential disruption in delivery, we suggest using 2 First Class Stamps.",,,,,,,1,6,16,,,,1,Lifeforce400,Lifeforce160,https://cdn11.bigcommerce.com/s-l8fm6tm/images/stencil/800x800/products/4594/13388/My_Love_My_Valentine_FULL-Camera__05972.1748600981.png?c=2,My_Love_My_Valentine_FULL-Camera__05972.1748600981.png?c=2,,,Lifeforce800,My_Love_My_Valentine_FULL-Camera__05972.1748600981.png?c=2
"If you're lucky enough to be Irish, you're lucky enough, Glass Stone",H-33,"Home|Irish|If you're lucky enough to be Irish, you're lucky enough, Glass Stone","If you're lucky enough to be Irish, you're lucky enough glass stone. This is one of the most common sayings about the Irish, so if you're going to carry Irish inventory, add these stones to your list.  1.25"" printed on various shades of green. There is a minimum order quantity of 6 stones.",,,,,,,6,3.99,10,,,,6,Lifeforce400,Lifeforce160,https://cdn11.bigcommerce.com/s-l8fm6tm/images/stencil/800x800/products/541/12648/If_youre_lucky_enough_to_be_Irish__13365.1743093202.png?c=2,If_youre_lucky_enough_to_be_Irish__13365.1743093202.png?c=2,,,Lifeforce800,If_youre_lucky_enough_to_be_Irish__13365.1743093202.png?c=2
"Peace, Love & Joy, Glass Christmas Ornament",COPLJ,"Home|Religious|Peace, Love & Joy, Glass Christmas Ornament","Peace on Earth, Glass Christmas Ornament
Spread holiday cheer with our adorable Peace, Love & Joy glass Christmas ornament, featuring two charming penguins dressed for the winter season. This 3.25"" round ornament is crafted from high-quality clear glass, beautifully reflecting the lights of your Christmas tree, and printed with the heartwarming message ""Peace, Love & Joy."" The playful design makes this ornament a perfect addition to family holiday decor, adding a touch of fun and joy to your home.
Each glass ornament comes with a festive red ribbon for easy hanging and is packaged in a brown gift box tied with a red ribbon, ready to be gifted to friends, family, or coworkers. This cute yet meaningful clear glass Christmas ornament captures the warmth and joy of the holiday season, making it a delightful keepsake for years to come.
For retailers, Lifeforce Glass offers flexible wholesale options, allowing you to mix and match any 10 ornaments from our collection to receive the best pricing. This ornament is a great choice for gift shops, holiday markets, and family-oriented retailers, providing a fun and festive product that appeals to customers seeking lighthearted yet meaningful holiday decor.
Whether you're decorating your own tree, looking for a sweet gift, or stocking up for your store, this Peace, Love & Joy glass ornament is the perfect blend of joy and festive spirit.
Key Features:
High-quality clear glass with a playful penguin design and peace message printed on it
3.25"" round ornament with red ribbon for hanging
Packaged in a brown gift box with a red ribbon, perfect for gifting
Available for wholesale—mix and match 10+ ornaments for the best price
A fun and festive addition to Christmas tree ornaments and holiday decor
Wholesale Information:
Perfect for gift shops, holiday markets, and family-oriented retailers
Mix and match 10 or more ornaments for the lowest wholesale price
Great for adding fun and joyful decor to holiday collections
Celebrate the season with this joyful Peace, Love & Joy glass Christmas ornament. Whether for personal use or resale, this charming ornament brings festive cheer to every holiday celebration.",,,,,,,1,15.99,10,,,,1,Lifeforce400,Lifeforce160,https://cdn11.bigcommerce.com/s-l8fm6tm/images/stencil/800x800/products/4551/11282/Peace_Love_Joy_Xmas_Branch_2__29909.1727360476.png?c=2,Peace_Love_Joy_Xmas_Branch_2__29909.1727360476.png?c=2,,,Lifeforce800,Peace_Love_Joy_Xmas_Branch_2__29909.1727360476.png?c=2
"God Bless You On Your Graduation, Glass Stone",M-88,"Home|Individual Items|Glass Stones, Shiny|Miscellaneous Stones|God Bless You On Your Graduation, Glass Stone","Buy one ""God Bless You On Your Graduation"" for your favorite graduate or buy in bulk for your bookstore or gift shop. Each stone is approximately 1.25"" in diameter and they come in assorted colors. There is a minimum order quantity of 6 stones.",,,,,,,6,3.99,10,,,,6,Lifeforce400,Lifeforce160,https://cdn11.bigcommerce.com/s-l8fm6tm/images/stencil/800x800/products/2914/13619/God_Bless_You_On_Your_Graduation__80917.1757431299.png?c=2,God_Bless_You_On_Your_Graduation__80917.1757431299.png?c=2,,,Lifeforce800,God_Bless_You_On_Your_Graduation__80917.1757431299.png?c=2
"You Are One In A Shellion, Happy Mother's Day, Wooden Postcard",PCYAOIAS,"Home|Holidays|You Are One In A Shellion, Happy Mother's Day, Wooden Postcard","You Are One In A Shellion, Happy Mother's Day, Wooden Postcard
Make Mother’s Day unforgettable with our You Are One in a Shellion, Wooden Postcard. Featuring a beautiful watercolor seashell design and a playful message, this card is a heartfelt way to show your appreciation. Made from eco-friendly wood, this postcard is a unique keepsake that adds a touch of coastal charm to any space. The vibrant seashell pattern and charming sentiment will remind your mom just how special she is, long after the holiday has passed.
This card offers a delightful blend of durability and sentimentality, making it an ideal choice for thoughtful gift-givers and boutique retailers alike. Send it directly with your personal note on the back, and let your mom know she’s truly one-of-a-kind!
Key Features:
Sustainable, Recycled Material: Crafted from high-quality, eco-friendly wood, making it a green alternative to traditional cards.
Coastal Watercolor Design: A vibrant seashell illustration that brings a touch of the ocean to Mother’s Day.
Lasting Keepsake: Unlike paper cards, this wooden postcard can be cherished for years as a beautiful memory.
Writeable & Mail-Ready: Perfect for adding a personal message and mailing without an envelope.
Ideal for Wholesale & Retail: Great for shops seeking unique Mother’s Day cards that stand out.
Celebrate your mom’s one-in-a-million spirit with our You Are One in a Shellion, Wooden Postcard—a beautiful blend of humor and heart.
To reach our lowest wholesale price of $2.99 per postcard, simply mix and match a total of 16 postcards from our collection. Interested in custom designs? We offer low minimums—contact us for more information on creating your own unique postcards.
To avoid any potential disruption in delivery, we suggest using 2 First Class Stamps.",,,,,,,1,6,16,,,,1,Lifeforce400,Lifeforce160,https://cdn11.bigcommerce.com/s-l8fm6tm/images/stencil/800x800/products/4606/13119/You_Are_One_In_A_Shellion_FULL-Camera__08861.1747144867.png?c=2,You_Are_One_In_A_Shellion_FULL-Camera__08861.1747144867.png?c=2,,,Lifeforce800,You_Are_One_In_A_Shellion_FULL-Camera__08861.1747144867.png?c=2
"I hope you always have a shell in your pocket...and sand in your shoes, Glass Stone",BC4,"Home|Individual Items|Glass Stones, Shiny|Beach Stones|I hope you always have a shell in your pocket...and sand in your shoes, Glass Stone","I hope you always have a shell in your pocket and sand in your shoes. This stone would make a sweet gift or reward for a young adult. Printed on blue, green and teal stones and approximately 1.25"" in diameter. There is a minimum order quantity of 6 stones.",,,,,,,6,3.99,10,,,,6,Lifeforce400,Lifeforce160,https://cdn11.bigcommerce.com/s-l8fm6tm/images/stencil/800x800/products/251/5575/ihopeyoualways_800__62761.1537642410.jpg?c=2,ihopeyoualways_800__62761.1537642410.jpg?c=2,,,Lifeforce800,ihopeyoualways_800__62761.1537642410.jpg?c=2
"The Mermaid's Message Replica Sea Glass Stones, set of six, Set I",Set 69,"Home|Inspirational|The Mermaid's Message Replica Sea Glass Stones, set of six, Set I","These beautiful sea glass stones are printed with the words
Believe
Courage
Hope
Strength
Peace
Wisdom
Each stone is approximately 1.25"" in diameter. The colors are white, blue, teal and green and they seem to glow with a light from within. Your stones will be assorted with these colors and will not necessarily look exactly like the picture.",,,,,,,1,16.49,4,,,,1,Lifeforce400,Lifeforce160,https://cdn11.bigcommerce.com/s-l8fm6tm/images/stencil/800x800/products/1934/12393/The_Mermaids_Message_Set_I_Regular_1__45697.1734107491.png?c=2,The_Mermaids_Message_Set_I_Regular_1__45697.1734107491.png?c=2,,,Lifeforce800,The_Mermaids_Message_Set_I_Regular_1__45697.1734107491.png?c=2
"Geocache Swag III, Set of Six Glass Stones",Geo III,"Home|Small Sets|Set of Six Glass Stones or Magnets|Set of Six Glass Stones, Shiny|Geocache Swag III, Set of Six Glass Stones","You can use this collection for geocaching or buy them for no other reason than that they are pretty, with positive messages. That's a perfectly good reason! Your glass stones are 1.25"" in diameter. This is set III of our three sets of geocache swag. You get:
Be the change you want to see in the world.- Gandhi
4 leaf clover
Possibility
Joy
Laugh
A wonderful journey is ahead.
Care for your glass stones by ensuring no close encounters with change, keys or abrasives. As long as the ink isn't compromised, your stones will last forever.
 ",,,,,,,1,16.49,4,,,,1,Lifeforce400,Lifeforce160,https://cdn11.bigcommerce.com/s-l8fm6tm/images/stencil/800x800/products/1261/5804/geocache_iii_flower_800__97061.1538064919.jpg?c=2,geocache_iii_flower_800__97061.1538064919.jpg?c=2,,,Lifeforce800,geocache_iii_flower_800__97061.1538064919.jpg?c=2
"Best Friends, Glass Stone",L-128,"Home|Individual Items|Glass Stones, Shiny|Love Stones|Best Friends, Glass Stone","Best Friends glass stone, for those moments when you're wanting to express your appreciation for your best friend. Approximately 1.25 inches in diameter and is available in many different colors, if you have a color preference please let us know. There is a minimum order quantity of 6 stones.",,,,,,,6,3.99,10,,,,6,Lifeforce400,Lifeforce160,https://cdn11.bigcommerce.com/s-l8fm6tm/images/stencil/800x800/products/2294/5706/best_friends_800__14793.1537810018.jpg?c=2,best_friends_800__14793.1537810018.jpg?c=2,,,Lifeforce800,best_friends_800__14793.1537810018.jpg?c=2
"If It Is Possible, Romans 12:18, Wooden Postcard",PCITIP,"Home|Hospital|If It Is Possible, Romans 12:18, Wooden Postcard","If It Is Possible, Romans 12:18, Wooden Postcard
Inspire peace and understanding with our If It Is Possible, Romans 12:18 Wooden Postcard. This beautifully crafted card features the encouraging scripture from Romans 12:18: ""If it is possible, as far as it depends on you, live at peace with everyone."" A thoughtful reminder to pursue harmony in our daily lives, this wooden postcard makes for a heartfelt gift or decorative keepsake.
Made from eco-friendly, sustainably sourced wood, this postcard is 4"" x 6"" and 1/8 inch thick, providing a sturdy, durable alternative to traditional paper cards. Whether you're sending a meaningful message or displaying it as a home accent, this postcard brings both beauty and purpose. Available for individual purchase or wholesale, making it a great addition to any store's faith-based product selection.
Key Features:
Inspiring Scripture: Features Romans 12:18 to promote peace and unity.
High-Quality Material: Crafted from sustainably sourced wood, providing durability and an eco-friendly option.
Versatile Use: Ideal for sending as a gift or displaying in a home or office for daily encouragement.
Wholesale Available: Perfect for retailers looking to stock inspirational, faith-based products.
Why Choose the ""If It Is Possible, Romans 12:18"" Wooden Postcard?
Meaningful Gift: A thoughtful way to encourage others to live in peace and understanding.
Durable & Eco-Friendly: Made from high-quality wood, this postcard serves as a lasting keepsake.
Wholesale Options: Available for bulk orders, ideal for gift shops, religious stores, or specialty boutiques focusing on inspirational products.
To reach our lowest wholesale price of $2.99 per postcard, simply mix and match a total of 16 postcards from our collection. Interested in custom designs? We offer low minimums—contact us for more information on creating your own unique postcards.
To avoid any potential disruption in delivery, we suggest using 2 First Class Stamps.",,,,,,,1,6,16,,,,1,Lifeforce400,Lifeforce160,https://cdn11.bigcommerce.com/s-l8fm6tm/images/stencil/800x800/products/4584/13320/Romans_12_18_FULL-Camera__56355.1748532576.png?c=2,Romans_12_18_FULL-Camera__56355.1748532576.png?c=2,,,Lifeforce800,Romans_12_18_FULL-Camera__56355.1748532576.png?c=2
"Chakra - Heart, Glass Stone",CK-4,"Home|New Age|Chakra - Heart, Glass Stone","This stone has the Heart Chakra with the attributes associated with it printed on a Green colored glass stone.
Each stone is approximately 1.25 inches in diameter. There is a minimum order quantity of 6 stones.",,,,,,,6,3.99,10,,,,6,Lifeforce400,Lifeforce160,https://cdn11.bigcommerce.com/s-l8fm6tm/images/stencil/800x800/products/3439/9555/Heart_Chakra_MED._GREEN__34239.1686149547.png?c=2,Heart_Chakra_MED._GREEN__34239.1686149547.png?c=2,,,Lifeforce800,Heart_Chakra_MED._GREEN__34239.1686149547.png?c=2
"Crab, Glass Stone",BC2,"Home|Individual Items|Glass Stones, Shiny|Beach Stones|Crab, Glass Stone","Crab, printed on blue, green and teal glass stones. 1.25"" in diameter, approximately. There is a minimum order quantity of 6 stones. We can also customize this crab if you own a souvenir shop and would like to add the name of your city under the crab. just a minimum of 100 for custom orders. ",,,,,,,6,3.99,10,,,,6,Lifeforce400,Lifeforce160,https://cdn11.bigcommerce.com/s-l8fm6tm/images/stencil/800x800/products/249/5381/crab_800__15505.1537389931.jpg?c=2,crab_800__15505.1537389931.jpg?c=2,,,Lifeforce800,crab_800__15505.1537389931.jpg?c=2
"Sea Stone, Replica Sea Glass Stone, I Love You",SEA50,"Home|Individual Items|Glass Stones, Frosted|Sea Stones|Sea Stone, Replica Sea Glass Stone, I Love You","Beautiful frosted glass stone that says I Love You. It comes in a myriad of colors, mostly in the Valentine range. 1.25"" in diameter. There is a minimum order quantity of 6 stones.",,,,,,,6,3.99,10,,,,6,Lifeforce400,Lifeforce160,https://cdn11.bigcommerce.com/s-l8fm6tm/images/stencil/800x800/products/2999/4813/sea_stone_i_love_you_800__56614.1533663254.jpg?c=2,sea_stone_i_love_you_800__56614.1533663254.jpg?c=2,,,Lifeforce800,sea_stone_i_love_you_800__56614.1533663254.jpg?c=2
"Bienaventurados los que oyen la palabra de Dios, y la guardan. S Lucas 11:28",S-122,"Home|Individual Items|Glass Stones, Shiny|Spanish Scripture Stones|Bienaventurados los que oyen la palabra de Dios, y la guardan. S Lucas 11:28","Bienaventurados los que oyen la palabra de Dios, y la guardan. S Lucas 11:28 (Blessed are those who hear the word of God, and keep it. Luke 11:28) Diversify your Scripture Stone collection with some verses in Spanish. The stones are made of translucent and opaque glass, and they come in a myriad of colors. Each one is approximately 1.25"" in diameter. There is a minimum order quantity of 6 stones.",,,,,,,6,3.99,10,,,,6,Lifeforce400,Lifeforce160,https://cdn11.bigcommerce.com/s-l8fm6tm/images/stencil/800x800/products/3961/7690/bienaventurados_los_que_oyen__74974.1581532607.jpg?c=2,bienaventurados_los_que_oyen__74974.1581532607.jpg?c=2,,,Lifeforce800,bienaventurados_los_que_oyen__74974.1581532607.jpg?c=2
Tiger's Eye Worry Stone,TEWS,Home|Hospital|Tiger's Eye Worry Stone,"Tiger's Eye Worry Stone – Boost Willpower, Confidence, and Resilience
Unleash your inner strength and embrace confidence with our Tiger's Eye Worry Stone. Known for its grounding and empowering energy, this worry stone is the perfect companion for those looking to enhance their willpower, enthusiasm, and emotional resilience.
Why Choose Our Tiger's Eye Worry Stone?
Genuine Tiger's Eye Crystal: Crafted from authentic Tiger's Eye, this worry stone is expertly polished to a smooth finish, offering a tactile and grounding experience. Its golden-brown bands reflect the strength and courage associated with this powerful crystal, known for inspiring confidence and resilience.
Motivational Printed Words: Each stone is printed with five empowering words: Willpower, Compassion, Enthusiasm, Confidence, Resilience. These words serve as daily affirmations, guiding you to embrace courage, show compassion, and push forward with determination.
The Empowering Energy of Tiger's Eye:
Tiger's Eye is celebrated for its ability to:
Boost willpower and determination, helping you stay focused on your goals.
Inspire confidence, enabling you to face challenges with courage and self-assurance.
Foster resilience, allowing you to overcome obstacles and bounce back from adversity.
Encourage compassion, balancing strength with empathy and understanding.
Ignite enthusiasm, making it easier to approach life’s tasks with positivity and passion.
Carry Strength and Confidence With You
At approximately 1.6 inches in length, this Tiger's Eye Worry Stone is designed for easy portability. Whether you’re preparing for a big presentation, navigating a challenging day, or simply need a boost of confidence, holding this stone helps channel its empowering energy and keeps you grounded.
A Perfect Gift for Personal Empowerment
This Tiger's Eye Worry Stone is an ideal gift for anyone seeking to strengthen their willpower, boost their confidence, or build emotional resilience. It’s also available as part of our Worry Stone Assortment, allowing you to experience the benefits of multiple crystals.
Care Instructions
To maintain the beauty of the printed words on your Tiger's Eye Worry Stone, handle it gently and avoid contact with sharp objects.",,,,,,,1,9.99,15,,,,1,Lifeforce400,Lifeforce160,https://cdn11.bigcommerce.com/s-l8fm6tm/images/stencil/800x800/products/4615/11837/Tigers_Eye_White_Background__70068.1730391245.png?c=2,Tigers_Eye_White_Background__70068.1730391245.png?c=2,,,Lifeforce800,Tigers_Eye_White_Background__70068.1730391245.png?c=2
You Are Loved Frosted Glass Heart,HRT34,Home|Individual Items|Hearts|Classic Frosted Glass Hearts|You Are Loved Frosted Glass Heart,"You Are Loved Frosted Glass Heart
""You Are Loved"" is a statement that could be comforting, affirming, reassuring or even thrilling, depending on how it's intended. It could be given as a statement of friendship, a declaration of affection or a reminder that God loves us. At any rate, it's a phrase we should have had in our heart collection from the beginning- it's pretty fundamental. It is now included in our Heart Assortment and available individually. The base price is $6.99 and the price goes down in quantity. 
Our exquisite frosted glass hearts come in white, pink and lilac and have a satiny finish. They are about 1.75"" across and maybe a quarter of an inch thick. Each heart comes with a sheer, heart shaped pouch. The lilac is a mysterious color that is a muted lavender under fluorescent light and a totally different vibrant lilac in natural light. 
I see these hearts given to loved ones undergoing challenges, to conference attendees, to congregations, for practitioners, counselors, so many applications. I wish I'd thought of it sooner. There is a minimum order quantity of 6 hearts.
 ",,,,,,,1,17.95,4,,,,1,Lifeforce400,Lifeforce160,https://cdn11.bigcommerce.com/s-l8fm6tm/images/stencil/800x800/products/3930/7593/you_are_loved_pink_1__28837.1580157051.jpg?c=2,you_are_loved_pink_1__28837.1580157051.jpg?c=2,,,Lifeforce800,you_are_loved_pink_1__28837.1580157051.jpg?c=2
"Kindness, Glass Stone",F-78,"Home|Individual Items|Glass Stones, Shiny|Focus Stones|Kindness, Glass Stone","Spread a message of kindness with the Kindness Glass Stone from Lifeforce Glass. This beautifully crafted 1.25"" glass stone, available in assorted colors, is perfect for reminding us of the importance of being kind. Ideal as a thoughtful gift, reward for kids, or as a decorative piece, this stone promotes positivity and goodwill. Whether given to a friend, used in a classroom, or displayed at home, it serves as a constant reminder to practice kindness in our daily lives. There is a minimum order quantity of 6 stones.",,,,,,,6,3.99,10,,,,6,Lifeforce400,Lifeforce160,https://cdn11.bigcommerce.com/s-l8fm6tm/images/stencil/800x800/products/495/5631/kindness_800__32782.1537651379.jpg?c=2,kindness_800__32782.1537651379.jpg?c=2,,,Lifeforce800,kindness_800__32782.1537651379.jpg?c=2
What would you attempt to do if you knew you could not fail? Glass Stone,W-98,Home|Inspirational|What would you attempt to do if you knew you could not fail? Glass Stone,"What would you attempt to do if you knew you could not fail? Glass stone. Inspiration and Motivation in the palm of you hand. about 1.25"" in diameter. Various colors. There is a minimum order quantity of 6 stones.",,,,,,,6,3.99,10,,,,6,Lifeforce400,Lifeforce160,https://cdn11.bigcommerce.com/s-l8fm6tm/images/stencil/800x800/products/1184/5410/what_would_you_attempt_to_do_800__82063.1537454014.jpg?c=2,what_would_you_attempt_to_do_800__82063.1537454014.jpg?c=2,,,Lifeforce800,what_would_you_attempt_to_do_800__82063.1537454014.jpg?c=2
"If you're lucky enough to be at the beach, you're lucky enough, Glass Stone",BC6,"Home|Individual Items|Glass Stones, Shiny|Beach Stones|If you're lucky enough to be at the beach, you're lucky enough, Glass Stone","If you're lucky enough to be at the beach, you're lucky enough. Do you own a souvenir shop? These stones are an inexpensive gift to bring home to friends and family. Printed on blue, green and teal stones and approximately 1.25"" in diameter. There is a minimum order quantity of 6 stones.",,,,,,,6,3.99,10,,,,6,Lifeforce400,Lifeforce160,https://cdn11.bigcommerce.com/s-l8fm6tm/images/stencil/800x800/products/253/5572/ifyoureluckyenoughbeach_800__52935.1537642311.jpg?c=2,ifyoureluckyenoughbeach_800__52935.1537642311.jpg?c=2,,,Lifeforce800,ifyoureluckyenoughbeach_800__52935.1537642311.jpg?c=2
Nativity Inspired Slate Coasters,SCNAT,Home|Holidays|Nativity Inspired Slate Coasters,"Nativity-Inspired Slate Coasters – Set of 4
Celebrate the true spirit of Christmas with our Nativity-Inspired Slate Coasters. Designed with Christian-themed artwork that reflects the timeless story of the Nativity, these coasters are perfect for adding a meaningful touch to holiday gatherings. Made from high-quality, natural slate, they offer both durability and style, making them an ideal choice for stores catering to the Christian community this holiday season.
Each coaster in this beautifully printed set features a design inspired by the Nativity scene, serving as a gentle reminder of the religious significance of Christmas. Whether used as decor for a Christmas dinner or as a thoughtful gift, these coasters are the perfect way to bring a sense of reverence and festive cheer to any home.
Key Features:
Faith-Based Designs: The Nativity-inspired artwork on each coaster highlights the beauty and significance of the Christmas story, making them a great fit for faith-based retailers and customers looking to celebrate the season with Christian-themed decor.
High-Quality, Natural Slate: Handcrafted from locally sourced, natural slate, each coaster has its own unique texture and edges, giving it an authentic, rustic appeal. These coasters are as durable as they are beautiful, designed to last through many Christmas seasons.
Non-Slip Feet for Protection: Each coaster is equipped with 4 non-slip feet, preventing scratches on furniture and ensuring a secure grip on any surface. Ideal for protecting tables from drink stains while adding a touch of spirituality to your decor.
Perfect for Gifting: These coasters make a meaningful gift for anyone who celebrates the Christian faith or for those looking for religious holiday decor. Ideal for faith-based gift shops, church fundraisers, or as a beautiful addition to any Christian household during the holiday season.
Product Specifications:
Set of 4 coasters featuring Nativity-inspired designs.
Dimensions: Each coaster measures approximately 4” x 4”, offering a perfect size for various types of drinkware.
Packaging: Each set is tied with rustic twine and shrink-wrapped, ready for easy display in retail environments or for gifting.
Retail Price: Priced at $39.95, this set offers excellent value for customers seeking Christian-themed holiday gifts.
Locally Sourced and Printed: Proudly crafted and printed in-house at our Massachusetts facility, ensuring attention to detail and support for local craftsmanship.
Why Choose Lifeforce Glass Nativity-Inspired Slate Coasters?
Retailers and wholesale buyers will love the faith-based designs, durability, and artisan craftsmanship of these coasters. Perfect for:
Christian gift shops
Religious retailers
Churches and faith-based organizations
Holiday markets
Home decor stores focused on faith-inspired products
These coasters offer a perfect blend of meaningful design and practicality, making them an easy addition to any retailer's seasonal inventory. Wholesale buyers can benefit from bulk purchasing options, allowing them to stock up on these popular, faith-centered holiday items.
Special Offer for Wholesale Buyers: Mix and match a variety of coaster sets to qualify for our lowest wholesale pricing ($20 per set). Contact us for custom orders.",,,,,,,1,39.95,5,,,,1,Lifeforce400,Lifeforce160,https://cdn11.bigcommerce.com/s-l8fm6tm/images/stencil/800x800/products/4451/9886/IMG-8626__47840.1697118085.jpg?c=2,IMG-8626__47840.1697118085.jpg?c=2,,,Lifeforce800,IMG-8626__47840.1697118085.jpg?c=2
"Trinity Knot, Wooden Postcard",PCTK,"Home|Irish|Trinity Knot, Wooden Postcard","Trinity Knot Wooden Postcard – Celebrate Celtic Heritage
Embrace the timeless beauty of Irish culture with our Trinity Knot Wooden Postcard. Featuring the iconic Trinity Knot design against a rustic wood-style background, this postcard symbolizes eternity, unity, and the interconnectedness of mind, body, and spirit. Perfect for celebrating St. Patrick’s Day or as a thoughtful gift for Irish-themed occasions.
Why Choose Our Trinity Knot Wooden Postcard?
Premium Material: Made from eco-friendly wood, this sturdy and lightweight postcard is perfect for mailing or displaying.
Rich Celtic Design: The bold Trinity Knot, accented by an intricate border, highlights Ireland's rich heritage and spiritual traditions.
Symbolic Meaning: The Trinity Knot represents eternal love, faith, and unity, making this postcard a meaningful keepsake or décor piece.
Year-Round Appeal: Ideal for St. Patrick’s Day, Irish gift shops, or anyone who appreciates Celtic art and tradition, this postcard is suitable for all occasions.
Celtic Charm in Every Detail
Measuring approximately 4 x 6 inches, this wooden postcard blends modern craftsmanship with a timeless design. Use it as a heartfelt greeting, unique décor, or as part of an Irish-themed gift collection.
A Meaningful Gift for Every Occasion
The Trinity Knot Wooden Postcard is a thoughtful and symbolic gift for loved ones, celebrating Irish culture, unity, and faith. Pair it with other items from our wooden postcard collection for an unforgettable gift.
To reach our lowest wholesale price of $2.99 per postcard, simply mix and match a total of 16 postcards from our collection. Interested in custom designs? We offer low minimums—contact us for more information on creating your own unique postcards.
To avoid any potential disruption in delivery, we suggest using 2 First Class Stamps.",,,,,,,1,6,16,,,,1,Lifeforce400,Lifeforce160,https://cdn11.bigcommerce.com/s-l8fm6tm/images/stencil/800x800/products/4630/13106/Trinity_Knot_FULL-Camera__99159.1747061364.png?c=2,Trinity_Knot_FULL-Camera__99159.1747061364.png?c=2,,,Lifeforce800,Trinity_Knot_FULL-Camera__99159.1747061364.png?c=2
Fruit of the Spirit Glass Stone- Love,FS-4,"Home|Individual Items|Glass Stones, Shiny|Fruits of the Spirit Stones|Fruit of the Spirit Glass Stone- Love","Fruit of the Spirit, Love. 1.25"" glass stone, assorted colors. There is a minimum order quantity of 6 stones.",,,,,,,6,3.99,10,,,,6,Lifeforce400,Lifeforce160,https://cdn11.bigcommerce.com/s-l8fm6tm/images/stencil/800x800/products/516/5374/fruits_love_800__87974.1537388229.jpg?c=2,fruits_love_800__87974.1537388229.jpg?c=2,,,Lifeforce800,fruits_love_800__87974.1537388229.jpg?c=2
Evil Eye Stone Assortment,EEA,Home|New Age|Evil Eye Stone Assortment,"Evil Eye Stones
The evil eye is a look or stare that is believed to bring bad luck for the person at whom it is directed for reasons of jealousy or dislike.
It is believed that the Evil Eye / Mal de Ojo / Nazar is a spiritual shield that protects against various forms of bad luck that is willed onto you by others. It is also believed that if your Evil Eye cracks or breaks it has done its job of protecting you from some misfortune and should be replaced.
Each Evil Eye Stone is approximately 1.25"" in diameter. The stones come in blue, orange, green, white and yellow - each with a different meaning. Your customers are going to snatch these up.
Blue Evil Eye Stone - Self Protection
Orange Evil Eye Stone - Happiness and Protection
Green Evil Eye Stone - Balance in Life
White Evil Eye Stone - Purity and Focus
Yellow Evil Eye Stone - Protect Your Health
The Significance of Evil Eye Stones
Evil eye stones have been used across various cultures for centuries as symbols of protection and good fortune. They are often carried as amulets, placed in homes, or given as gifts to convey protection and positive energy. Each color variation of the evil eye stone adds a layer of personalized meaning, making these stones not just protective charms but also meaningful tokens of goodwill.
Uses and Benefits
These stones can be used in multiple ways to harness their protective powers:
Personal Amulets: Carry them in your pocket or purse for constant protection.
Home Decor: Place them in your living space to safeguard your home from negative energy.
Gifts: Share them with friends and family to convey your wishes for their protection and happiness.
Explore our collection of evil eye stones today and find the perfect one to match your needs and style. Let these powerful stones serve as your daily guardians, offering you peace of mind and a sense of security.
Made in MA, USA . Cost per stone is $1.25, and they typically retail for $3.99 each.",,,,,,,1,125,5,,,,1,Lifeforce400,Lifeforce160,https://cdn11.bigcommerce.com/s-l8fm6tm/images/stencil/800x800/products/4430/9710/IMG_2804__16605__59650.1689868600.jpg?c=2,IMG_2804__16605__59650.1689868600.jpg?c=2,,,Lifeforce800,IMG_2804__16605__59650.1689868600.jpg?c=2
"Celtic Cross 3, Glass Stone",M-90,"Home|Individual Items|Glass Stones, Shiny|Miscellaneous Stones|Celtic Cross 3, Glass Stone",We chose this cross for our updated Catholic assortment. They are printed on various colors of glass stones. The size is 1.25 by 1.25 inches. There is a minimum order quantity of 6 stones.,,,,,,,6,3.99,10,,,,6,Lifeforce400,Lifeforce160,https://cdn11.bigcommerce.com/s-l8fm6tm/images/stencil/800x800/products/2277/5592/celtic_cross_3_800__92796.1537646406.jpg?c=2,celtic_cross_3_800__92796.1537646406.jpg?c=2,,,Lifeforce800,celtic_cross_3_800__92796.1537646406.jpg?c=2
"Ernest Holmes- I ask, certain that I shall receive, Glass Stone",E-4,"Home|Individual Items|Glass Stones, Shiny|New Thought|Ernest Holmes- I ask, certain that I shall receive, Glass Stone","Ernest Holmes quote- I ask, certain that I shall receive. 1.25"" glass stone, assorted colors. There is a minimum order quantity of 6 stones.",,,,,,,6,3.99,10,,,,6,Lifeforce400,Lifeforce160,https://cdn11.bigcommerce.com/s-l8fm6tm/images/stencil/800x800/products/386/5343/iaskcertainthat_800__09008.1537305425.jpg?c=2,iaskcertainthat_800__09008.1537305425.jpg?c=2,,,Lifeforce800,iaskcertainthat_800__09008.1537305425.jpg?c=2
"The Mermaid's Message, Red Hibiscus, Sea Glass Stone",MM64,"Home|Individual Items|Glass Stones, Frosted|The Mermaid's Message, Hawaiian Images|The Mermaid's Message, Red Hibiscus, Sea Glass Stone","One of the prettiest things we have done yet with our digital printer is this beautiful red hibiscus on Mermaid Message stones. The stones are marine colors: blues, teal, green and white and are 1.25 inches in diameter, approximately. There is a minimum order quantity of 6 stones.",,,,,,,6,3.99,10,,,,6,Lifeforce400,Lifeforce160,https://cdn11.bigcommerce.com/s-l8fm6tm/images/stencil/800x800/products/3431/12711/Red_Hibiscus_Teal__46964.1743173828.png?c=2,Red_Hibiscus_Teal__46964.1743173828.png?c=2,,,Lifeforce800,Red_Hibiscus_Teal__46964.1743173828.png?c=2
"Festival Glass, Believe",FG2,"Home|Individual Items|Glass Stones, Shiny|Festival Glass|Festival Glass, Believe","Believe is imprinted on Festival Glass. Approximately 1.25 inches in diameter and is available in the festival glass colors; swirly green, swirly red, swirly blue and a swirly white. There is a minimum order quantity of 6 stones.",,,,,,,6,3.99,10,,,,6,Lifeforce400,Lifeforce160,https://cdn11.bigcommerce.com/s-l8fm6tm/images/stencil/800x800/products/2062/6377/Believe__15949.1552334594.jpg?c=2,Believe__15949.1552334594.jpg?c=2,,,Lifeforce800,Believe__15949.1552334594.jpg?c=2
